category,title,url,publish_date,issuing_authority,legal_hierarchy,effective_date
中央法规,中证指数有限公司关于发布中证港股通人工智能应用指数的公告,https://www.pkulaw.com/chl/9c3abea53d9fd918bdfb.html,2026.09.11,中证指数有限公司,行业规定,2026.09.11
地方法规,天津市交通运输委员会关于印发《天津市“人工智能+交通运输”行动方案》的通知,https://www.pkulaw.com/lar/ba30f56661d125e49e42d879e3f69919bdfb.html,2026.09.10,天津市交通运输委员会,地方工作文件,2026.09.10
中央法规,工业和信息化部等九部门关于印发《智能网联新能源汽车产业发展“十五五”规划》的通知,https://www.pkulaw.com/chl/9f7aea42ae2025cdbdfb.html,2026.09.09,国家互联网信息办公室,部门规章；部门工作文件,2026.09.09
中央法规,交通运输部海事局关于发布《全国客船危险品船智能监控管理系统数据对接规范2.0》的通告(2026修订),https://www.pkulaw.com/chl/7808016cd88cc75abdfb.html,2026.09.09,中华人民共和国海事局,部门规章；部门工作文件,2026.09.09
地方法规,河北省工业和信息化厅关于公布先进级智能工厂的通知,https://www.pkulaw.com/lar/6809386798e6a981a654329fc6be9e56bdfb.html,2026.09.09,河北省工业和信息化厅,地方工作文件,2026.09.09
地方法规,内蒙古自治区公共资源交易中心关于上线水利工程项目工程量清单智能辅助评审功能的通知,https://www.pkulaw.com/lar/ca2149a5d8781e9a2290558ef38b2c71bdfb.html,2026.09.09,内蒙古自治区公共资源交易管理服务中心,地方工作文件,2026.09.09
地方法规,拉萨市科学技术局、拉萨市自然资源局、尼木县自然资源和林业草原局关于发布琼穆岗嘎冰川智能监测系统及示范应用“揭榜挂帅”制项目榜单的通知,https://www.pkulaw.com/lar/32b108cdd2124aeb5b3c69687abd27a8bdfb.html,2026.09.09,尼木县其他机构,地方工作文件,2026.09.09
地方法规,珠海市民政局关于同意珠海市智能家居装备产业创新联合促进会变更登记的批复,https://www.pkulaw.com/lar/d30f750f30bfaf04b1546ca45f2ef8a7bdfb.html,2026.09.08,珠海市民政局,地方工作文件,2026.09.08
地方法规,南平市生态环境局关于批复康明克斯(福建)机电设备有限公司高端智能装备建设项目环境影响报告表的函,https://www.pkulaw.com/lar/6a300e9be5c4ea3927b34bf45407c761bdfb.html,2026.09.08,南平市生态环境局,地方工作文件,2026.09.08
中央法规,最高人民法院关于依法审理涉人工智能纠纷案件的意见,https://www.pkulaw.com/chl/088a22e2f79e99f5bdfb.html,2026.09.07,最高人民法院,司法解释；司法解释性质文件,2026.09.07
地方法规,唐山市工业和信息化局关于公布唐山市中小企业数字化转型试点城市第八批试点企业的通知,https://www.pkulaw.com/lar/8b09b8fef25c5b44c15a9fb153f4cdc1bdfb.html,2026.09.07,唐山市工业和信息化局,地方工作文件,2026.09.07
中央法规,中国劳动关系学院2026年研究生AI课程建设购买制作服务项目竞争性磋商公告,https://www.pkulaw.com/chl/7f236d2b405d19f4bdfb.html,2026.09.04,中国劳动关系学院,团体规定,2026.09.04
地方法规,广州市发展和改革委员会关于图灵新智运科技(广州)有限公司推理算力中心建设项目节能报告的审查意见,https://www.pkulaw.com/lar/443ca117e23dd8f814da061567954f36bdfb.html,2026.09.04,广州市发展和改革委员会,地方工作文件,2026.09.04
地方法规,上海市市场监督管理局关于批准上海市智能网联汽车及应用标准化技术委员会换届的公告,https://www.pkulaw.com/lar/0e6744329996bb70af3346e0fce883afbdfb.html,2026.09.03,上海市市场监督管理局,地方工作文件,2026.09.03
中央法规,商务部等8部门关于印发《促进智能家居消费行动方案》的通知,https://www.pkulaw.com/chl/5f9596d06b3e7591bdfb.html,2026.09.02,国家市场监督管理总局,部门规章；部门工作文件,2026.09.02
中央法规,工业和信息化部关于印发《“人工智能+软件”专项行动实施方案》的通知,https://www.pkulaw.com/chl/d0d010c1855a8f2cbdfb.html,2026.09.02,工业和信息化部,部门规章；部门工作文件,2026.09.02
中央法规,中证指数有限公司关于发布中证人工智能应用软件臻选指数等4条指数的公告,https://www.pkulaw.com/chl/3c3e64600f8aa994bdfb.html,2026.09.01,中证指数有限公司,行业规定,2026.09.01
中央法规,上海证券交易所、中证指数有限公司关于发布上证科创板人工智能应用臻选指数的公告,https://www.pkulaw.com/chl/b2d1725dee60ba12bdfb.html,2026.09.01,中证指数有限公司,行业规定,2026.09.01
中央法规,上海证券交易所关于长江证券股份有限公司终止为易方达上证科创板人工智能交易型开放式指数证券投资基金提供主做市服务的公告,https://www.pkulaw.com/chl/3b32c0abceb4a544bdfb.html,2026.09.01,上海证券交易所,行业规定,2026.09.01
中央法规,中华人民共和国工业和信息化部、住房和城乡建设部、交通运输部、农业农村部、国家能源局公告2026年第24号——关于公布智能光伏典型案例公告名单的公告,https://www.pkulaw.com/chl/bff751c70a6fa48ebdfb.html,2026.09.01,国家能源局,部门规章；部门工作文件,2026.09.01
地方法规,福建省住房和城乡建设厅关于公布住建领域人工智能应用场景解决方案(第一批)的通知,https://www.pkulaw.com/lar/86ef4c244b43218998385c7525acb52dbdfb.html,2026.09.01,福建省住房和城乡建设厅,地方工作文件,2026.09.01
地方法规,广东省科学技术厅关于组织申报2027年度广东省重点领域研发计划“人工智能”专项项目的通知,https://www.pkulaw.com/lar/ec455f930d59a37a509f63434bd4f04abdfb.html,2026.09.01,广东省科学技术厅,地方工作文件,2026.09.01
地方法规,惠州市工业和信息化局关于公布惠州市省级中小企业数字化转型城市试点第六批数字化产品清单的通知,https://www.pkulaw.com/lar/21556c26547b73c0ca836515e1fbd0b9bdfb.html,2026.09.01,惠州市工业和信息化局,地方工作文件,2026.09.01
地方法规,深圳律师使用人工智能(AI)辅助执业操作指引(2026)(试行),https://www.pkulaw.com/lar/823ce607c89a731f750a395352c4d135bdfb.html,2026.09.01,深圳市律师协会,地方规范性文件,2026.08.13
中央法规,国家互联网信息办公室关于发布生成式人工智能服务已备案信息的公告(2026年7月至8月),https://www.pkulaw.com/chl/61f9e277f99ca221bdfb.html,2026.09,国家互联网信息办公室,部门规章；部门工作文件,2026.09
中央法规,促进数字化绿色化协同转型发展实施方案(2026―2030年),https://www.pkulaw.com/chl/52463fcb508a1519bdfb.html,2026.09,商务部,部门规章；部门工作文件,2026.09
中央法规,上海证券交易所关于国信证券股份有限公司为华夏中证人工智能主题交易型开放式指数证券投资基金提供一般做市服务的公告,https://www.pkulaw.com/chl/3e5c7502c46523debdfb.html,2026.08.31,上海证券交易所,行业规定,2026.08.31
中央法规,上海证券交易所关于国信证券股份有限公司为华富中证人工智能产业交易型开放式指数证券投资基金提供一般做市服务的公告,https://www.pkulaw.com/chl/ebc8f7bb2bf93699bdfb.html,2026.08.31,上海证券交易所,行业规定,2026.08.31
中央法规,上海证券交易所关于国信证券股份有限公司为银华上证科创板人工智能交易型开放式指数证券投资基金提供一般做市服务的公告,https://www.pkulaw.com/chl/171a0e4778247624bdfb.html,2026.08.31,上海证券交易所,行业规定,2026.08.31
中央法规,上海证券交易所关于国信证券股份有限公司为易方达上证科创板人工智能交易型开放式指数证券投资基金提供一般做市服务的公告,https://www.pkulaw.com/chl/c840313ccb07ce29bdfb.html,2026.08.31,上海证券交易所,行业规定,2026.08.31
地方法规,上海市浦东新区数据局关于浦东新区智能金融服务系统项目建设方案的批复,https://www.pkulaw.com/lar/2cb399f6b4e49e3068e66a559353b5b6bdfb.html,2026.08.31,上海市浦东新区其他机构,地方工作文件,2026.08.31
地方法规,上海市浦东新区数据局关于浦东新区政务智能底座建设项目建设方案的批复,https://www.pkulaw.com/lar/59fe7dc4ef2b746bd941a794d3a0c4ebbdfb.html,2026.08.31,上海市浦东新区其他机构,地方工作文件,2026.08.31
地方法规,北京经济技术开发区管理委员会关于印发《北京经济技术开发区关于支持人工智能原生人才发展的若干措施》的通知,https://www.pkulaw.com/lar/fc0bf4be1635c61a3c31f71e75f17aebbdfb.html,2026.08.31,北京市经济技术开发区管理委员会,地方工作文件,2026.08.31
中央法规,中国互联网协会关于发布《企业集团财务公司数智化转型成熟度模型》等6项团体标准立项的公告,https://www.pkulaw.com/chl/c2dd4d2d9a14f2f1bdfb.html,2026.08.31,中国互联网协会,行业规定,2026.08.31
地方法规,上海市浦东新区数据局关于浦东新区网络餐饮AI智慧监管 建设项目建设方案的批复,https://www.pkulaw.com/lar/fc39ab78bd557855e50667fbc349416fbdfb.html,2026.08.31,上海市浦东新区其他机构,地方工作文件,2026.08.31
中央法规,工业和信息化部办公厅关于印发《人工智能中小企业创业支持计划(2026―2028年)》的通知,https://www.pkulaw.com/chl/755009b4be489743bdfb.html,2026.08.29,工业和信息化部,部门规章；部门工作文件,2026.08.29
中央法规,中国互联网协会关于征集《人工智能数据智能体总体要求》团体标准参编单位的通知,https://www.pkulaw.com/chl/7c281b946ff413f2bdfb.html,2026.08.28,中国互联网协会,行业规定,2026.08.28
地方法规,齐齐哈尔市人民政府关于印发《齐齐哈尔市深入实施“人工智能+”行动工作方案》的通知,https://www.pkulaw.com/lar/12dc48a06411c750d25fcad2461b3db7bdfb.html,2026.08.28,齐齐哈尔市人民政府,地方工作文件,2026.08.28
地方法规,深圳市工业和信息化局、深圳市发展和改革委员会、深圳市科技创新局关于印发《深圳市推动人工智能与应用发展行动计划(2026—2028年)》的通知,https://www.pkulaw.com/lar/0d50a28a03d0b285879febb219afcf9dbdfb.html,2026.08.28,深圳市科技创新局,地方工作文件,2026.08.28
中央法规,中国互联网协会关于发布《AI增强的研发运营一体化成熟度模型 第1部分：平台技术要求》等11项团体标准立项的公告,https://www.pkulaw.com/chl/2f8e534c6db2c3dfbdfb.html,2026.08.28,中国互联网协会,行业规定,2026.08.28
地方法规,北京经济技术开发区信息技术产业局关于开展经开区2026年上半年“算力券”申报的通知,https://www.pkulaw.com/lar/6f5bee3982c414534f97bef8c7dde4e3bdfb.html,2026.08.28,北京经济技术开发区信息技术产业局,地方工作文件,2026.08.28
地方法规,汕头市工业和信息化局关于下达省级中小企业数字化转型城市试点专项资金(制造业数字化改造方向)第六批入库项目计划的通知,https://www.pkulaw.com/lar/e98757f32b61103a6801f69025d7ac89bdfb.html,2026.08.28,汕头市工业和信息化局,地方工作文件,2026.08.28
地方法规,呼和浩特市工业和信息化局、呼和浩特市财政局关于《呼和浩特市中小企业数字化转型城市试点工作专项资金管理细则》的补充通知,https://www.pkulaw.com/lar/0112ec5e591454cde5e399ed3be7396cbdfb.html,2026.08.28,呼和浩特市财政局,地方规范性文件,2026.08.28
中央法规,工业和信息化部办公厅关于开展人工智能应用服务商培育专项行动的通知,https://www.pkulaw.com/chl/560d68e830707323bdfb.html,2026.08.27,工业和信息化部,部门规章；部门工作文件,2026.08.27
地方法规,北京市医疗保险事务管理中心关于公开发布第十六批智能审核规则库规则和知识点的通知,https://www.pkulaw.com/lar/6d50b4133d69adb04f71ee05ea58cae5bdfb.html,2026.08.27,北京市医疗保险事务管理中心,地方工作文件,2026.08.27
地方法规,深圳市工业和信息化局关于发布2026年打造人工智能先锋城市项目扶持计划(第二批)申请指南的通知,https://www.pkulaw.com/lar/266335628d421587c652deb24b03d7c7bdfb.html,2026.08.27,深圳市工业和信息化局,地方工作文件,2026.08.27
地方法规,北京经济技术开发区商务金融局关于开展2025年商业主体数字化建设支持奖励申报的通知,https://www.pkulaw.com/lar/c638175e0d7f25d9ff1fe128647ba23abdfb.html,2026.08.27,北京市经济技术开发区商务金融局,地方工作文件,2026.08.27
中央法规,民航局机场司关于公布北京泰豪智能工程有限公司等5家资质企业动态核查核定结论的通知,https://www.pkulaw.com/chl/323b9f65e96eb279bdfb.html,2026.08.26,中国民用航空局,部门规章；部门工作文件,2026.08.26
地方法规,甘肃省教育厅等五部门关于印发《甘肃省“人工智能+教育”行动计划(2026―2030年)》的通知,https://www.pkulaw.com/lar/e1925e8e5f07e081bed86ede95f29ca6bdfb.html,2026.08.26,甘肃省大数据中心,地方工作文件,2026.08.26
中央法规,深圳证券交易所关于易方达中证工业互联网主题交易型开放式指数证券投资基金上市交易的公告,https://www.pkulaw.com/chl/cdf0104b7c8e3a7cbdfb.html,2026.08.26,深圳证券交易所,行业规定,2026.08.26
中央法规,中国土地估价师与土地登记代理人协会关于开展《基于“人机协同”视角的土地估价报告智能评审标准体系与行业治理机制研究》课题问卷调研的函,https://www.pkulaw.com/chl/4fb833a959ccc6bcbdfb.html,2026.08.25,中国土地估价师与土地登记代理人协会,行业规定,2026.08.25
地方法规,深圳市住房和建设局关于公布2026年度全屋智能应用试点项目的通知,https://www.pkulaw.com/lar/76f49b670e7d555061259a3fc27c0508bdfb.html,2026.08.25,深圳市住房和建设局,地方工作文件,2026.08.25
地方法规,青海省人民政府关于印发《青海省绿色算力产业发展“十五五”规划》的通知,https://www.pkulaw.com/lar/ed0539712c30f466d8d9a9dd835e5345bdfb.html,2026.08.25,青海省人民政府,地方工作文件,2026.08.25
中央法规,中国支付清算协会关于印发《智能体支付应用自律公约》的通知,https://www.pkulaw.com/chl/5520f8f6d8302bdebdfb.html,2026.08.24,中国支付清算协会,行业规定,2026.08.24
中央法规,全国网络安全标准化技术委员会秘书处关于发布《网络安全标准实践指南——个人用户使用人工智能服务安全指南》的通知,https://www.pkulaw.com/chl/804d2edb6381e638bdfb.html,2026.08.24,全国网络安全标准化技术委员会,部门规章；部门工作文件,2026.08.24
中央法规,国家药监局关于发布YY/T 2029—2026《脑机接口医疗器械 用于人工智能算法的脑电数据集质量要求与评价方法》医疗器械行业标准的公告,https://www.pkulaw.com/chl/c16cca904935d452bdfb.html,2026.08.24,国家药品监督管理局(已变更),部门规章；部门工作文件,2026.08.24
中央法规,中国教育学会体育与卫生分会关于举办AI赋能体育教学与跨学科主题学习交流研讨会的通知,https://www.pkulaw.com/chl/0c99ddedc88fdfdcbdfb.html,2026.08.24,中国教育学会,团体规定,2026.08.24
地方法规,北京经济技术开发区管理委员会关于印发《“AI4Chip”人工智能赋能集成电路产业跨越式发展行动计划(2026―2028)》的通知,https://www.pkulaw.com/lar/04820be3ea10f58380f9b2fddba8a4ccbdfb.html,2026.08.23,北京市经济技术开发区管理委员会,地方工作文件,2026.08.23
地方法规,云南省医疗保障局关于公开发布第六批智能监管“两库”规则和知识点的公告,https://www.pkulaw.com/lar/e1d774248d84543964e5cf5ddc5ff945bdfb.html,2026.08.21,云南省医疗保障局,地方工作文件,2026.08.21
地方法规,辽宁省市场监督管理局关于发布智能手表(儿童手表)等13种产品质量监督抽查实施细则的通告,https://www.pkulaw.com/lar/a27320b1cd3cc2feedc833a931d90f5ebdfb.html,2026.08.21,辽宁省市场监督管理局,地方规范性文件,2026.08.21
地方法规,泰安市人民政府办公室关于印发《泰安市建筑业数智化转型工作方案》的通知,https://www.pkulaw.com/lar/799146d0214fcda909f61572288303a4bdfb.html,2026.08.21,泰安市人民政府,地方工作文件,2026.08.21
中央法规,工业和信息化部办公厅关于公布国家算力互联互通区域节点建设名单的通知,https://www.pkulaw.com/chl/5538af55e1a3d4d6bdfb.html,2026.08.20,工业和信息化部,部门规章；部门工作文件,2026.08.20
地方法规,中山市工业和信息化局关于下达2026年中山市中小企业数字化转型城市试点“链式”转型及任务达标激励项目(第一批)资助计划的通知,https://www.pkulaw.com/lar/b467a001535cbb9c106f1d25912a3acfbdfb.html,2026.08.20,中山市工业和信息化局,地方工作文件,2026.08.20
地方法规,黑龙江省发展和改革委员会关于征集黑龙江省人工智能领域专家的通知,https://www.pkulaw.com/lar/b5827309f7338d14ef956e34fc061b36bdfb.html,2026.08.19,黑龙江省发展和改革委员会,地方工作文件,2026.08.19
地方法规,黑龙江省发展和改革委员会关于征集2026年人工智能标杆示范场景指南的通知,https://www.pkulaw.com/lar/9f773cb438d68d10d7da19acfe1cbaa0bdfb.html,2026.08.19,黑龙江省发展和改革委员会,地方工作文件,2026.08.19
地方法规,北京市发展和改革委员会转发国家能源局关于发布智能电网国家科技重大专项基础支撑自主化关键技术公开项目申报指南的通知,https://www.pkulaw.com/lar/245bc166a4e75906e977de267efa9fdbbdfb.html,2026.08.19,北京市发展和改革委员会,地方工作文件,2026.08.19
中央法规,中国建筑业协会关于召开数字化转型驱动智能建造创新发展经验交流会的通知,https://www.pkulaw.com/chl/954f415cb4c0e5dcbdfb.html,2026.08.18,中国建筑业协会,行业规定,2026.08.18
中央法规,中国证监会关于同意苏州猎奇智能设备股份有限公司首次公开发行股票注册的批复,https://www.pkulaw.com/chl/b9273b9f63452c38bdfb.html,2026.08.18,中国证券监督管理委员会,部门规章；行政许可批复,2026.08.18
地方法规,内蒙古自治区工业和信息化厅关于包头市新源稀土高新材料有限公司年产8500吨(REO)稀土生产线智能制造升级项目产能置换方案的公告,https://www.pkulaw.com/lar/73d2f7e84b8ed63bb7804c26c394bf0cbdfb.html,2026.08.18,内蒙古自治区工业和信息化厅,地方工作文件,2026.08.18
中央法规,国家能源局综合司关于建立“一带一路”能源合作伙伴关系合作网络“人工智能+能源”工作组的通知,https://www.pkulaw.com/chl/f474d621162277a0bdfb.html,2026.08.17,国家能源局,部门规章；部门工作文件,2026.08.17
地方法规,广州市住房和城乡建设局关于印发《广州市智能建造项目评价指引(2.0版)》的通知,https://www.pkulaw.com/lar/5e08e341abf4bdc7f8169a751e9f16c0bdfb.html,2026.08.17,广州市住房和城乡建设局,地方工作文件,2026.08.17
地方法规,横琴粤澳深度合作区关于转发《广东省科学技术厅关于组织申报2026―2027年度省重点领域研发计划“智能机器人”专项项目的通知》通知,https://www.pkulaw.com/lar/5b3efb091aea107f2d18df7988ba0894bdfb.html,2026.08.17,横琴粤澳深度合作区产业发展局,地方工作文件,2026.08.17
地方法规,北京市科学技术委员会、中关村科技园区管理委员会、北京市气象局关于发布2026年度AI+气象“揭榜挂帅”专项榜单的通知,https://www.pkulaw.com/lar/5c962f73d5dbd7694c3f82ad4ac499fabdfb.html,2026.08.17,北京市气象局,地方工作文件,2026.08.17
地方法规,惠州市工业和信息化局关于下达惠州市省级中小企业数字化转型城市试点专项资金(数字化改造项目专题)第六批入库项目资金安排计划的通知,https://www.pkulaw.com/lar/a314ea2e2fd99ddf41cc8d04af0dc8e0bdfb.html,2026.08.17,惠州市工业和信息化局,地方工作文件,2026.08.17
地方法规,湖南省人民政府办公厅关于加快智能机器人产业发展的实施意见,https://www.pkulaw.com/lar/96128bd8de335ba34b8c69d402af0a3abdfb.html,2026.08.15,湖南省人民政府,地方规范性文件,2026.08.15
地方法规,唐山市工业和信息化局关于征集第六批唐山市中小企业数字化转型试点城市推荐服务商及服务产品的通知,https://www.pkulaw.com/lar/a7cadb38e6c655309382eaf04e8ac5fdbdfb.html,2026.08.14,唐山市工业和信息化局,地方工作文件,2026.08.14
中央法规,中国建筑业协会关于举办2026年“质量月”主题活动——建设工程“好房子”暨绿色智能建造现场观摩会的通知,https://www.pkulaw.com/chl/f479ab7cfde78301bdfb.html,2026.08.13,中国建筑业协会,行业规定,2026.08.13
中央法规,中国证监会国际合作司关于无锡车联天下智能科技股份有限公司境外发行上市及境内未上市股份“全流通”备案通知书,https://www.pkulaw.com/chl/3356e0ba66e91e92bdfb.html,2026.08.13,中国证券监督管理委员会,部门规章；部门工作文件,2026.08.13
中央法规,上海证券交易所关于中国国际金融股份有限公司终止为易方达中证智能电动汽车交易型开放式指数证券投资基金提供主做市服务的公告,https://www.pkulaw.com/chl/9cfe19efd57a4452bdfb.html,2026.08.12,上海证券交易所,行业规定,2026.08.12
地方法规,厦门市发展和改革委员会关于标特智能科技产业园电力外线工程可行性研究报告带概算的批复,https://www.pkulaw.com/lar/7111bb3812be1530b5e2f3ee40827ae3bdfb.html,2026.08.12,厦门市发展和改革委员会,地方工作文件,2026.08.12
地方法规,中山市住房和城乡建设局关于印发《中山市智能建造补充定额子目》(试行)的通知,https://www.pkulaw.com/lar/08066f6174db3df37efdd893c1fb50c8bdfb.html,2026.08.11,中山市住房和城乡建设局,地方工作文件,2026.08.11
地方法规,江西省发展改革委(江西省数据局)、江西省财政厅、江西省人力资源和社会保障厅印发《关于加快发展数据标注产业建设高质量数据集的若干措施》的通知,https://www.pkulaw.com/lar/9d456d670ab2524a9211204c55051942bdfb.html,2026.08.11,江西省人力资源和社会保障厅,地方工作文件,2026.08.11
地方法规,四川省发展和改革委员会等部门关于印发《四川省推进算力网建设的若干政策措施(试行)》的通知(川发改数据,https://www.pkulaw.com/lar/443daf2067e233e94828b0e1b46f159abdfb.html,2026.08.11,四川省通信管理局,地方规范性文件,2026.08.11
地方法规,淮南市人民政府办公室关于印发《淮南市实施科技型中小企业、规上工业企业、高新技术企业、战略性新兴产业企业、专精特新企业高质量发展行动方案(2026—2030年)》的通知,https://www.pkulaw.com/lar/3f29b00934959428f2eb01c88385b6f8bdfb.html,2026.08.10,淮南市人民政府,地方工作文件,2026.09.11
地方法规,深圳市商务局关于公布参与2026年线上家电以旧换新、数码和智能产品购新补贴经营主体名单的通知,https://www.pkulaw.com/lar/5f2d98a85a6f45d4953b53238a5b7c7dbdfb.html,2026.08.10,深圳市商务局,地方工作文件,2026.08.10
地方法规,龙岩市交通运输局关于福建君博智能科技有限公司龙岩分公司道路运输车辆动态监控运营服务在岩登记的通知,https://www.pkulaw.com/lar/ba4487a1ef1f0e4101a87f455308a660bdfb.html,2026.08.10,龙岩市交通运输局,地方工作文件,2026.08.10
地方法规,佛山市工业和信息化局、佛山市政务服务和数据管理局关于印发佛山市加快智能机器人产业发展若干措施操作细则的通知,https://www.pkulaw.com/lar/ab727dfd2e650623112d7882a0e96f23bdfb.html,2026.08.10,佛山市政务服务数据管理局,地方规范性文件,2026.08.10
地方法规,珠海市工业和信息化局关于公布珠海市省级中小企业数字化转型城市试点数字化产品清单(第十批)的通知,https://www.pkulaw.com/lar/6000047307200c1663420d418dd8dfd1bdfb.html,2026.08.10,珠海市工业和信息化局,地方工作文件,2026.08.10
地方法规,惠州市人工智能和机器人发展局等4部门关于印发《惠州市功能型无人车道路测试与示范应用管理实施细则(试行)》的通知,https://www.pkulaw.com/lar/2060f00c5d96a70d2fe28d37c6ec3f9ebdfb.html,2026.08.07,惠州市交通运输局,地方规范性文件,2026.09.07
地方法规,福州市商务局关于上传2026年智能家居产品购新补贴申报材料的公告,https://www.pkulaw.com/lar/0f3be57c45e6a16cd7b0dc70afb9003cbdfb.html,2026.08.07,福州市商务局,地方工作文件,2026.08.07
地方法规,北京市医疗保险事务管理中心关于公开发布第十五批智能审核规则库规则和知识点的通知,https://www.pkulaw.com/lar/f431487c790bd71310a2effe10f4f6cebdfb.html,2026.08.07,北京市医疗保险事务管理中心,地方工作文件,2026.08.07
地方法规,河南省科学技术厅关于推荐申报新一代人工智能国家科技重大专项2026年度“以赛代评”公开项目的通知,https://www.pkulaw.com/lar/e28886881964c098be1a70853edeb72fbdfb.html,2026.08.07,河南省科学技术厅,地方工作文件,2026.08.07
地方法规,内蒙古自治区科学技术厅关于组织申报智能电网国家科技重大专项基础支撑自主化关键技术公开项目的通知,https://www.pkulaw.com/lar/44617bda2e5c285328af420dd8999491bdfb.html,2026.08.07,内蒙古自治区科学技术厅,地方工作文件,2026.08.07
地方法规,重庆市经济和信息化委员会关于公布第二批未来产业标志性产品名单的通知,https://www.pkulaw.com/lar/c41c36fe79f9ffadb56bf7bf0884aeacbdfb.html,2026.08.07,重庆市经济和信息化委员会,地方工作文件,2026.08.07
中央法规,农业农村部农业机械化总站关于举办智能农机装备研发创新与验证推广实务培训班的通知,https://www.pkulaw.com/chl/c0cd2de8edb255febdfb.html,2026.08.06,农业农村部,部门规章；部门工作文件,2026.08.06
中央法规,上海证券交易所关于东方财富证券股份有限公司终止为华安中证科创创业人工智能交易型开放式指数证券投资基金提供主做市服务的公告,https://www.pkulaw.com/chl/fde97d75bb355520bdfb.html,2026.08.06,上海证券交易所,行业规定,2026.08.06
地方法规,云南省教育厅等五部门关于印发云南省“人工智能+教育”行动方案的通知,https://www.pkulaw.com/lar/48a8271276ead48d1bcee3725494dae6bdfb.html,2026.08.06,云南省数据局,地方工作文件,2026.08.06
地方法规,区政府办公室关于印发宿豫区“人工智能+”创新发展行动方案(2026—2028年)的通知,https://www.pkulaw.com/lar/003c37d59defe72128e57538f4933eb8bdfb.html,2026.08.06,宿迁市宿豫区人民政府,地方工作文件,2026.08.06
中央法规,国家认监委关于公布《检验检测机构数字化建设指南》等15项认证认可行业标准的公告,https://www.pkulaw.com/chl/efa77ebbc68c71d4bdfb.html,2026.08.06,国家认证认可监督管理委员会,部门规章；部门工作文件,2026.08.06
地方法规,天津市住房城乡建设委关于施工图数字化服务模块升级功能上线运行的通知,https://www.pkulaw.com/lar/30be86107db60b2994be3073b617fa20bdfb.html,2026.08.06,天津市住房和城乡建设委员会(原天津市住房和城乡建设局),地方工作文件,2026.08.06
中央法规,交通运输部办公厅关于征集“人工智能+公路水运工程质量检测”典型应用案例的通知,https://www.pkulaw.com/chl/635c08accc948f38bdfb.html,2026.08.05,交通运输部,部门规章；部门工作文件,2026.08.05
中央法规,上海证券交易所关于东海证券股份有限公司终止为华夏中证人工智能主题交易型开放式指数证券投资基金提供一般做市服务的公告,https://www.pkulaw.com/chl/8d1d8c02b4171d92bdfb.html,2026.08.05,上海证券交易所,行业规定,2026.08.05
中央法规,上海证券交易所关于东方财富证券股份有限公司终止为华夏中证人工智能主题交易型开放式指数证券投资基金提供主做市服务的公告,https://www.pkulaw.com/chl/5f725d2f95edfe1bbdfb.html,2026.08.05,上海证券交易所,行业规定,2026.08.05
地方法规,北京市发展和改革委员会关于公开征集2026年第二批供热管网更新及智能化改造项目的通知,https://www.pkulaw.com/lar/3c6ce020f03e266d614927f881004827bdfb.html,2026.08.05,北京市发展和改革委员会,地方工作文件,2026.08.05
地方法规,广东省科学技术厅关于组织申报2026～2027年度省重点领域研发计划“智能机器人”专项项目的通知,https://www.pkulaw.com/lar/7f696b286e8a34ef66eba82462a97802bdfb.html,2026.08.05,广东省科学技术厅,地方工作文件,2026.08.05
地方法规,四川省经济和信息化厅办公室关于征集新兴产业未来产业应用场景项目的通知,https://www.pkulaw.com/lar/da0ef69fa9af37d9861339f6da9b930fbdfb.html,2026.08.05,四川省经济和信息化厅,地方工作文件,2026.08.05
地方法规,惠州市工业和信息化局、惠州市公安局、惠州市交通运输局关于印发《惠州市智能网联汽车道路测试与示范应用管理实施细则(试行)》的通知,https://www.pkulaw.com/lar/bd5e40c8c7e9fcf26fa77dbef41fea68bdfb.html,2026.08.04,惠州市交通运输局,地方规范性文件,2026.09.05
中央法规,上海证券交易所关于华泰证券股份有限公司为中银证券中证科创创业人工智能交易型开放式指数证券投资基金提供一般做市服务的公告,https://www.pkulaw.com/chl/994ae9a1e2fa16b6bdfb.html,2026.08.04,上海证券交易所,行业规定,2026.08.04
地方法规,北京市医疗保险事务管理中心关于公开发布第十四批智能审核规则库规则和知识点的通知,https://www.pkulaw.com/lar/38049f74413add83e957b0a9f00d4433bdfb.html,2026.08.04,北京市医疗保险事务管理中心,地方工作文件,2026.08.04
地方法规,天津市工业和信息化局、天津市发展改革委、天津市科技局关于印发《天津市智能机器人产业创新发展行动方案(2026—2028年)》的通知,https://www.pkulaw.com/lar/f55c7d3853dd0fb97c83e146cace354ebdfb.html,2026.08.04,天津市科学技术局,地方工作文件,2026.08.04
地方法规,上海市浦东新区卫生健康委员会关于转发上海市浦东新区财政局《关于转发上海市财政局＜关于印发＜上海市政府采购监管智能体应用管理办法(试行)的通知＞的通知＞的通知》的通知,https://www.pkulaw.com/lar/e59fb4fdb3d254b8efe2f2607e39dc1abdfb.html,2026.08.04,上海市浦东新区卫生健康委员会,地方规范性文件,2026.08.04
中央法规,交通运输部办公厅关于印发《智慧港口数智化技术指南(第一版)》的通知,https://www.pkulaw.com/chl/54a932414649e4bebdfb.html,2026.08.04,交通运输部,部门规章；部门工作文件,2026.08.04
地方法规,重庆市经济和信息化委员会、重庆市教育委员会、重庆市科学技术局关于征集未来产业领域技术及成果储备信息的通知,https://www.pkulaw.com/lar/374997c68ec62adcc124a8a70bfdd5debdfb.html,2026.08.04,重庆市科学技术局(原重庆市科学技术委员会),地方工作文件,2026.08.04
中央法规,中国测绘学会、中国遥感应用协会关于召开第七届位置服务科技论坛暨时空智能与时空服务交流的通知,https://www.pkulaw.com/chl/7e361c35ea8f572ebdfb.html,2026.08.03,中国测绘学会,行业规定,2026.08.03
地方法规,贵州省住房和城乡建设厅关于征集住房城乡建设领域人工智能应用场景解决方案的通知,https://www.pkulaw.com/lar/084119bdd370ceb235fd83c8f20d3f7bbdfb.html,2026.08.03,贵州省住房和城乡建设厅,地方工作文件,2026.08.03
地方法规,北京经济技术开发区管理委员会关于印发《北京经济技术开发区关于支持词元驱动智能经济高质量发展的若干措施(试行)》的通知,https://www.pkulaw.com/lar/40bd602da97631395bf58b94b9f512a7bdfb.html,2026.08.03,北京市经济技术开发区管理委员会,地方规范性文件,2026.08.03
地方法规,宁德市工业和信息化局关于公布宁德市第三批产业数字化服务商名单的通知,https://www.pkulaw.com/lar/a110de77f0b3f1f896e849cb372fe9f4bdfb.html,2026.08.03,宁德市工业和信息局,地方工作文件,2026.08.03
地方法规,呼和浩特市工业和信息化局关于常态化开展中小企业数字化场景服务商补选工作的通知,https://www.pkulaw.com/lar/25ffa697b98429e1ffce4dd1922e684dbdfb.html,2026.08.03,呼和浩特市工业和信息化局,地方工作文件,2026.08.03
地方法规,重庆市人民政府关于印发《重庆市“十五五”人工智能发展规划(2026—2030年)》的通知,https://www.pkulaw.com/lar/c0b323bdc90da819107b974596e7ca6bbdfb.html,2026.07.31,重庆市人民政府,地方工作文件,2026.07.31
地方法规,四川省住房和城乡建设厅关于印发《四川省智能建造产业链建设工作方案(2026―2030)》的通知,https://www.pkulaw.com/lar/a638704542a251fbf3fbc1ec9558b4c7bdfb.html,2026.07.31,四川省住房和城乡建设厅,地方工作文件,2026.07.31
地方法规,四川省住房和城乡建设厅关于公布第三批省级智能建造试点城市和2026年度省级试点项目的通知,https://www.pkulaw.com/lar/7ccd5bb07a242bdd016b558286791e24bdfb.html,2026.07.31,四川省住房和城乡建设厅,地方工作文件,2026.07.31
地方法规,深圳市商务局关于发布《深圳市商务局2026年全球智能制造与电子产品博览会参展项目申报指南》的通知,https://www.pkulaw.com/lar/300068c363be2d086015d9cb5c2f4c4bbdfb.html,2026.07.31,深圳市商务局,地方工作文件,2026.07.31
地方法规,漳州市工业和信息化局等五部门转发省工信厅等六部门关于开展2026年度智能工厂梯度培育行动的通知,https://www.pkulaw.com/lar/9a5eb0e391454ab247dbcf339c04c051bdfb.html,2026.07.31,漳州市国资委,地方工作文件,2026.07.31
地方法规,安徽省科学技术厅、安徽省人力资源和社会保障厅关于印发《安徽省推进人工智能OPC创新创业发展行动方案(2026—2028年)》的通知,https://www.pkulaw.com/lar/a8514262af8c656a9b6fcf8ebfd9b1c8bdfb.html,2026.07.31,安徽省人力资源和社会保障厅,地方工作文件,2026.07.31
地方法规,昆山市政府印发关于促进城市数字化转型和数据产业融合发展的若干政策的通知,https://www.pkulaw.com/lar/22c33b6a53c02fc18f34e1b7bd7f81fcbdfb.html,2026.07.30,昆山市人民政府,地方规范性文件,2026.09.01
中央法规,中国气象局关于批准发布《人工智能气象预报模型预报性能检验评估》等13项气象行业标准的通告,https://www.pkulaw.com/chl/8761fdf325f3e779bdfb.html,2026.07.30,中国气象局,部门规章；部门工作文件,2026.07.30
地方法规,安徽省工业和信息化厅关于征集工业大模型工业智能体的通知,https://www.pkulaw.com/lar/81f1add90c15ede39843412f84b107a3bdfb.html,2026.07.30,安徽省工业和信息化厅,地方工作文件,2026.07.30
地方法规,山东省教育厅关于印发《山东省中小学人工智能通识教育教学指导纲要》的通知,https://www.pkulaw.com/lar/8ea0ca7b4fcc0fb9a377c1ec3a4d00a0bdfb.html,2026.07.30,山东省教育厅,地方工作文件,2026.07.30
地方法规,上海市浦东新区发展和改革委员会关于浦东新区区委党校安防与智能化设施升级项目可行性研究报告的批复,https://www.pkulaw.com/lar/4a9cd4453ee3e002daadfc8f98722bd8bdfb.html,2026.07.30,上海市浦东新区发展和改革委员会,地方工作文件,2026.07.30
地方法规,鞍山市商务局关于2026年鞍山市家电以旧换新、数码和智能产品购新补贴活动第十六批参与经营主体名单的公告,https://www.pkulaw.com/lar/9b27b56a17c2099d0492ef1cdf673644bdfb.html,2026.07.30,鞍山市商务局,地方工作文件,2026.07.30
地方法规,福建省人民政府关于印发《福建省“十五五”新兴产业和未来产业发展规划》的通知,https://www.pkulaw.com/lar/d2f7dd68e0b9defe89a23fe17fa0182dbdfb.html,2026.07.30,福建省人民政府,地方工作文件,2026.07.30
地方法规,厦门市海洋发展局关于修订厦门市加快海洋新兴产业发展若干措施操作规程的通知(2026),https://www.pkulaw.com/lar/89c7703c1b44ceba8b449a3f417f67a3bdfb.html,2026.07.30,厦门市海洋发展局,地方规范性文件,2026.07.30
地方法规,四川省发展和改革委员会关于印发《四川省发展和改革委员会数字化应用场景实验室管理办法(试行)》的通知,https://www.pkulaw.com/lar/0f206d777682088bfb94feb5cbf412aebdfb.html,2026.07.29,四川省发展和改革委员会,地方规范性文件,2026.09.01
中央法规,中华人民共和国海事局关于发布《船舶智能监控系统技术指南(2.0)》的通告,https://www.pkulaw.com/chl/0821d209a11b052fbdfb.html,2026.07.29,中华人民共和国海事局,部门规章；部门工作文件,2026.07.29
地方法规,重庆市交通运输委员会关于再次发布2026年“人工智能+交通运输”应用场景榜单的通知,https://www.pkulaw.com/lar/e706e714a15d9718d7c834993c6efb1dbdfb.html,2026.07.29,重庆市交通运输委员会,地方工作文件,2026.07.29
地方法规,天津市工业和信息化局、天津市发展改革委、天津市财政局、天津市国资委、天津市市场监管委、天津市数据局关于组织开展2026年度卓越级、领航级智能工厂遴选推荐工作的通知,https://www.pkulaw.com/lar/6a403b7f56cfa5833b92c24cebba9954bdfb.html,2026.07.29,天津市数据局,地方工作文件,2026.07.29
中央法规,中国互联网协会关于举办“2026中国国际大数据产业博览会——AI+可信数据空间建设交流活动”的通知,https://www.pkulaw.com/chl/2a28c7745c0ddb24bdfb.html,2026.07.29,中国互联网协会,行业规定,2026.07.29
地方法规,深圳市工业和信息化局关于组织开展工业互联网平台培育培优调研的通知,https://www.pkulaw.com/lar/462c584edef4b15eecc901964b12eb4ebdfb.html,2026.07.29,深圳市工业和信息化局,地方工作文件,2026.07.29
地方法规,成都市促进人工智能产业发展办法,https://www.pkulaw.com/lar/273ad1d6450bd943665bce70b87ea52ebdfb.html,2026.07.28,成都市人民政府,地方政府规章,2026.09.01
中央法规,2026(第二届)“人工智能+”产业生态大会工作人员及实习生招聘公告,https://www.pkulaw.com/chl/255d58cc760d7a4dbdfb.html,2026.07.28,中国互联网协会,行业规定,2026.07.28
中央法规,上海证券交易所关于中信建投证券股份有限公司为中银证券中证科创创业人工智能交易型开放式指数证券投资基金提供主做市服务的公告,https://www.pkulaw.com/chl/d634c9cc62865b6abdfb.html,2026.07.28,上海证券交易所,行业规定,2026.07.28
地方法规,宿迁市政府办公室关于印发宿迁市“人工智能+医疗健康”发展实施方案的通知,https://www.pkulaw.com/lar/cca1d8fcbb7cf57fec31753b5538b284bdfb.html,2026.07.28,宿迁市人民政府,地方工作文件,2026.07.28
地方法规,江苏省知识产权局、江苏省市场监督管理局、江苏省版权局关于印发《江苏省人工智能OPC知识产权合规指引》的通知,https://www.pkulaw.com/lar/19d4090dc45205155cb3aca6ed72ef8cbdfb.html,2026.07.28,江苏省版权局,地方工作文件,2026.07.28
地方法规,芜湖市人民代表大会常务委员会关于全力支持打造具有重要影响力的产业创新中心供应链中心推动汽车产业链延伸突破算力产业链培育突破的决定,https://www.pkulaw.com/lar/9425475d9dce1b716c92456dc820ee72bdfb.html,2026.07.28,芜湖市人大(含常委会),地方规范性文件,2026.07.28
中央法规,中国互联网协会关于发布《Claw类企业级智能体能力要求》等2项团体标准立项的公告,https://www.pkulaw.com/chl/09e319da3615b94dbdfb.html,2026.07.27,中国互联网协会,行业规定,2026.07.27
地方法规,厦门市住房和建设局关于征集智能建造新技术产品成果的通知,https://www.pkulaw.com/lar/d50632b27ecc762fc070538b60672743bdfb.html,2026.07.27,厦门市住房和建设局,地方工作文件,2026.07.27
地方法规,河北省工业和信息化厅、河北省通信管理局、中共河北省委网络安全和信息化委员会办公室、河北省发展和改革委员会、河北省教育厅、河北省商务厅、河北省人民政府国有资产监督管理委员会、河北省市场监督管理局、河北省数据和政务服务局关于印发《河北省“人工智能+制造”专项行动实施方案》的通知,https://www.pkulaw.com/lar/097651a594cb0ab0b20a2d3596595226bdfb.html,2026.07.27,河北省数据和政务服务局,地方工作文件,2026.07.27
中央法规,中国证券投资基金业协会关于融智聚力行稳致远——AI赋能基金运营交流会的通知,https://www.pkulaw.com/chl/29ac758dfc9fbae3bdfb.html,2026.07.27,中国证券投资基金业协会,行业规定,2026.07.27
地方法规,兰州市工业和信息化局关于组织开展2026年度5G工厂、数字化转型促进中心和工业互联网平台等项目入库工作的通知,https://www.pkulaw.com/lar/06be3d701a0ac263c7ba39efb51563e2bdfb.html,2026.07.27,兰州市工业和信息化局,地方工作文件,2026.07.27
地方法规,上海市人民政府办公厅关于印发《上海市战略性新兴产业发展“十五五”规划》的通知,https://www.pkulaw.com/lar/ce79b7c5784a653b952dc670c132ac33bdfb.html,2026.07.27,上海市人民政府,地方工作文件,2026.07.27
地方法规,青岛市工业和信息化局关于印发《2026年青岛市服务企业数字化转型贯标奖励申报指南》的通知,https://www.pkulaw.com/lar/f795a6a6c0e9f73578fbec61d894bc6ebdfb.html,2026.07.27,青岛市工业和信息化局,地方工作文件,2026.07.27
中央法规,国家档案局办公室关于公布人工智能应用试点项目的通知,https://www.pkulaw.com/chl/c98b06e29c4cd8bfbdfb.html,2026.07.24,国家档案局,部门规章；部门工作文件,2026.07.24
地方法规,中山市人工智能产业办公室关于发布中山市人工智能赋能平台认定名单的通知,https://www.pkulaw.com/lar/b9188ba3d20ab78730e2c166bca12586bdfb.html,2026.07.24,中山市人工智能产业发展办公室,地方工作文件,2026.07.24
地方法规,惠州市工业和信息化局关于组织开展2026年度智能工厂梯度培育行动的通知,https://www.pkulaw.com/lar/1cadd4d29edae72b58ab681928bfb398bdfb.html,2026.07.24,惠州市工业和信息化局,地方工作文件,2026.07.24
地方法规,宜昌市人民政府办公室关于印发《宜昌市绿色智能建造产业发展三年行动方案(2026―2028年)》的通知,https://www.pkulaw.com/lar/622c6268db4e8fa02b6dd5222396e471bdfb.html,2026.07.24,宜昌市人民政府,地方工作文件,2026.07.24
地方法规,珠海市工业和信息化局关于组织开展2026年度卓越级、领航级智能工厂梯度培育行动的通知,https://www.pkulaw.com/lar/d18c0ca90f2975a868f112a67b93fdf1bdfb.html,2026.07.24,珠海市工业和信息化局,地方工作文件,2026.07.24
地方法规,中山市工业和信息化局关于下达2026年中山市中小企业数字化转型城市试点数字化改造预奖补项目(第一批)资助计划的通知,https://www.pkulaw.com/lar/820afff2176646baa9cdf6b5e9f0550cbdfb.html,2026.07.24,中山市工业和信息化局,地方工作文件,2026.07.24
地方法规,上海市经济信息化委关于开展2026年度卓越级智能工厂、领航级智能工厂申报工作的通知,https://www.pkulaw.com/lar/a9b366bfdab0de146ed74a26ade4d76dbdfb.html,2026.07.23,上海市经济和信息化委员会,地方工作文件,2026.07.23
地方法规,北京市经济和信息化局关于开展2026年度智能工厂梯度培育行动的通知,https://www.pkulaw.com/lar/22dd65a561ad1495f909d80972ff5f08bdfb.html,2026.07.23,北京市经济和信息化局,地方工作文件,2026.07.23
地方法规,广东省工业和信息化厅关于组织开展2026年度智能工厂梯度培育行动的通知,https://www.pkulaw.com/lar/1f3b5a747e2757ba421db16f3567f269bdfb.html,2026.07.23,广东省工业和信息化厅,地方工作文件,2026.07.23
地方法规,河北省工业和信息化厅、河北省发展和改革委员会、河北省财政厅、河北省人民政府国有资产监督管理委员会、河北省市场监督管理局、河北省数据和政务服务局关于开展2026年度智能工厂梯度培育行动的通知,https://www.pkulaw.com/lar/159fa94aea45d1deb3feea5198f9de38bdfb.html,2026.07.23,河北省数据和政务服务局,地方工作文件,2026.07.23
中央法规,中国互联网协会关于批准发布《安全应急行业大模型技术要求和评估方法》等17项团体标准的公告,https://www.pkulaw.com/chl/486395baaef6ab9cbdfb.html,2026.07.23,中国互联网协会,行业规定,2026.07.23
地方法规,福州市商务局关于扩大2026年智能家居产品购新补贴品类的公告,https://www.pkulaw.com/lar/8a44815ae7fa76a177cf6716ea96dd50bdfb.html,2026.07.22,福州市商务局,地方工作文件,2026.07.22
地方法规,福建省商务厅、福建省发展和改革委员会、福建省财政厅关于扩大2026年智能家居产品购新补贴品类的公告,https://www.pkulaw.com/lar/b12ae9f761ba1cdbbebff943ee625241bdfb.html,2026.07.22,福建省财政厅,地方工作文件,2026.07.22
地方法规,河北省市场监督管理局关于廊坊德能智能仪表有限公司为民用水表出厂检定和首次检定合并实施试点企业的通知,https://www.pkulaw.com/lar/63592ad52628cb581040a91cf5ba7edcbdfb.html,2026.07.22,河北省市场监督管理局,地方工作文件,2026.07.22
地方法规,青岛市工业和信息化局关于印发《青岛市2027年度工业互联网示范预算资金项目申报指南》的通知,https://www.pkulaw.com/lar/6435f6c128c4dd5c444dbd1372663a4ebdfb.html,2026.07.22,青岛市工业和信息化局,地方工作文件,2026.07.22
中央法规,工业和信息化部办公厅关于印发《“小快轻准”数字化产品和服务培育指引(2026年版)》的通知,https://www.pkulaw.com/chl/72ba8e5735dc9087bdfb.html,2026.07.22,工业和信息化部,部门规章；部门工作文件,2026.07.22
中央法规,中国网络空间安全协会关于开展人工智能安全治理与创新应用(2026)典型案例征集活动的通知,https://www.pkulaw.com/chl/5e4d3b0db1aa85ebbdfb.html,2026.07.21,中国网络空间安全协会,行业规定,2026.07.21
中央法规,中国互联网协会关于发布《医疗健康行业智能体应用技术要求：呼吸内科AI医生》等11项团体标准立项的公告,https://www.pkulaw.com/chl/55572194e3b834f1bdfb.html,2026.07.21,中国互联网协会,行业规定,2026.07.21
地方法规,厦门市工业和信息化局关于组织开展2026年度智能工厂梯度培育行动的通知,https://www.pkulaw.com/lar/bcb3dc19661e6cf7f64d67de67970137bdfb.html,2026.07.21,厦门市工业和信息化局,地方工作文件,2026.07.21
地方法规,重庆市住房和城乡建设委员会关于推行建筑业企业资质智能化审批服务的通知,https://www.pkulaw.com/lar/982a23673e60692aa7886a180429e967bdfb.html,2026.07.21,重庆市住房和城乡建设委员会,地方工作文件,2026.07.21
地方法规,兰州市生态环境局关于废止《兰州市工地扬尘及噪声智能监控管理办法(试行)》的公告,https://www.pkulaw.com/lar/62413d21b8c16ed6a0f9b9910faa56a0bdfb.html,2026.07.21,兰州市生态环境局,地方规范性文件,2026.07.21
地方法规,福建省商务厅等4部门关于印发《福建省2026年智能家居产品购新补贴实施细则》的通知,https://www.pkulaw.com/lar/0ad9fa11d6abb87e3da0b178aaa2e04dbdfb.html,2026.07.21,福建省市场监督管理局,地方规范性文件,2026.07.21
地方法规,北京市发展和改革委员会等单位关于印发北京市加快智能体引领发展若干措施的通知,https://www.pkulaw.com/lar/298e644b390b38b66d2963cd58e84887bdfb.html,2026.07.21,北京市中关村科技园区管理委员会,地方规范性文件,2026.07.21
地方法规,重庆市人力资源和社会保障局、重庆市财政局关于印发支持人工智能OPC创业发展的十二条措施的通知,https://www.pkulaw.com/lar/9520d471292e4a5ccfceed7fc939e5fbbdfb.html,2026.07.21,重庆市财政局,地方工作文件,2026.07.21
地方法规,广州市天河区科技工业和信息化局关于印发广州市天河区加快推动具身智能机器人产业创新发展的若干政策措施的通知,https://www.pkulaw.com/lar/e6e43b7b0b4ff4c0bd5ecc6760c5d4efbdfb.html,2026.07.21,广州市天河区科技工业和信息化局,地方规范性文件,2026.07.21
地方法规,四川省经济和信息化厅、四川省发展和改革委员会(四川省数据局)、四川省财政厅、四川省政府国有资产监督管理委员会、四川省市场监督管理局关于转发《工业和信息化部等六部门办公厅(综合司)关于开展2026年度智能工厂梯度培育行动的通知》的通知,https://www.pkulaw.com/lar/811a2fc9f8341349f3e6a38b04b5d698bdfb.html,2026.07.20,四川省市场监督管理局,地方工作文件,2026.07.20
地方法规,吉林省财政厅、国家税务总局吉林省税务局、吉林省残疾人联合会、吉林省政务服务和数字化建设管理局印发《关于提高我省残疾人就业保障金征收质效的工作方案》的通知,https://www.pkulaw.com/lar/a66d0e0540d2dcaed91f480361617c30bdfb.html,2026.07.20,吉林省政务服务和数字化建设管理局,地方工作文件,2026.07.01
中央法规,国家广播电视总局办公厅关于举办第五届广播电视和网络视听人工智能应用创新大赛(MediaAIAC)的通知,https://www.pkulaw.com/chl/256b9d8d115ec4ecbdfb.html,2026.07.19,国家广播电视总局,部门规章；部门工作文件,2026.07.19
中央法规,人工智能合作发展行动计划,https://www.pkulaw.com/chl/e5535d63eafa0933bdfb.html,2026.07.17,中央广播电视总台,部门规章；部门工作文件,2026.07.17
中央法规,上海证券交易所关于东方证券股份有限公司为华宝中证智能电动汽车交易型开放式指数证券投资基金提供主做市服务的公告,https://www.pkulaw.com/chl/caa933506d853c95bdfb.html,2026.07.17,上海证券交易所,行业规定,2026.07.17
地方法规,上海市浦东新区科技和经济委员会关于印发《浦东新区人工智能+生物医药产业集聚区建设方案(2026―2028年)》的通知,https://www.pkulaw.com/lar/e80b7bf2a42ac145ea92e3b0cde91489bdfb.html,2026.07.17,上海市浦东新区科技和经济委员会,地方工作文件,2026.07.17
地方法规,贵州省工业和信息化厅、中共贵州省委网络安全和信息化委员会办公室、贵州省发展和改革委员会、贵州省教育厅、贵州省商务厅、贵州省国有资产监督管理委员会、贵州省市场监督管理局、贵州省大数据发展管理局关于印发贵州省“人工智能+制造”实施方案的通知,https://www.pkulaw.com/lar/953572f16be41538907f3e9f8ad16442bdfb.html,2026.07.17,贵州省大数据发展管理局,地方工作文件,2026.07.17
地方法规,莆田市财政局、莆田市工业和信息化局关于下达2026年省技术创新重点攻关及产业化项目补助资金(工业互联网方向)的通知,https://www.pkulaw.com/lar/efdde25a98596ac64392e24414cae2c1bdfb.html,2026.07.17,莆田市工业和信息化局,地方工作文件,2026.07.17
中央法规,交通运输部办公厅关于组织实施第一批“人工智能+交通运输”典型应用场景项目的通知,https://www.pkulaw.com/chl/43fd4c84897991acbdfb.html,2026.07.16,交通运输部,部门规章；部门工作文件,2026.07.16
地方法规,珠海市第二批智能网联汽车道路测试与示范应用开放路段的公告,https://www.pkulaw.com/lar/471bf7c630f55996f88ba97376ad4254bdfb.html,2026.07.16,珠海市智能网联汽车道路测试与示范应用工作专班办公室,地方工作文件,2026.07.16
地方法规,东莞市人民政府办公室关于印发东莞市加快建设“人工智能+”城市实施方案(2026—2030年)的通知,https://www.pkulaw.com/lar/a9f782b3d107b38ddd49ae5b444f0366bdfb.html,2026.07.16,东莞市人民政府,地方工作文件,2026.07.16
地方法规,北京市怀柔区农业农村局北京市怀柔区财政局关于印发《2026年北京市怀柔区智能农机装备作业补贴工作实施方案》的通知,https://www.pkulaw.com/lar/a66ff4eb23c6de28210ee233e6bea28ebdfb.html,2026.07.16,北京市怀柔区财政局,地方工作文件,2026.07.16
地方法规,北京市昌平区农业农村局北京市昌平区农业服务中心关于印发《2026年北京市昌平区智能农机装备作业补贴工作实施方案》的通知,https://www.pkulaw.com/lar/83cbb94a1d65d9221f3f0ed64550a9c8bdfb.html,2026.07.16,北京市昌平区其他机构,地方工作文件,2026.07.16
中央法规,工业和信息化部等六部门办公厅(综合司)关于开展2026年度智能工厂梯度培育行动的通知,https://www.pkulaw.com/chl/8ef699835c338d73bdfb.html,2026.07.15,国家数据局,部门规章；部门工作文件,2026.07.15
中央法规,中国测绘学会教育工作委员会关于举办2026年全国大学生测绘学科创新创业智能大赛的二号通知,https://www.pkulaw.com/chl/c1bd429bfd39c003bdfb.html,2026.07.15,中国测绘学会,团体规定,2026.07.15
中央法规,上海证券交易所关于方正证券股份有限公司为嘉实上证科创板人工智能交易型开放式指数证券投资基金提供主做市服务的公告,https://www.pkulaw.com/chl/47b2724a25f1e95bbdfb.html,2026.07.15,上海证券交易所,行业规定,2026.07.15
中央法规,上海证券交易所关于华泰证券股份有限公司为嘉实上证科创板人工智能交易型开放式指数证券投资基金提供主做市服务的公告,https://www.pkulaw.com/chl/bcdc395d3394f5a2bdfb.html,2026.07.15,上海证券交易所,行业规定,2026.07.15
中央法规,上海证券交易所关于广发证券股份有限公司为嘉实上证科创板人工智能交易型开放式指数证券投资基金提供主做市服务的公告,https://www.pkulaw.com/chl/0891164a342237ddbdfb.html,2026.07.15,上海证券交易所,行业规定,2026.07.15
地方法规,宁德市教育局关于公布“人工智能+教育”试点校名单的通知,https://www.pkulaw.com/lar/400c36d0b0a05d250639b2c07601c5b4bdfb.html,2026.07.15,宁德市教育局,地方工作文件,2026.07.15
地方法规,成都市人民政府办公厅关于印发《成都市深入实施“人工智能+”行动方案》的通知,https://www.pkulaw.com/lar/030e00a2079d5a66bd087a32e98f595cbdfb.html,2026.07.15,成都市人民政府,地方工作文件,2026.07.15
地方法规,上海市市场监督管理局、上海市经济和信息化委员会、上海市科学技术委员会关于印发《上海市人工智能标准体系建设指南(2026—2028年)》的通知,https://www.pkulaw.com/lar/c78d183ffc94111cfa30b95ff7116f10bdfb.html,2026.07.15,上海市科学技术委员会,地方工作文件,2026.07.15
中央法规,中国互联网协会关于举办2026中国国际服务贸易交易会雄安新区AI＋创新应用生态展览的通知,https://www.pkulaw.com/chl/772e7ad0b262541bbdfb.html,2026.07.15,中国互联网协会,行业规定,2026.07.15
地方法规,湖南省工业和信息化厅关于开展2026年湖南省算力供给方信息登记的通知,https://www.pkulaw.com/lar/524e54148232479c282bad4da82cae09bdfb.html,2026.07.15,湖南省工业和信息化厅,地方工作文件,2026.07.15
地方法规,四川省经济和信息化厅办公室关于组织开展新兴产业未来产业标志性产品应用推广政策兑现工作的通知,https://www.pkulaw.com/lar/463e363594b8a5136651c7c43c5bdafabdfb.html,2026.07.15,四川省经济和信息化厅,地方工作文件,2026.07.15
地方法规,威海市财政局、威海市大数据局关于印发《威海市深化新型智慧城市建设推进城市全域数字化转型专项资金管理办法》的通知,https://www.pkulaw.com/lar/b4ff51fa9215702fcd762f8d64c47c86bdfb.html,2026.07.15,威海市大数据局,地方规范性文件,2026.07.15
中央法规,工业和信息化部办公厅关于印发2025年人工智能应用典型案例名单的通知,https://www.pkulaw.com/chl/8d6b1313c11dc2f6bdfb.html,2026.07.14,工业和信息化部,部门规章；部门工作文件,2026.07.14
地方法规,内蒙古自治区医疗保障局关于公开发布第一批至第五批医保智能审核规则库规则及配套知识点的通知,https://www.pkulaw.com/lar/b4f77e30b6ba45e888137d8534f55248bdfb.html,2026.07.14,内蒙古自治区医疗保障局,地方工作文件,2026.07.14
地方法规,绵阳市经济和信息化局、绵阳市公安局、绵阳市交通运输局、绵阳市住房和城乡建设委员会关于延长《绵阳市智能网联汽车道路测试与示范应用管理规范实施细则(试行)》有效期的通知,https://www.pkulaw.com/lar/db3b96cae368085fd9c4dfab6754e61bbdfb.html,2026.07.14,绵阳市住房和城乡建设委员会,地方规范性文件,2026.07.14
地方法规,上海市浦东新区数据局关于张江AI小镇时空量子城市项目建议书的批复,https://www.pkulaw.com/lar/ab325266d01818d67358620bc4d993a8bdfb.html,2026.07.14,上海市浦东新区财政局,地方工作文件,2026.07.14
中央法规,中国互联网协会关于开展2026年度行业智能体应用实践案例征集活动的通知,https://www.pkulaw.com/chl/4d948559bcec30d2bdfb.html,2026.07.13,中国互联网协会,行业规定,2026.07.13
地方法规,上海市交通委员会关于2026世界人工智能大会暨人工智能全球治理高级别会议期间无人驾驶航空器临时管制空域范围的通告,https://www.pkulaw.com/lar/201edafbd182b1530f78e261d63d4e5cbdfb.html,2026.07.13,上海市交通委员会,地方工作文件,2026.07.13
地方法规,云南省人力资源和社会保障厅关于印发支持服务人工智能OPC创业若干措施的通知,https://www.pkulaw.com/lar/cf4b9569fe4a6205a3e2a1b56251935cbdfb.html,2026.07.13,云南省人力资源和社会保障厅,地方规范性文件,2026.07.13
地方法规,湖北省住房和城乡建设厅关于印发《湖北省住建领域人工智能应用经验做法(第三批)》的通知,https://www.pkulaw.com/lar/c20cb8f0d4fa33f35e46d69c5deb7d82bdfb.html,2026.07.13,湖北省住房和城乡建设厅,地方工作文件,2026.07.13
地方法规,湖北省国防科工办、湖北省经信厅、湖北省交通运输厅关于印发《湖北省培育壮大绿色智能船舶产业若干措施》的通知,https://www.pkulaw.com/lar/020e429075805cde08e265dff26dad71bdfb.html,2026.07.13,湖北省交通运输厅,地方工作文件,2026.07.13
地方法规,宁德市生态环境局关于宁德蔚蓝时代船艇股份有限公司12米以下小型铝合金一体成型绿色智能电动船艇环境影响报告书的批复,https://www.pkulaw.com/lar/568de74cae9c02e482068bceb69dfb53bdfb.html,2026.07.13,宁德市生态环境局,地方工作文件,2026.07.13
地方法规,重庆市住房和城乡建设委员会关于开展第三批住建领域AI应用典型案例征集工作的通知,https://www.pkulaw.com/lar/2ad49ef36d6806f85ca0f9a043e881a7bdfb.html,2026.07.13,重庆市住房和城乡建设委员会,地方工作文件,2026.07.13
地方法规,佛山市政务服务和数据管理局、佛山市工业和信息化局、佛山市科学技术局关于征集行业高质量数据集需求场景清单的通知,https://www.pkulaw.com/lar/7b89f6a0a33e8867b4f8d1d2871140c0bdfb.html,2026.07.13,佛山市科学技术局,地方工作文件,2026.07.13
地方法规,南京市政府办公厅关于印发《南京市“十五五”智能电网产业发展规划》的通知,https://www.pkulaw.com/lar/f4bcca832c595b1c6656b4970a4aaef1bdfb.html,2026.07.11,南京市人民政府,地方工作文件,2026.07.11
地方法规,黄石市人民政府办公室关于印发《黄石市支持人工智能OPC创新创业发展实施方案(2026―2028年)》的通知,https://www.pkulaw.com/lar/1d28ab41bd7edf2e32c06c5016a4853dbdfb.html,2026.07.11,黄石市人民政府,地方工作文件,2026.07.11
地方法规,上海市人民政府关于加强2026世界人工智能大会暨人工智能全球治理高级别会议期间无人机等“低慢小”航空器安全管理的通告,https://www.pkulaw.com/lar/e38639ce76880ec213f810c3410264d9bdfb.html,2026.07.10,上海市人民政府,地方规范性文件,2026.07.10
地方法规,上海市人民政府关于加强2026世界人工智能大会暨人工智能全球治理高级别会议期间枪支弹药、爆炸、剧毒、放射性等危险物品安全管理的通告,https://www.pkulaw.com/lar/83325f68e7fb7b1b811299a49cd49bf4bdfb.html,2026.07.10,上海市人民政府,地方规范性文件,2026.07.10
地方法规,陕西省住房和城乡建设厅关于印发《陕西省住房城乡建设领域“人工智能+”行动方案》的通知,https://www.pkulaw.com/lar/df09d9460911cda8e3edd7049454b634bdfb.html,2026.07.10,陕西省住房和城乡建设厅,地方工作文件,2026.07.10
地方法规,北京市医疗保险事务管理中心关于公开发布第十三批智能审核规则库规则和知识点的通知,https://www.pkulaw.com/lar/31fe5acee516e7d3eeafd6112e4f11f4bdfb.html,2026.07.10,北京市医疗保险事务管理中心,地方工作文件,2026.07.10
地方法规,浙江省科学技术厅等5部门关于组织申报2027年度第一批省“尖兵”“领雁”科技计划项目(“文化+科技”、低空经济、深海智能装备与关键技术、深远海风电领域)的通知,https://www.pkulaw.com/lar/c2248f427316bfa279060fb9a76f83b3bdfb.html,2026.07.10,浙江省人民政府国有资产监督管理委员会,地方工作文件,2026.07.10
地方法规,上海市数据局关于开展2026年度第二批上海市城市数字化转型专项资金项目申报的通知,https://www.pkulaw.com/lar/86ce9ad7cfd4cce564b22abcbb1ef7c8bdfb.html,2026.07.10,上海市数据局,地方工作文件,2026.07.10
中央法规,上海证券交易所关于方正证券股份有限公司为鑫元上证科创板人工智能交易型开放式指数证券投资基金提供主做市服务的公告,https://www.pkulaw.com/chl/265610a3f47bde4bbdfb.html,2026.07.09,上海证券交易所,行业规定,2026.07.09
地方法规,温州市科学技术局关于认定全市重点实验室(人工智能领域)的通知,https://www.pkulaw.com/lar/4af889b99ae029610e1050d57e3a5759bdfb.html,2026.07.09,温州市科学技术局,地方工作文件,2026.07.09
地方法规,四川省科学技术厅关于发布2026年人工智能产业链攻关项目申报指南的通知,https://www.pkulaw.com/lar/e4db3a471269e3760bbc1dd434dab6f6bdfb.html,2026.07.09,四川省科学技术厅,地方工作文件,2026.07.09
地方法规,河南省发展和改革委员会关于发布河南省人工智能应用场景机会清单的通知,https://www.pkulaw.com/lar/f6b35964bcc35eda8d67c8d895b6c743bdfb.html,2026.07.09,河南省发展和改革委员会,地方工作文件,2026.07.09
地方法规,北京市医疗保险事务管理中心关于公开发布第十二批智能审核规则库规则和知识点的通知,https://www.pkulaw.com/lar/f3f0ec63306eca08f3f04a42ba30ac88bdfb.html,2026.07.09,北京市医疗保险事务管理中心,地方工作文件,2026.07.09
地方法规,上海市科学技术委员会关于开展2026年上海市东方英才计划拔尖、青年项目综合平台(未来产业赛道)申报评审工作的通知,https://www.pkulaw.com/lar/12f557608e45a61644ad80b8cbe4e50abdfb.html,2026.07.09,上海市科学技术委员会,地方工作文件,2026.07.09
地方法规,徐州市工业和信息化局关于征集徐州市第二批中小企业数字化转型城市试点企业及常态化申报的通知,https://www.pkulaw.com/lar/cf0618be691ea1cf24cf35120100f975bdfb.html,2026.07.09,徐州市工业和信息化局,地方工作文件,2026.07.09
中央法规,上海证券交易所关于华泰证券股份有限公司为易方达中证智能电动汽车交易型开放式指数证券投资基金提供主做市服务的公告,https://www.pkulaw.com/chl/1fbc3db696621773bdfb.html,2026.07.08,上海证券交易所,行业规定,2026.07.08
中央法规,上海证券交易所关于华泰证券股份有限公司为华夏上证科创板人工智能交易型开放式指数证券投资基金提供主做市服务的公告,https://www.pkulaw.com/chl/b403a18bb61e5689bdfb.html,2026.07.08,上海证券交易所,行业规定,2026.07.08
中央法规,上海证券交易所关于华泰证券股份有限公司为摩根中证科创创业人工智能交易型开放式指数证券投资基金提供主做市服务的公告,https://www.pkulaw.com/chl/7786dd6f0192850abdfb.html,2026.07.08,上海证券交易所,行业规定,2026.07.08
中央法规,深圳证券交易所关于为“平安申万―深担集团―中小微企业支持2号资产支持专项计划(南山区战略性新兴产业集群)”提供转让服务的公告,https://www.pkulaw.com/chl/b61aff41bffad661bdfb.html,2026.07.08,深圳证券交易所,行业规定,2026.07.08
地方法规,汕头市工业和信息化局关于下达省级中小企业数字化转型城市试点专项资金(制造业数字化改造方向)第五批入库项目计划的通知,https://www.pkulaw.com/lar/d82a8e2750a16b01e604729d6f9c172abdfb.html,2026.07.08,汕头市工业和信息化局,地方工作文件,2026.07.08
地方法规,温州市数据局、温州市人工智能局、温州市人力资源和社会保障局关于印发《温州市大数据和人工智能专业职称改革工作实施方案(试行)》的通知,https://www.pkulaw.com/lar/d9df4d17ef4b0d95cdd8483beeacd543bdfb.html,2026.07.07,温州市人力资源和社会保障局,地方工作文件,2026.08.07
中央法规,中国证监会关于同意天博智能科技(山东)股份有限公司首次公开发行股票注册的批复,https://www.pkulaw.com/chl/35120951182c5661bdfb.html,2026.07.07,中国证券监督管理委员会,部门规章；行政许可批复,2026.07.07
中央法规,上海证券交易所关于国信证券股份有限公司为天弘中证人工智能主题交易型开放式指数证券投资基金提供主做市服务的公告,https://www.pkulaw.com/chl/a73e5c5db41b287dbdfb.html,2026.07.07,上海证券交易所,行业规定,2026.07.07
中央法规,上海证券交易所关于招商证券股份有限公司为天弘中证人工智能主题交易型开放式指数证券投资基金提供主做市服务的公告,https://www.pkulaw.com/chl/95ea988ed8d101b0bdfb.html,2026.07.07,上海证券交易所,行业规定,2026.07.07
地方法规,深圳市住房和建设局关于印发《深圳市智能建造技术目录(第四版)》的通知,https://www.pkulaw.com/lar/2609f372ef463e8d7ebd104190b161b1bdfb.html,2026.07.07,深圳市住房和建设局,地方工作文件,2026.07.07
地方法规,漳州市商务局关于公布2026年智能家居产品购新补贴活动第四批参与企业名单的通知,https://www.pkulaw.com/lar/c73311e293867ffb7b5e145da59af82bbdfb.html,2026.07.07,漳州市商务局,地方工作文件,2026.07.07
地方法规,黑龙江省商务厅等6部门关于印发《2026年黑龙江省智能家居(自主品类)购新补贴实施细则》的通知,https://www.pkulaw.com/lar/70985ddf3a68c2794c47a0b3b39f5eeebdfb.html,2026.07.07,黑龙江省邮政管理局,地方规范性文件,2026.07.07
地方法规,上海市经济和信息化委员会关于印发《上海市进一步推动“AI+制造”发展的若干措施》的通知,https://www.pkulaw.com/lar/5dd7843560e6f36f68f711b0e1237627bdfb.html,2026.07.07,上海市经济和信息化委员会,地方工作文件,2026.07.07
中央法规,中国证券业协会培训中心关于举办证券公司数字化能力提升专题培训班的通知,https://www.pkulaw.com/chl/77fab33526940e8cbdfb.html,2026.07.07,中国证券业协会,行业规定,2026.07.07
地方法规,中山市工业和信息化局关于开展2026年中山市中小企业数字化转型城市试点数字化改造预奖补项目入库申报的通知,https://www.pkulaw.com/lar/4dfc0c22faba4e37521d01d2dbca1af4bdfb.html,2026.07.07,中山市工业和信息化局,地方工作文件,2026.07.07
地方法规,江西省发展改革委(江西省数据局)、江西省工业和信息化厅、江西省财政厅关于印发《江西省算力券(数据券)管理办法》的通知,https://www.pkulaw.com/lar/637194f04cd58d2a26066051989749b7bdfb.html,2026.07.06,江西省财政厅,地方规范性文件,2026.08.06
地方法规,山东省工业和信息化厅关于公布山东省首批重点建设的具身智能机器人训练场名单的通知,https://www.pkulaw.com/lar/f066733872a3d49bd3dc29edd304bca3bdfb.html,2026.07.06,山东省工业和信息化厅,地方工作文件,2026.07.06
地方法规,珠海市工业和信息化局关于开展2027年省级支持推动人工智能赋能新型工业化标杆项目入库的通知,https://www.pkulaw.com/lar/abf1a0390ee9f099dfff92423816aa54bdfb.html,2026.07.06,珠海市工业和信息化局,地方工作文件,2026.07.06
地方法规,东莞市人民政府办公室关于印发《东莞市推动AI服务器产业高质量发展实施方案》的通知,https://www.pkulaw.com/lar/5767916f31173196ea24a5fe3667d8c1bdfb.html,2026.07.06,东莞市人民政府,地方工作文件,2026.07.06
地方法规,广州市发展和改革委员会关于广州智晟算力中心项目节能报告的审查意见,https://www.pkulaw.com/lar/a91fac734f2365128ed4c7ee738d3897bdfb.html,2026.07.06,广州市发展和改革委员会,地方工作文件,2026.07.06
地方法规,漳州市工业和信息化局关于公布漳州市中小企业数字化转型试点城市第二批数字化服务商单的通知,https://www.pkulaw.com/lar/9e3e7052ff2e7ac813b2bcb870a8fa93bdfb.html,2026.07.06,漳州市工业和信息化局,地方工作文件,2026.07.06
地方法规,漳州市工业和信息化局关于公布漳州市第二批中小企业数字化转型试点城市试点企业的通知,https://www.pkulaw.com/lar/ac4413e832a3b893b4c30ca2033aa32abdfb.html,2026.07.06,漳州市工业和信息化局,地方工作文件,2026.07.06
中央法规,中国气象局综合观测司关于修订高标准农田—智能采集器和作物实景观测仪功能规格需求书的通知,https://www.pkulaw.com/chl/74d060c3ada7ee62bdfb.html,2026.07.03,中国气象局,部门规章；部门工作文件,2026.07.03
地方法规,烟台市住房和城乡建设局关于开展烟台市“人工智能辅助招投标”试点工作的通知,https://www.pkulaw.com/lar/53d5336e2cf63ad1f4520f7ca434b017bdfb.html,2026.07.03,烟台市住房和城乡建设局,地方工作文件,2026.07.03
地方法规,宁波市经济和信息化局关于开展2025年度宁波市支持人工智能大模型研发应用政策申报的通知,https://www.pkulaw.com/lar/415ca3260dedbbe49fb31801f31c2452bdfb.html,2026.07.03,宁波市经济和信息化局,地方工作文件,2026.07.03
地方法规,北京市智慧城市基础设施与智能网联汽车协同发展工作办公室关于开展2026年数据领域核心技术攻关补贴申报的通知,https://www.pkulaw.com/lar/9c4d0a69db71f4b71bfbbb64bc9d4260bdfb.html,2026.07.03,北京市智慧城市基础设施与智能网联汽车协同发展工作办公室,地方工作文件,2026.07.03
地方法规,横琴粤澳深度合作区关于转发《广东省工业和信息化厅关于开展2027年度支持推动人工智能赋能新型工业化标杆项目入库的通知》通知,https://www.pkulaw.com/lar/f3aadbeff6692c871a0c99bfe7910363bdfb.html,2026.07.03,横琴粤澳深度合作区管理委员会,地方工作文件,2026.07.03
地方法规,无锡市工业和信息化局、无锡市财政局关于发布《无锡市中小企业数字化转型试点城市数字化改造项目(第二批)申报指南》的通知,https://www.pkulaw.com/lar/8bd59f74740ed579baa51f1f648b4310bdfb.html,2026.07.03,无锡市财政局,地方工作文件,2026.07.03
地方法规,北京市人力资源和社会保障局关于印发《北京市人工智能专业职称评价办法》的通告(2026修订),https://www.pkulaw.com/lar/455d6fd2640000aa771d97c22c5de131bdfb.html,2026.07.02,北京市人力资源和社会保障局,地方规范性文件,2026.07.03
中央法规,上海证券交易所关于方正证券股份有限公司为天弘中证人工智能主题交易型开放式指数证券投资基金提供主做市服务的公告,https://www.pkulaw.com/chl/31a1958a1c2f3136bdfb.html,2026.07.02,上海证券交易所,行业规定,2026.07.02
中央法规,上海证券交易所关于广发证券股份有限公司为天弘中证人工智能主题交易型开放式指数证券投资基金提供主做市服务的公告,https://www.pkulaw.com/chl/37c1938c2baa9fdfbdfb.html,2026.07.02,上海证券交易所,行业规定,2026.07.02
中央法规,上海证券交易所关于中信建投证券股份有限公司为天弘中证人工智能主题交易型开放式指数证券投资基金提供主做市服务的公告,https://www.pkulaw.com/chl/a14ffefafd2e2e33bdfb.html,2026.07.02,上海证券交易所,行业规定,2026.07.02
中央法规,上海证券交易所关于中信证券股份有限公司为鑫元上证科创板人工智能交易型开放式指数证券投资基金提供主做市服务的公告,https://www.pkulaw.com/chl/adf8d56293c73f5dbdfb.html,2026.07.02,上海证券交易所,行业规定,2026.07.02
中央法规,上海证券交易所关于中信建投证券股份有限公司为鑫元上证科创板人工智能交易型开放式指数证券投资基金提供主做市服务的公告,https://www.pkulaw.com/chl/134ebe351e2bd15cbdfb.html,2026.07.02,上海证券交易所,行业规定,2026.07.02
地方法规,黄冈市人民政府办公室关于印发《加快推进绿色智能建造产业发展若干措施(试行)》的通知,https://www.pkulaw.com/lar/6cccb1b9dd3f383844f049fdeae22cffbdfb.html,2026.07.02,黄冈市人民政府,地方工作文件,2026.07.02
地方法规,中共辽宁省委教育工作领导小组关于印发《辽宁省“人工智能+教育”高质量发展行动方案》的通知,https://www.pkulaw.com/lar/7fb49bcd94f669b4061a535a36fa5db0bdfb.html,2026.07.02,中共辽宁省委教育工作领导小组,地方工作文件,2026.07.02
地方法规,珠海市工业和信息化局关于印发《珠海市人工智能赋能制造业高质量发展行动方案(2026—2028年)》的通知,https://www.pkulaw.com/lar/8b14050e3e5bc5d2e8a98774182fa803bdfb.html,2026.07.02,珠海市工业和信息化局,地方工作文件,2026.07.02
地方法规,广州市工业和信息化局关于印发《广州市推动具身智能机器人产业高质量发展若干措施》的通知,https://www.pkulaw.com/lar/9ceddab4b30529a7530f3e939ce72ec6bdfb.html,2026.07.02,广州市工业和信息化局,地方工作文件,2026.07.02
地方法规,云南省工业和信息化厅关于征集制造业数智化转型供给服务资源池的通知,https://www.pkulaw.com/lar/4414c2be788eecefbceb4374c1453fa6bdfb.html,2026.07.02,云南省工业和信息化厅,地方工作文件,2026.07.02
地方法规,珠海市工业和信息化局关于公布珠海市省级中小企业数字化转型城市试点数字化产品清单(第九批)的通知,https://www.pkulaw.com/lar/838744a40ee844943c1e6cc27e63fc6dbdfb.html,2026.07.02,珠海市工业和信息化局,地方工作文件,2026.07.02
中央法规,全国网络安全标准化技术委员会秘书处关于发布《网络安全标准实践指南——智能体部署使用安全指引》的通知,https://www.pkulaw.com/chl/341253c4487fca03bdfb.html,2026.07.01,全国网络安全标准化技术委员会,部门规章；部门工作文件,2026.07.01
中央法规,中国互联网协会网络文化与数字传媒工作委员会关于征集《“智能向善品质向上”共同推动网络文化高质量发展倡议书》响应单位的通知,https://www.pkulaw.com/chl/8140a7b066837bdebdfb.html,2026.07.01,中国互联网协会,行业规定,2026.07.01
地方法规,2026年度拉萨市基础级智能工厂公告,https://www.pkulaw.com/lar/d9fd309559096c2d853ad7f218692dacbdfb.html,2026.07.01,拉萨市经济和信息化局,地方工作文件,2026.07.01
地方法规,北京市体育局关于征集2026年度智能体育典型案例的通知,https://www.pkulaw.com/lar/ce035c3acb6b84010040544e9444005ebdfb.html,2026.07.01,北京市体育局,地方工作文件,2026.07.01
地方法规,上海市交通委员会关于进一步开展本市驾培行业智能教学设备应用工作的通知,https://www.pkulaw.com/lar/2ced323e78f454d16e435fe06318ab36bdfb.html,2026.07.01,上海市交通委员会,地方工作文件,2026.07.01
地方法规,惠州市工业和信息化局关于开展2027年支持推动人工智能赋能新型工业化标杆项目入库的通知,https://www.pkulaw.com/lar/046371b5ab3f6edc73ce41499262fe80bdfb.html,2026.07.01,惠州市工业和信息化局,地方工作文件,2026.07.01
地方法规,徐州市政务办关于徐州市2026年度智能公共消火栓建设项目可行性研究报告(代项目建议书)的批复,https://www.pkulaw.com/lar/bb3883e2a8d4864cbe845270a7c5cc80bdfb.html,2026.07.01,徐州市政务服务管理办公室,地方工作文件,2026.07.01
地方法规,汕头市工业和信息化局关于开展2027年度支持推动人工智能赋能新型工业化标杆项目入库的通知,https://www.pkulaw.com/lar/f4c435703ed6ad2ea39744a9f93fbab5bdfb.html,2026.07.01,汕头市工业和信息化局,地方工作文件,2026.07.01
地方法规,广东省生态环境厅关于广州迪测智能科技有限公司工业X射线移动式探伤项目环境影响报告表的批复,https://www.pkulaw.com/lar/d69896963d47ddf949c33520b01cb6b7bdfb.html,2026.07.01,广东省生态环境厅,地方工作文件,2026.07.01
中央法规,国家互联网信息办公室关于发布生成式人工智能服务已备案信息的公告(2026年5月至6月),https://www.pkulaw.com/chl/c67e1d3cb415b540bdfb.html,2026.07,国家互联网信息办公室,部门规章；部门工作文件,2026.07
中央法规,中国建筑业协会关于发布《建筑业企业数字化转型建设标准》的公告,https://www.pkulaw.com/chl/36523d14ecfc0616bdfb.html,2026.06.30,中国建筑业协会,行业规定,2026.09.01
地方法规,山东省工业和信息化厅、山东省财政厅关于印发山东省人工智能终端财政奖补资金管理办法及实施细则的通知,https://www.pkulaw.com/lar/52dc5a86b7f6dd3fea2e8fcdfcd2e2c7bdfb.html,2026.06.30,山东省财政厅,地方规范性文件,2026.08.02
中央法规,上海证券交易所关于东方证券股份有限公司为国泰上证科创板人工智能交易型开放式指数证券投资基金提供一般做市服务的公告,https://www.pkulaw.com/chl/3a5467572eb73289bdfb.html,2026.06.30,上海证券交易所,行业规定,2026.06.30
中央法规,上海证券交易所关于东海证券股份有限公司为易方达上证科创板人工智能交易型开放式指数证券投资基金提供一般做市服务的公告,https://www.pkulaw.com/chl/8cc5dfd8444aae1dbdfb.html,2026.06.30,上海证券交易所,行业规定,2026.06.30
中央法规,上海证券交易所关于国信证券股份有限公司为汇添富上证科创板人工智能交易型开放式指数证券投资基金提供一般做市服务的公告,https://www.pkulaw.com/chl/80143ed1702eedc5bdfb.html,2026.06.30,上海证券交易所,行业规定,2026.06.30
中央法规,上海证券交易所关于东方证券股份有限公司为博时上证科创板人工智能交易型开放式指数证券投资基金提供一般做市服务的公告,https://www.pkulaw.com/chl/bc26d205d9be4317bdfb.html,2026.06.30,上海证券交易所,行业规定,2026.06.30
地方法规,中山市住房和城乡建设局关于印发《中山市智能建造项目评价指引(试行)》的通知,https://www.pkulaw.com/lar/a2b1e6b3409cd0d3c7b3350cda5ebe00bdfb.html,2026.06.30,中山市住房和城乡建设局,地方工作文件,2026.06.30
地方法规,福建省工业和信息化厅关于公布“闽派视听大模型”等87个省人工智能项目的通知,https://www.pkulaw.com/lar/88118627e76c43497d19186f85a7ba24bdfb.html,2026.06.30,福建省工业和信息化厅,地方工作文件,2026.06.30
地方法规,连云港市工信局关于印发《连云港市“人工智能+工业”高质量发展三年行动方案(2026—2028年)》的通知,https://www.pkulaw.com/lar/603d876665eb0fcae7a32104296893e1bdfb.html,2026.06.30,连云港市工业和信息化局,地方工作文件,2026.06.30
地方法规,广州市工业和信息化局关于发布《广州市智能网联汽车(车联网)示范应用场景目录(第三批)》的通告,https://www.pkulaw.com/lar/0dc22a6b14cd5ac35e0da4e96136be20bdfb.html,2026.06.30,广州市工业和信息化局,地方工作文件,2026.06.30
地方法规,中共北京市委教育科技人才工作领导小组关于印发《北京市加快推进人工智能赋能科学研究实施方案(2026―2028年)》的通知,https://www.pkulaw.com/lar/2991f52f10b91b90db2661a625b1da87bdfb.html,2026.06.30,中共北京市委教育科技人才工作领导小组,地方工作文件,2026.06.30
地方法规,北京市经济和信息化局关于发布2026年第三批人工智能赋能新型工业化高质量数据集需求清单公开征集建设单位的通知,https://www.pkulaw.com/lar/6275d29e2c6a427b514ff8e36906e285bdfb.html,2026.06.30,北京市经济和信息化局,地方工作文件,2026.06.30
地方法规,惠州市工业和信息化局关于组织企业参加第二十一届中国国际中小企业博览会中小企业数智化转型展的通知,https://www.pkulaw.com/lar/c656c7cf20148ac25179b5063abab9cdbdfb.html,2026.06.30,惠州市工业和信息化局,地方工作文件,2026.06.30
地方法规,湖南省工业和信息化厅关于印发《湖南省算力调度平台算力资源并网规范》的通知,https://www.pkulaw.com/lar/9091e0cf0345e4533f5fc09bc1632afcbdfb.html,2026.06.30,湖南省工业和信息化厅,地方规范性文件,2026.06.30
地方法规,汕头市工业和信息化局关于开展省级中小企业数字化转型城市试点专项资金(制造业数字化改造方向)第七批项目入库申报工作的通知,https://www.pkulaw.com/lar/b9570f723e06083f0c5485b041bd0e68bdfb.html,2026.06.30,汕头市工业和信息化局,地方工作文件,2026.06.30
地方法规,珠海市工业和信息化局关于开展数字化建档评测工作的通知,https://www.pkulaw.com/lar/5b3c8c62b1b078ec5755bfa70241b261bdfb.html,2026.06.30,珠海市工业和信息化局,地方工作文件,2026.06.30
地方法规,广东省政务服务和数据管理局等11部门关于印发《广东省推进城市全域数字化转型建设智慧城市行动方案》的通知,https://www.pkulaw.com/lar/8820523a001632a8ce63e562ee313763bdfb.html,2026.06.30,广东省消防救援总队,地方工作文件,2026.06.30
中央法规,中国建筑业协会关于召开绿色智能建造大会暨项目观摩会的通知,https://www.pkulaw.com/chl/9ca002fa5538c52bbdfb.html,2026.06.29,中国建筑业协会,行业规定,2026.06.29
地方法规,兰州市人民政府办公室关于印发《推进“人工智能+”数据新要素行动的工作方案》的通知,https://www.pkulaw.com/lar/78092d0b076e7dd186d9c010531d4f2dbdfb.html,2026.06.29,兰州市人民政府,地方工作文件,2026.06.29
地方法规,山东省住房和城乡建设厅、中共山东省委省直机关工作委员会关于开展2026年全省住房城乡建设系统“人工智能+”赋能高质量发展劳动竞赛的通知,https://www.pkulaw.com/lar/54966bba4d7f306aeecb49d3b412730ebdfb.html,2026.06.29,中共山东省委省直机关工作委员会,地方工作文件,2026.06.29
中央法规,中国网络安全审查认证和市场监管大数据中心信息安全基准实验室关于开展2026年移动智能终端应用软件安全测试能力验证计划的通知,https://www.pkulaw.com/chl/6a1736ce8be74067bdfb.html,2026.06.26,中国网络安全审查认证和市场监管大数据中心,部门规章；部门工作文件,2026.06.26
地方法规,中山市住房和城乡建设局关于印发《中山市智能建造技术目录(2026版)》的通知,https://www.pkulaw.com/lar/ec2b3f2d95406e34f73779a79cd514acbdfb.html,2026.06.26,中山市住房和城乡建设局,地方工作文件,2026.06.26
地方法规,深圳市市场监督管理局关于发布《深圳市智能眼镜产品质量监督抽查实施规范(2026年版)》的通告,https://www.pkulaw.com/lar/d85f45cf9da0aad90983a4da01e43b26bdfb.html,2026.06.26,深圳市市场监督管理局,地方工作文件,2026.06.26
地方法规,青岛市大数据发展管理局等3部门关于印发《青岛市数据赋能人工智能创新发展工作方案》的通知,https://www.pkulaw.com/lar/0b6bf1c7f6b3a8443ebc70930643e9e6bdfb.html,2026.06.26,青岛市工业和信息化局,地方工作文件,2026.06.26
地方法规,济宁市人民政府办公室关于印发《济宁市加快推进“人工智能+”高质量发展三年行动方案(2026—2028年)》的通知,https://www.pkulaw.com/lar/f4f7df05c80aca0e0794e529944147febdfb.html,2026.06.26,济宁市人民政府,地方工作文件,2026.06.26
地方法规,中山市人民政府关于中山市大涌镇现代智能家居产业园片区(1602单元)01街区控制性详细规划一般修改(2026)成果的批复,https://www.pkulaw.com/lar/8eab71834361b01516e774c24b72d27abdfb.html,2026.06.26,中山市人民政府,地方工作文件,2026.06.26
地方法规,中共北京市通州区委宣传部关于印发《关于北京城市副中心促进微短剧及AI漫剧产业高质量发展的若干措施》的通知,https://www.pkulaw.com/lar/436757328f313cbd32036c5685b4da62bdfb.html,2026.06.26,北京市通州区人民政府,地方规范性文件,2026.06.26
地方法规,汕头市工业和信息化局关于公布汕头市省级中小企业数字化转型城市试点专项资金(制造业数字化改造方向)第五批入库项目名单的通知,https://www.pkulaw.com/lar/82bc9b205abf5426a021832a1f9afcb5bdfb.html,2026.06.26,汕头市工业和信息化局,地方工作文件,2026.06.26
地方法规,江苏省住房和城乡建设厅关于印发《江苏省“人工智能+住房城乡建设”行动方案》的通知,https://www.pkulaw.com/lar/3794bed74ff58610d4a629dcf8d896ebbdfb.html,2026.06.25,江苏省住房和城乡建设厅,地方工作文件,2026.06.25
地方法规,北京经济技术开发区信息技术产业局关于开展2026年上半年人工智能“模型券”申报的通知,https://www.pkulaw.com/lar/893d3fe4d75e96f7b3b79ec0cc73b00ebdfb.html,2026.06.25,北京经济技术开发区信息技术产业局,地方工作文件,2026.06.25
中央法规,中国商业联合会团体标准公告2026年第5号(总第47号)——关于公布《商贸流通业生成式引擎优化(GEO)智能营销技术服务规范》等2项团体标准的公告,https://www.pkulaw.com/chl/3d6cff9d7d377785bdfb.html,2026.06.24,中国商业联合会,行业规定,2026.07.01
地方法规,郑州市人民政府办公室关于印发郑州市人工智能OPC创业社区推广方案的通知,https://www.pkulaw.com/lar/ef37eda2f1c0a7e7293c807d32b0134cbdfb.html,2026.06.24,郑州市人民政府,地方工作文件,2026.06.24
地方法规,宁德市生态环境局关于宁德华弘新材料有限公司5万吨/年钢包用镁碳砖智能化生产线改扩建项目环境影响报告表的批复,https://www.pkulaw.com/lar/f4fba64980d8e24c2bf114048863b8a0bdfb.html,2026.06.24,宁德市生态环境局,地方工作文件,2026.06.24
地方法规,梅州市工业和信息化局、梅州市公安局、梅州市住房和城乡建设局、梅州市交通运输局、梅州市邮政管理局关于印发梅州市智能网联汽车与功能型无人车道路测试及示范应用管理实施细则(试行)的通知,https://www.pkulaw.com/lar/2929113cf4629ea2f05895fa52e40e31bdfb.html,2026.06.24,梅州市邮政管理局,地方规范性文件,2026.06.24
地方法规,深圳市龙岗区工业和信息化局关于印发《深圳市龙岗区工业和信息化产业发展专项资金关于支持人工智能产业引领高质量发展实施细则(修订版)》的通知,https://www.pkulaw.com/lar/d89725b384a37323198825b3cae81aa8bdfb.html,2026.06.23,深圳市龙岗区工业和信息化局,地方规范性文件,2026.07.06
中央法规,全国住房城乡建设行业职业技能大赛组委会秘书处关于第二届全国住房城乡建设行业职业技能大赛智能楼宇管理员赛项技术文件调整的通知,https://www.pkulaw.com/chl/9f54fc1ae569a01fbdfb.html,2026.06.23,住房和城乡建设部,部门规章；部门工作文件,2026.06.23
地方法规,苏州市发展和改革委员会关于印发苏州市2026年度“人工智能+”行动方案的通知,https://www.pkulaw.com/lar/93b4d9dbb16c83a46daca505b503307bbdfb.html,2026.06.23,苏州市发展和改革委员会,地方工作文件,2026.06.23
地方法规,浙江省发展改革委关于开展浙江省人工智能+典型应用场景遴选工作的通知,https://www.pkulaw.com/lar/869cbf92b49223fe488e8d4d9f0791cebdfb.html,2026.06.23,浙江省发展和改革委员会,地方工作文件,2026.06.23
地方法规,黑龙江省教育厅等八部门关于印发《黑龙江省推进“人工智能+教育”行动方案》的通知,https://www.pkulaw.com/lar/0f1276c75e7a51b03f03b61fcc3aed41bdfb.html,2026.06.23,黑龙江省通信管理局,地方工作文件,2026.06.23
地方法规,北京市科学技术委员会、中关村科技园区管理委员会关于转发新一代人工智能国家科技重大专项2026年度第一批公开项目申报指南的通知,https://www.pkulaw.com/lar/85f068879c8129576b2ed82673ec2e8bbdfb.html,2026.06.23,北京市中关村科技园区管理委员会,地方工作文件,2026.06.23
地方法规,广州市工业和信息化局、广州市人民政府国有资产监督管理委员会转发关于联合开展2026年度人形机器人与具身智能实景实训专项行动的通知,https://www.pkulaw.com/lar/6d96153600ad8086afaf0b94a93665cabdfb.html,2026.06.23,广州市人民政府国有资产监督管理委员会,地方工作文件,2026.06.23
地方法规,苏州市住房和城乡建设局、苏州市自然资源和规划局关于落实智能建造容积率奖励政策的通知,https://www.pkulaw.com/lar/a2e55f90cc7288b152b378371514dbc3bdfb.html,2026.06.22,苏州市自然资源和规划局,地方规范性文件,2026.07.22
中央法规,2026时空大数据与人工智能技术大会会务组关于召开2026时空大数据与人工智能技术大会的通知,https://www.pkulaw.com/chl/c81a3da6a59a6fabbdfb.html,2026.06.22,中国测绘学会,行业规定,2026.06.22
中央法规,中国证监会国际合作司关于罗博特科智能科技股份有限公司境外发行上市备案通知书,https://www.pkulaw.com/chl/264531c89a923dfebdfb.html,2026.06.22,中国证券监督管理委员会,部门规章；部门工作文件,2026.06.22
中央法规,工业和信息化部办公厅、市场监管总局办公厅关于印发2023年度智能制造系统解决方案“揭榜挂帅”验收通过项目名单的通知,https://www.pkulaw.com/chl/141c20f34081697ebdfb.html,2026.06.22,国家市场监督管理总局,部门规章；部门工作文件,2026.06.22
中央法规,人力资源社会保障部、国家发展改革委、工业和信息化部、国家数据局关于加快推进“人工智能＋人社”应用发展的实施意见,https://www.pkulaw.com/chl/efd1ea924ea8456cbdfb.html,2026.06.22,国家数据局,部门规章；部门工作文件,2026.06.22
地方法规,湖北省住房和城乡建设厅关于印发《中建壹品汉韵公馆智能建造技术应用推广清单》的通知,https://www.pkulaw.com/lar/247d3651037a9f74b5b64f2f32b0a346bdfb.html,2026.06.22,湖北省住房和城乡建设厅,地方工作文件,2026.06.22
地方法规,北京市医疗保险事务管理中心关于公开发布第十一批智能审核规则库规则和知识点的通知,https://www.pkulaw.com/lar/4968c48dff925f7c11313d1294d50150bdfb.html,2026.06.22,北京市医疗保险事务管理中心,地方工作文件,2026.06.22
地方法规,广东省生态环境厅关于东莞市爱康智能技术股份有限公司核技术利用建设项目环境影响报告表的批复及公告,https://www.pkulaw.com/lar/ad2a3cb8c4b9fd95df46dcadc0ce0588bdfb.html,2026.06.22,广东省生态环境厅,地方工作文件,2026.06.22
地方法规,湖南省工业和信息化厅、湖南省人民政府国有资产监督管理委员会关于组织参与2026年度人形机器人与具身智能实景实训专项行动的通知,https://www.pkulaw.com/lar/d44f449c7817dcd5689227558e0632c3bdfb.html,2026.06.22,湖南省人民政府国有资产监督管理委员会,地方工作文件,2026.06.22
中央法规,中国注册税务师协会关于启动全国税务师行业AI赋能涉税专业服务技能竞赛报名及初赛的通知,https://www.pkulaw.com/chl/2b92d997b0199c71bdfb.html,2026.06.22,中国注册税务师协会,行业规定,2026.06.22
地方法规,龙岩市工业和信息化局关于培育制造业数字化转型促进中心的通知,https://www.pkulaw.com/lar/a5667fba43fa3b8a7ec31cd448d54d27bdfb.html,2026.06.22,龙岩市工业和信息化局,地方工作文件,2026.06.22
地方法规,安徽省科学技术厅关于下达《打造通用人工智能产业创新和应用高地若干政策(2.0版)》2026年政策兑现的通知,https://www.pkulaw.com/lar/1f6f84c06055bcc1558937adf9fd3075bdfb.html,2026.06.20,安徽省科学技术厅,地方规范性文件,2026.06.20
中央法规,工业和信息化部等八部门印发《关于推动工业互联网高质量发展的实施意见》的通知,https://www.pkulaw.com/chl/f20befd9d7112eb8bdfb.html,2026.06.20,中国证券监督管理委员会,部门规章；部门规范性文件,2026.06.20
地方法规,漳州市交通运输局、漳州市工业和信息化局、漳州市公安局交通管理局关于印发《漳州市智能网联汽车道路测试与示范应用管理实施细则(试行)》《漳州市低速功能型无人车道路测试与示范运营管理实施细则(试行)》的通知,https://www.pkulaw.com/lar/2cfc80071d49b1409bff4cceefa5831dbdfb.html,2026.06.19,漳州市公安局,地方规范性文件,2026.06.19
地方法规,山东省工业和信息化厅、山东省发展和改革委员会、山东省财政厅、山东省人民政府国有资产监督管理委员会、山东省市场监督管理局、山东省大数据局关于印发《山东省智能工厂梯度培育认定管理办法》的通知,https://www.pkulaw.com/lar/037be8e0d0c2b4ed127dc8238ce05445bdfb.html,2026.06.18,山东省大数据局,地方规范性文件,2026.07.18
中央法规,国家金融监督管理总局关于银行业保险业人工智能安全开发应用的指导意见,https://www.pkulaw.com/chl/1e5f2124e3903503bdfb.html,2026.06.18,国家金融监督管理总局,部门规章；部门规范性文件,2026.06.18
中央法规,中国建筑业协会建筑安全与机械分会关于召开2026年建筑机械智能建造新技术、新设备交流会的通知,https://www.pkulaw.com/chl/4fcd2348e5272d3abdfb.html,2026.06.18,中国建筑业协会,行业规定,2026.06.18
地方法规,莆田市商务局关于启动2026年莆田市智能家居产品购新补贴活动的公告,https://www.pkulaw.com/lar/661575f833cecac52fa0815b2d3d8e9cbdfb.html,2026.06.18,莆田市商务局,地方工作文件,2026.06.18
地方法规,郑州市科学技术局关于征集人工智能领域关键技术及应用场景需求的通知,https://www.pkulaw.com/lar/3d83bad1917121d30f3006e68a2617e2bdfb.html,2026.06.18,郑州市科学技术局,地方工作文件,2026.06.18
地方法规,江苏省商务厅等12部门关于印发江苏省“人工智能+”消费提质实施方案的通知,https://www.pkulaw.com/lar/6976e7c95be46370518039090be941fdbdfb.html,2026.06.18,江苏省体育局,地方工作文件,2026.06.18
地方法规,钦州市人民政府办公室关于印发《钦州市低空政务智能无人机应用管理暂行办法》的通知,https://www.pkulaw.com/lar/e4d8e654b0e4721f38c018c34b1b9114bdfb.html,2026.06.18,钦州市人民政府,地方规范性文件,2026.06.18
地方法规,广州市智能建造与工业化建筑协会关于发布《广州市模块化建筑技术体系指南(试行)》的通知,https://www.pkulaw.com/lar/c2b8b20d09c30b60f1841338bb2e4a7abdfb.html,2026.06.18,广州市智能建造与工业化建筑协会,地方工作文件,2026.06.18
地方法规,深圳市科技创新局关于印发《深圳市具身智能机器人技术创新与产业发展行动计划(2025―2027年)(修订版)》的通知,https://www.pkulaw.com/lar/23387a8cae5329c3f49deaee7dea1659bdfb.html,2026.06.18,深圳市科技创新局,地方工作文件,2026.06.18
地方法规,南京市工业和信息化局关于转发《省工信厅关于组织申报人形机器人与具身智能实景实训重点场景的通知》的通知,https://www.pkulaw.com/lar/f1ee5600ea006193643baa101c4721febdfb.html,2026.06.18,南京市工业和信息化局,地方工作文件,2026.06.18
地方法规,福建省工业和信息化厅关于公布“具身智能机器人关键技术研发及应用”等2026年省制造业技术创新重点攻关及产业化项目的通知,https://www.pkulaw.com/lar/ae4817cf237a3142b545ebb648c2ea1fbdfb.html,2026.06.18,福建省工业和信息化厅,地方工作文件,2026.06.18
地方法规,北京市大兴区农业农村局北京市大兴区财政局北京市大兴区农业服务中心关于印发《2026年大兴区智能农机装备作业补贴工作实施方案》的通知,https://www.pkulaw.com/lar/292f2ae4c0144feb4c674532c10fc9e4bdfb.html,2026.06.18,北京市大兴区农业服务中心,地方工作文件,2026.06.18
中央法规,自然资源部第二海洋研究所、中国测绘学会海洋测绘专业委员会关于召开“中国测绘学会海洋测绘专业委员会AI时代下的海洋时空基准建模研讨会”的通知,https://www.pkulaw.com/chl/4418229ee3a5a8c7bdfb.html,2026.06.18,中国测绘学会,行业规定,2026.06.18
地方法规,广西壮族自治区科技厅等5部门印发《关于推动全国医保影像AI识图大赛成果转化应用行动方案(2026—2028年)》的通知,https://www.pkulaw.com/lar/804db53468892d596b0a0d23ce9e2eddbdfb.html,2026.06.18,广西壮族自治区产业园区改革发展办公室,地方工作文件,2026.06.18
地方法规,青岛市大数据发展管理局关于印发《青岛市2025年高质量数据集建设奖补项目申报指南》的通知,https://www.pkulaw.com/lar/2137dc40da0a4d918920a2a0ba5d8c2dbdfb.html,2026.06.18,青岛市大数据发展管理局,地方工作文件,2026.06.18
地方法规,深圳市龙岗区工业和信息化局关于印发《深圳市龙岗区关于支持人工智能产业引领高质量发展若干措施(修订稿)》的通知(2026),https://www.pkulaw.com/lar/eb14599d90683da7c655229f5962230abdfb.html,2026.06.17,深圳市龙岗区工业和信息化局,地方工作文件,2026.06.29
中央法规,上海证券交易所发行上市审核规则适用指引第10号——人工智能大模型企业适用科创板第五套上市标准,https://www.pkulaw.com/chl/ef0cb7c602b8355cbdfb.html,2026.06.17,上海证券交易所,行业规定,2026.06.17
地方法规,北京市经济和信息化局关于印发《支持人工智能OPC创新发展行动方案(试行)》的通知,https://www.pkulaw.com/lar/4dc45ce75b87b4805b1733b2a6ef698cbdfb.html,2026.06.17,北京市经济和信息化局,地方工作文件,2026.06.17
地方法规,开封市人民政府办公室关于印发公平竞争审查智能监测攻坚等工作方案的通知,https://www.pkulaw.com/lar/a0a2f1630f3a3bab56f1d3fafe02f800bdfb.html,2026.06.17,开封市人民政府,地方工作文件,2026.06.17
地方法规,福建省工业和信息化厅等八部门关于印发《福建省“人工智能+制造”行动计划(2026—2028年)》的通知,https://www.pkulaw.com/lar/d7d9b7f17281e3df355ac737fe1f7f20bdfb.html,2026.06.17,福建省数据管理局,地方工作文件,2026.06.17
地方法规,黑龙江省发展和改革委员会关于组织申报国家能源局“人工智能+”能源融合试点工作的通知,https://www.pkulaw.com/lar/48b9aab61a87d85f03730167a07b2fcabdfb.html,2026.06.17,黑龙江省发展和改革委员会,地方工作文件,2026.06.17
地方法规,广州市规划和自然资源局关于公布实施《白云区政府储备用地(白云湖智能制造产业园)控制性详细规划优化》等5项规划成果的通告,https://www.pkulaw.com/lar/7223902759cbd4d408421091e13d5be4bdfb.html,2026.06.17,广州市规划和自然资源局,地方工作文件,2026.06.17
地方法规,山西省商务厅关于公开征集消费品以旧换新AI语音应答业务服务商的通知,https://www.pkulaw.com/lar/b369985927c5532ab1c79b189e71f187bdfb.html,2026.06.17,山西省商务厅,地方工作文件,2026.06.17
地方法规,青岛市工业和信息化局关于印发《支持国家级工业互联网平台高质量发展若干措施实施细则(修订)》的通知(2026),https://www.pkulaw.com/lar/6edfad54318c521904f8994236ca8445bdfb.html,2026.06.17,青岛市工业和信息化局,地方规范性文件,2026.06.17
中央法规,中国互联网协会关于征集《智能体互联网治理智能体交互技术要求》团体标准参编单位的通知,https://www.pkulaw.com/chl/d9d7dcfa9bf3ad14bdfb.html,2026.06.16,中国互联网协会,行业规定,2026.06.16
地方法规,青岛市工业和信息化局关于公布《青岛市2026年先进级智能工厂名单》的通知,https://www.pkulaw.com/lar/ef7da0aa316f8eedf0bdbaa8c6c478bbbdfb.html,2026.06.16,青岛市工业和信息化局,地方工作文件,2026.06.16
地方法规,杭州市城乡建设委员会关于征集第二批“人工智能+建筑业”创新做法的通知,https://www.pkulaw.com/lar/5c00c2a8de3775868c66af0b08107af4bdfb.html,2026.06.16,杭州市城乡建设委员会,地方工作文件,2026.06.16
地方法规,北京市通州区文化和旅游局关于印发《关于北京城市副中心支持“人工智能+文旅”发展的若干措施》的通知,https://www.pkulaw.com/lar/1ab500ae187bffe34f146263d06ed5b7bdfb.html,2026.06.16,北京市通州区文化和旅游局,地方规范性文件,2026.06.16
地方法规,上海市经济和信息化委员会关于开展2026年度人形机器人与具身智能实景实训专项行动申报材料征集工作的通知,https://www.pkulaw.com/lar/c26ce7fd7ed687479f717ee2d864a0b0bdfb.html,2026.06.16,上海市经济和信息化委员会,地方工作文件,2026.06.16
地方法规,海南省科学技术厅关于省重点研发专项(社会发展)“高性能装配式混凝土建筑体系与智能高效生产技术研发”等项目验收结果的通知,https://www.pkulaw.com/lar/6b701c74de06d4b5e3c5c1ac8f3566e5bdfb.html,2026.06.16,海南省科学技术厅,地方工作文件,2026.06.16
地方法规,海南省发展和改革委员会关于转发《国家能源局综合司关于发布“人工智能+”能源高价值场景清单和组织开展试点申报工作的通知》的通知,https://www.pkulaw.com/lar/00209aa54a0c8d981c87edcaf6fd1a5cbdfb.html,2026.06.16,海南省发展和改革委员会,地方工作文件,2026.06.16
地方法规,吉林省政务服务和数字化建设管理局关于2026年“数据要素×”大赛吉林省分赛颁奖典礼服务采购的公告,https://www.pkulaw.com/lar/cd6db3dcde62bc3b6c9e6b88e7162241bdfb.html,2026.06.16,吉林省政务服务和数字化建设管理局,地方工作文件,2026.06.16
地方法规,南京市工业和信息化局关于明确南京市中小企业数字化转型城市试点企业第二批奖补时间节点等要求的通知,https://www.pkulaw.com/lar/36915f34a8f599bf201bed26972e066ebdfb.html,2026.06.16,南京市工业和信息化局,地方工作文件,2026.06.16
中央法规,国家邮政局关于公布《人工智能》特种邮票计划发行数量及仿印审批目录的通告,https://www.pkulaw.com/chl/ab7a98760f9c3416bdfb.html,2026.06.15,国家邮政局,部门规章；部门工作文件,2026.06.15
中央法规,上海证券交易所关于华泰证券股份有限公司为博时上证科创板人工智能交易型开放式指数证券投资基金提供主做市服务的公告,https://www.pkulaw.com/chl/94ece08f896e95a6bdfb.html,2026.06.15,上海证券交易所,行业规定,2026.06.15
中央法规,中国海员建设工会全国委员会、中国施工企业管理协会、河北省总工会关于举办首届工程建设领域智能建造机器人大赛的通知,https://www.pkulaw.com/chl/6a072a6c50aab59fbdfb.html,2026.06.15,中国施工企业管理协会,团体规定,2026.06.15
中央法规,上海证券交易所关于华泰证券股份有限公司为银华上证科创板人工智能交易型开放式指数证券投资基金提供主做市服务的公告,https://www.pkulaw.com/chl/484ce2f436b19cc0bdfb.html,2026.06.15,上海证券交易所,行业规定,2026.06.15
地方法规,常州市政府办公室关于印发常州市“人工智能夜校”全员培训工作实施方案的通知,https://www.pkulaw.com/lar/aacc5cecc9524f04deec517d3e692844bdfb.html,2026.06.15,常州市人民政府,地方工作文件,2026.06.15
地方法规,常州市政府办公室关于印发常州市推动“人工智能+制造”三年行动方案(2026—2028年)的通知,https://www.pkulaw.com/lar/fde97a96b50b862a06f6516c90602fcdbdfb.html,2026.06.15,常州市人民政府,地方规范性文件,2026.06.15
地方法规,漳州市商务局关于公布2026年智能家居产品购新补贴活动预征集参与企业名单的通知,https://www.pkulaw.com/lar/0050e53c7839b6e44030da31c21c8324bdfb.html,2026.06.15,漳州市商务局,地方工作文件,2026.06.15
地方法规,鞍山市商务局关于2026年鞍山市家电以旧换新、数码和智能产品购新补贴活动第13批拟参与经营主体名单的公告,https://www.pkulaw.com/lar/fe1c99ed54503c97982979c01ff51a7bbdfb.html,2026.06.15,鞍山市商务局,地方工作文件,2026.06.15
地方法规,宁波市经济和信息化局关于开展宁波市第一批高质量数据集建设揭榜挂帅验收工作的通知,https://www.pkulaw.com/lar/e133493f6fb46fa000802335e388f4cfbdfb.html,2026.06.15,宁波市经济和信息化局,地方工作文件,2026.06.15
地方法规,重庆市人民政府办公厅关于印发《重庆市建设新型能源算力枢纽实施方案》的通知,https://www.pkulaw.com/lar/964459d6ba9aed2c6152fd045be90668bdfb.html,2026.06.15,重庆市人民政府,地方规范性文件,2026.06.15
中央法规,中国内部审计协会关于举办“AI＋审计”智能体实战训练营(第一期)的通知,https://www.pkulaw.com/chl/412e78277d143040bdfb.html,2026.06.12,中国内部审计协会,行业规定,2026.06.12
中央法规,上海证券交易所关于东方证券股份有限公司为华泰柏瑞中证智能汽车主题交易型开放式指数证券投资基金提供主做市服务的公告,https://www.pkulaw.com/chl/d79c9f5dd498789dbdfb.html,2026.06.12,上海证券交易所,行业规定,2026.06.12
地方法规,福建省工业和信息化厅关于公布厦门金龙联合汽车工业有限公司金龙客车智能工厂等82个先进级智能工厂项目的通知,https://www.pkulaw.com/lar/a018b8db932940bf0ccdd4794e7cf0c8bdfb.html,2026.06.12,福建省工业和信息化厅,地方工作文件,2026.06.12
地方法规,广东省能源局关于组织开展“人工智能＋”能源试点项目申报的通知,https://www.pkulaw.com/lar/9d0a464b641700c51ca0e5ac9523623bbdfb.html,2026.06.12,广东省能源局,地方工作文件,2026.06.12
地方法规,连云港市科技局关于发布2026年度人工智能重大技术攻关“揭榜挂帅”项目榜单的通知,https://www.pkulaw.com/lar/01d72aea641df1d56e335bddb261a718bdfb.html,2026.06.12,连云港市科学技术局,地方工作文件,2026.06.12
地方法规,北京市发展和改革委员会关于组织开展“人工智能+”能源融合试点申报工作的通知,https://www.pkulaw.com/lar/004ce9fa1ab0c1f23e72d34bf013603abdfb.html,2026.06.12,北京市发展和改革委员会,地方工作文件,2026.06.12
地方法规,广州市生态环境局关于发布广州市生态环境领域人工智能应用场景清单(第一批)的通知,https://www.pkulaw.com/lar/0c5bde7f4fba5f37e1c80731511364a8bdfb.html,2026.06.12,广州市生态环境局,地方工作文件,2026.06.12
地方法规,漳州市商务局关于公布2026年数码和智能产品购新补贴活动第十六批参与企业名单的通知,https://www.pkulaw.com/lar/a4ea872e75fd928591122494f2aeaf75bdfb.html,2026.06.12,漳州市商务局,地方工作文件,2026.06.12
地方法规,杭州市经信局(杭州市数字经济局)关于组织开展2026年杭州市第一批人工智能产业项目申报工作的通知,https://www.pkulaw.com/lar/3ecd6a8762dee8935b4c3971c0f16046bdfb.html,2026.06.12,杭州市经济和信息化局,地方工作文件,2026.06.12
地方法规,北京市经济和信息化局关于开展2026年度人形机器人与具身智能实景实训专项行动申报材料征集工作的通知,https://www.pkulaw.com/lar/2097a465f53de950d2a3e6416143f129bdfb.html,2026.06.12,北京市经济和信息化局,地方工作文件,2026.06.12
地方法规,深圳市宝安区工业和信息化局关于印发《深圳市宝安区关于进一步促进智能眼镜产业高质量发展的若干措施》的通知,https://www.pkulaw.com/lar/ffd34e32b613168140f11d9d76dde2a1bdfb.html,2026.06.12,深圳市宝安区工业和信息化局,地方规范性文件,2026.06.12
地方法规,黑龙江省发展和改革委员会、黑龙江省财政厅关于印发《黑龙江省支持人工智能标杆示范场景建设补助政策实施细则(试行)》等4项政策实施细则的通知,https://www.pkulaw.com/lar/800d77a7ba77692d8fbc56757654d18cbdfb.html,2026.06.12,黑龙江省财政厅,地方规范性文件,2026.06.12
地方法规,芜湖市人民政府办公室关于印发芜湖市支持数据算力产业生态培育若干政策的通知,https://www.pkulaw.com/lar/549b239f045ef34a3c3f69ae0b604526bdfb.html,2026.06.12,芜湖市人民政府,地方规范性文件,2026.06.12
地方法规,南宁市城市管理监督评价中心关于南宁市数字化城市管理信息系统迁移运行的通知,https://www.pkulaw.com/lar/126217ab9ba0eef234437b1b14f79d9fbdfb.html,2026.06.12,南宁市城市管理监督评价中心,地方工作文件,2026.06.12
地方法规,深圳市工业和信息化局关于组织规上工业企业开展制造业数字化转型通用评估的通知,https://www.pkulaw.com/lar/e639bf48d34660c33496992d19fe1838bdfb.html,2026.06.12,深圳市工业和信息化局,地方工作文件,2026.06.12
地方法规,洛阳市工业和信息化局、洛阳市财政局关于征集洛阳市第二批中小企业数字化转型试点企业的通知,https://www.pkulaw.com/lar/75863176954f293f657a281bf55bd5afbdfb.html,2026.06.12,洛阳市财政局,地方工作文件,2026.06.12
地方法规,徐州市工业和信息化局关于公布徐州市中小企业数字化转型城市试点企业(第一批)补充名单的通知,https://www.pkulaw.com/lar/6a854135e25607873f943933c7364b1bbdfb.html,2026.06.12,徐州市工业和信息化局,地方工作文件,2026.06.12
地方法规,上海市财政局关于印发《上海市政府采购监管智能体应用管理办法(试行)》的通知,https://www.pkulaw.com/lar/8ca3d409da2c4568e8d88485d6bb1809bdfb.html,2026.06.11,上海市财政局,地方规范性文件,2026.07.01
地方法规,海南省交通运输厅关于印发《海南省公路水路交通基础设施数字化转型升级项目管理办法》的通知,https://www.pkulaw.com/lar/b713d85ed4365a14dcbd4cde6ed5fb15bdfb.html,2026.06.11,海南省交通运输厅,地方规范性文件,2026.07.15
中央法规,中国互联网协会智能体互联网产业发展和治理工作组关于开展“智能体互联网产业交流”专项调研的通知,https://www.pkulaw.com/chl/08970a1e671d6c44bdfb.html,2026.06.11,中国互联网协会,行业规定,2026.06.11
中央法规,上海证券交易所关于东方证券股份有限公司为富国中证智能汽车主题交易型开放式指数证券投资基金提供主做市服务的公告,https://www.pkulaw.com/chl/f3568c45f79204e2bdfb.html,2026.06.11,上海证券交易所,行业规定,2026.06.11
中央法规,上海证券交易所关于东方证券股份有限公司为华夏上证科创板人工智能交易型开放式指数证券投资基金提供主做市服务的公告,https://www.pkulaw.com/chl/addf0af2fc9381f9bdfb.html,2026.06.11,上海证券交易所,行业规定,2026.06.11
中央法规,上海证券交易所关于东方证券股份有限公司为华富中证人工智能产业交易型开放式指数证券投资基金提供主做市服务的公告,https://www.pkulaw.com/chl/37e216e33f9ae6fcbdfb.html,2026.06.11,上海证券交易所,行业规定,2026.06.11
中央法规,上海证券交易所关于东方证券股份有限公司为华夏中证人工智能主题交易型开放式指数证券投资基金提供主做市服务的公告,https://www.pkulaw.com/chl/dd31ffc9e750d2cebdfb.html,2026.06.11,上海证券交易所,行业规定,2026.06.11
地方法规,南宁市住房和建设局关于智能AI咨询助手暂停使用的通知,https://www.pkulaw.com/lar/90edd5c215ef5f0c7f6fa3d47b1e1fb3bdfb.html,2026.06.11,南宁市住房和城乡建设局,地方工作文件,2026.06.11
地方法规,深圳市工业和信息化局关于征集“人工智能+”场景联合攻关项目的通知,https://www.pkulaw.com/lar/249c382e6f599cc07ccc55b3ee9487babdfb.html,2026.06.11,深圳市工业和信息化局,地方工作文件,2026.06.11
地方法规,上海市卫生健康委员会关于举办本市第二届医学人工智能应用技能大赛的通知,https://www.pkulaw.com/lar/2b90239c6fe6dae83cfb439d15c6688dbdfb.html,2026.06.11,上海市卫生健康委员会,地方工作文件,2026.06.11
地方法规,嘉善县人民政府办公室关于印发嘉善县支持人工智能OPC社区建设的若干措施(试行)的通知,https://www.pkulaw.com/lar/e854b2e5e7c368c077abaa4dd0d7e3d7bdfb.html,2026.06.11,嘉善县人民政府,地方规范性文件,2026.06.11
地方法规,深圳市宝安区科技创新局关于印发《深圳市宝安区推动人工智能赋能产业创新发展的若干措施》的通知,https://www.pkulaw.com/lar/485f5a14cc8e8325d06f6308048f515dbdfb.html,2026.06.11,深圳市宝安区科技创新局,地方规范性文件,2026.06.11
地方法规,南京市工业和信息化局关于转发《省工信厅关于征集具身智能机器人具体场景应用案例及需求的通知》的通知,https://www.pkulaw.com/lar/63ed6e8fac31901dd33ee0a7e8940fa1bdfb.html,2026.06.11,南京市工业和信息化局,地方工作文件,2026.06.11
地方法规,四川省科学技术厅、四川省发展和改革委员会、四川省经济和信息化厅、四川省财政厅关于印发《四川省进一步促进人工智能产业链发展若干政策》的通知,https://www.pkulaw.com/lar/28cc4edc433aecc94e2e2e7dc310c938bdfb.html,2026.06.11,四川省财政厅,地方规范性文件,2026.06.11
地方法规,南宁市人力资源和社会保障局、广西南宁五象新区规划建设管理委员会科技创新和产业发展局、南宁市数据局、南宁市侨务办公室、共青团南宁市委员会、南宁市归国华侨联合会关于举办2026年南宁市人工智能OPC创业大赛的通知,https://www.pkulaw.com/lar/0ec2ff8d46daa7c7409e0f226177bd08bdfb.html,2026.06.11,南宁市归国华侨联合会,地方工作文件,2026.06.11
地方法规,北京市科学技术委员会、中关村科技园区管理委员会关于征集2026年算力星座技术创新方向储备课题的通知,https://www.pkulaw.com/lar/dc661abaaf9a3f9f3a212032a4a98b16bdfb.html,2026.06.11,北京市中关村科技园区管理委员会,地方工作文件,2026.06.11
地方法规,湖南省工业和信息化厅关于公布湖南省数字化转型生态供给资源池服务机构名单(2026年)的通知,https://www.pkulaw.com/lar/9bcd7c9c6984646045b3aba134051e56bdfb.html,2026.06.11,湖南省工业和信息化厅,地方工作文件,2026.06.11
中央法规,中国林学会关于召开第二十八届中国科协年会专题论坛——全球气候变化下的林草智能设计育种学术研讨会的通知,https://www.pkulaw.com/chl/e3bb3571b521c9eebdfb.html,2026.06.10,中国林学会,行业规定,2026.06.10
地方法规,青岛市大数据发展管理局关于印发《青岛市支持人工智能和具身智能机器人产业发展若干政策措施(大数据领域)实施细则》的通知,https://www.pkulaw.com/lar/d4ff84f46704d970888e773a408e8cc7bdfb.html,2026.06.10,青岛市大数据发展管理局,地方规范性文件,2026.06.10
地方法规,云南省医疗保障局关于公开发布第四批智能监管“两库”规则和知识点的公告,https://www.pkulaw.com/lar/a43473f90eff5010a33b73872a188bb7bdfb.html,2026.06.10,云南省医疗保障局,地方工作文件,2026.06.10
地方法规,甘肃省农业农村厅关于开展甘肃省高端智能、丘陵山区农机装备短板目录征集工作的通知,https://www.pkulaw.com/lar/cee6c3b0c32513ec729c00a5e02481fbbdfb.html,2026.06.10,甘肃省农业农村厅,地方工作文件,2026.06.10
地方法规,福建省工业和信息化厅等四部门关于举办2026年福建省人工智能工程技术职业技能竞赛的通知,https://www.pkulaw.com/lar/58b47f228abe14f9b89bc47bcc657c7dbdfb.html,2026.06.10,福建省总工会,地方工作文件,2026.06.10
地方法规,广西壮族自治区住房城乡建设厅关于开展建设工程质量检测机构部分技术人员变更实行智能审批工作的通知,https://www.pkulaw.com/lar/6bb1b30489beae8b6e3ffd1edef7e956bdfb.html,2026.06.10,广西壮族自治区住房和城乡建设厅,地方工作文件,2026.06.10
中央法规,商务部等8部门关于加快“人工智能+消费”发展的实施意见,https://www.pkulaw.com/chl/96a39b1d14552b37bdfb.html,2026.06.09,文化和旅游部,部门规章；部门规范性文件,2026.06.09
中央法规,上海证券交易所关于方正证券股份有限公司为华宝上证科创板人工智能交易型开放式指数证券投资基金提供主做市服务的公告,https://www.pkulaw.com/chl/d507cf4f6ac5529bbdfb.html,2026.06.09,上海证券交易所,行业规定,2026.06.09
地方法规,安徽省科技厅关于发布2026年度安徽省人工智能场景创新项目(人工智能赋能科学研究方向)榜单的通知,https://www.pkulaw.com/lar/589375d87dc789b95eb517ffdc7c97dbbdfb.html,2026.06.09,安徽省科学技术厅,地方工作文件,2026.06.09
地方法规,青岛市住房和城乡建设局关于征集2026年度青岛市智能建造项目的通知,https://www.pkulaw.com/lar/e412d265fb6a514d89a584d8294f050ebdfb.html,2026.06.09,青岛市住房和城乡建设局(原青岛市城乡建设委员会),地方工作文件,2026.06.09
地方法规,郑州市人民政府办公室关于印发郑州市深入实施“人工智能+”行动方案的通知,https://www.pkulaw.com/lar/d1cc7d336cc7417821954551aca59831bdfb.html,2026.06.09,郑州市人民政府,地方工作文件,2026.06.09
地方法规,云南省工业和信息化厅等十部门关于印发《云南省“人工智能+制造”专项行动方案》的通知,https://www.pkulaw.com/lar/ca73972a2ab7dbb4df91d4193da1475bbdfb.html,2026.06.09,云南省数据局,地方工作文件,2026.06.09
地方法规,温州市经济和信息化局关于开展2026年度工业企业智能化技术改造项目补助申报工作的通知,https://www.pkulaw.com/lar/d84812b97c6bdfcd13dc4e8dfc06733abdfb.html,2026.06.09,温州市经济和信息化局,地方工作文件,2026.06.09
地方法规,黑龙江省科学技术厅关于组织开展2026年省重点研发计划人工智能等10个专项项目会议评审工作的预通知,https://www.pkulaw.com/lar/5c0413bb704730c82b3654590cfea6c9bdfb.html,2026.06.09,黑龙江省科学技术厅,地方工作文件,2026.06.09
地方法规,江西省药品监督管理局关于重申坚持企业自愿原则推进药品安全“互联网+AI监管”工作的紧急通知,https://www.pkulaw.com/lar/31571c0515b3d595de1c0c867db75f62bdfb.html,2026.06.09,江西省药品监督管理局,地方工作文件,2026.06.09
地方法规,广州市工业和信息化局转发广东省工业和信息化厅关于组织开展第二批国家制造业数字化转型促进中心申报工作的通知,https://www.pkulaw.com/lar/849cedee2f41e0bd8f601fd45713f639bdfb.html,2026.06.09,广州市工业和信息化局,地方工作文件,2026.06.09
地方法规,重庆市经济和信息化委员会关于征集2025年度新型智能产品的通知,https://www.pkulaw.com/lar/6f1f8fddb24367f28dc2e1a33f115c9cbdfb.html,2026.06.08,重庆市经济和信息化委员会,地方工作文件,2026.06.08
地方法规,河北省住房和城乡建设厅关于开展河北省建筑工程智能建造试点企业和试点项目(第三批)申报工作的通知,https://www.pkulaw.com/lar/aae774539c265edef6f752ad995a3d63bdfb.html,2026.06.08,河北省住房和城乡建设厅,地方工作文件,2026.06.08
中央法规,中国互联网协会关于发布《AI终端语音测试数据集建设指南》等5项团体标准立项的公告,https://www.pkulaw.com/chl/51f9cb85bc7216f5bdfb.html,2026.06.08,中国互联网协会,行业规定,2026.06.08
地方法规,珠海市工业和信息化局关于开展2026年第二批珠海市算力券申领工作的通知,https://www.pkulaw.com/lar/0395062c39c113a85ee2e3de9dd91247bdfb.html,2026.06.08,珠海市工业和信息化局,地方工作文件,2026.06.08
地方法规,中山市工业和信息化局关于下达2026年中山市中小企业数字化转型城市试点数字化改造项目(第五批)资助计划的通知,https://www.pkulaw.com/lar/1ef44c5bd47e31bdf748a88de98c0e4fbdfb.html,2026.06.08,中山市工业和信息化局,地方工作文件,2026.06.08
地方法规,中山市工业和信息化局关于下达2026年中山市中小企业数字化转型城市试点数字化人才培训工作目标及预拨付资金的通知,https://www.pkulaw.com/lar/2cbd55b000b4ed3cc2ac10c03c6ab719bdfb.html,2026.06.08,中山市工业和信息化局,地方工作文件,2026.06.08
地方法规,北京市经济和信息化局关于开展第二批制造业数字化转型促进中心建设工作的通知,https://www.pkulaw.com/lar/6eaa27795e1aad962b4ec5e00cffd67dbdfb.html,2026.06.08,北京市经济和信息化局,地方工作文件,2026.06.08
地方法规,厦门市工业和信息化局关于开展2026年厦门市专精特新企业数字化改造项目征集工作的通知,https://www.pkulaw.com/lar/781a882bc903837a20a02fb4eb24f7abbdfb.html,2026.06.08,厦门市工业和信息化局,地方工作文件,2026.06.08
地方法规,深圳市宝安区工业和信息化局关于印发《深圳市宝安区促进人工智能服务器产业链高质量发展行动方案(2026—2028年)》的通知,https://www.pkulaw.com/lar/a8c91a20ebc95aec03070692366b6b0cbdfb.html,2026.06.07,深圳市宝安区工业和信息化局,地方工作文件,2026.06.07
地方法规,安徽省能源局关于组织申报“人工智能+”能源高价值场景试点的通知,https://www.pkulaw.com/lar/51730a2bedc163c68ebe53526ea977e2bdfb.html,2026.06.05,安徽省能源局,地方工作文件,2026.06.05
地方法规,云南省工业和信息化厅关于印发2026年度云南省先进级智能工厂名单的通知,https://www.pkulaw.com/lar/33a6a729319ee68543fe9b5916f7628fbdfb.html,2026.06.05,云南省工业和信息化厅,地方工作文件,2026.06.05
地方法规,珠海市工业和信息化局关于征集人工智能赋能制造业能力及案例清单的通知,https://www.pkulaw.com/lar/f60b073a361debca50bd50b447a1e39fbdfb.html,2026.06.05,珠海市工业和信息化局,地方工作文件,2026.06.05
地方法规,福州市商务局关于征集2026年福州市智能家居产品购新补贴活动参与企业的公告,https://www.pkulaw.com/lar/3658f553cc42be552c65b82103b2ea3abdfb.html,2026.06.05,福州市商务局,地方工作文件,2026.06.05
地方法规,《顺义区进一步促进智能网联新能源汽车产业高质量发展的若干措施》项目征集工作的通知,https://www.pkulaw.com/lar/1e23ef20fcfceb3f301b725d77754b19bdfb.html,2026.06.05,北京市顺义区经济和信息化局,地方工作文件,2026.06.05
地方法规,深圳市商务局关于开展2026年家电以旧换新、数码和智能产品购新补贴活动线上平台遴选工作的通知,https://www.pkulaw.com/lar/6f757df54486c55efa611aef9c7bf7a6bdfb.html,2026.06.05,深圳市商务局,地方工作文件,2026.06.05
地方法规,中山市工业和信息化局、中山市政务服务和数据管理局关于开展中山市人工智能赋能平台认定的通知,https://www.pkulaw.com/lar/fc0d6f711c1e21cc92558f3e1102bfb2bdfb.html,2026.06.05,中山市政务服务数据管理局,地方工作文件,2026.06.05
地方法规,珠海市工业和信息化局关于组织开展2026年珠海市促进实体经济高质量发展专项资金(人工智能与机器人产业发展用途)第二批项目征集的通知,https://www.pkulaw.com/lar/80a1c4d97d66c9af0ac0db899bd5b6d2bdfb.html,2026.06.05,珠海市工业和信息化局,地方工作文件,2026.06.05
地方法规,北京市顺义区农业农村局北京市顺义区财政局北京市顺义区农业技术综合服务中心关于印发《2026年顺义区智能农机装备作业补贴工作实施方案》的通知,https://www.pkulaw.com/lar/ce7e2d46e76a33ba12a54b51c33918afbdfb.html,2026.06.05,北京市顺义区农业技术综合服务中心,地方工作文件,2026.06.05
地方法规,珠海市工业和信息化局转发广东省工业和信息化厅关于组织开展第二批国家制造业数字化转型促进中心申报工作的通知,https://www.pkulaw.com/lar/d7794673ef84afb7f079a83af4807644bdfb.html,2026.06.05,珠海市工业和信息化局,地方工作文件,2026.06.05
中央法规,中国互联网协会智能体互联网产业发展和治理工作组关于开展“智能体互联网产业协调发展”专项调研的通知,https://www.pkulaw.com/chl/d3a25cc6e2c70503bdfb.html,2026.06.04,中国互联网协会,行业规定,2026.06.04
中央法规,交通运输部、国家铁路局、中国民用航空局、国家邮政局、中国国家铁路集团有限公司关于印发《“人工智能+交通运输”典型应用场景创新行动方案》的通知,https://www.pkulaw.com/chl/1cae2da3ecb1b502bdfb.html,2026.06.04,中国国家铁路集团有限公司,部门规章；部门工作文件,2026.06.04
地方法规,扬州市农业农村局关于印发《2026年扬州市“人工智能+农业”行动方案》的通知,https://www.pkulaw.com/lar/05139f080d8ae55e5bd457a4304be636bdfb.html,2026.06.04,扬州市农业农村局,地方工作文件,2026.06.04
地方法规,山西省能源局关于组织开展“人工智能+”能源高价值场景试点申报工作的通知,https://www.pkulaw.com/lar/02b8ae1eeb75ab1ec2fd3196f7b7c09cbdfb.html,2026.06.04,山西省能源局,地方工作文件,2026.06.04
中央法规,中国教育学会外语教学专业委员会关于举办“AI赋能外语课堂教学”粤桂琼三地协同教研活动的通知,https://www.pkulaw.com/chl/710fc01392c5f01abdfb.html,2026.06.04,中国教育学会,团体规定,2026.06.04
地方法规,杭州市经济和信息化局(杭州市数字经济局)关于开展2026年杭州市AI工厂培育申报工作的通知,https://www.pkulaw.com/lar/e22f256a1b5e84e5481be366dafe91e2bdfb.html,2026.06.04,杭州市数字经济局,地方工作文件,2026.06.04
地方法规,湖北省经信厅办公室关于开展第二批制造业数字化转型促进中心建设工作的通知,https://www.pkulaw.com/lar/6dde629b040e116a07bf23ad71fc7f7bbdfb.html,2026.06.04,湖北省经济和信息化厅,地方工作文件,2026.06.04
地方法规,南京市工业和信息化局关于组织申报第二批国家制造业数字化转型促进中心的通知,https://www.pkulaw.com/lar/6c9561361ebe43dd8dbae902c87fa795bdfb.html,2026.06.04,南京市工业和信息化局,地方工作文件,2026.06.04
地方法规,河北省工业和信息化厅关于做好第二批制造业数字化转型促进中心建设工作的通知,https://www.pkulaw.com/lar/757c2728c7aa0119b0aa94cc8ca389b0bdfb.html,2026.06.04,河北省工业和信息化厅,地方工作文件,2026.06.04
地方法规,湖州市智能网联车辆产业创新发展条例,https://www.pkulaw.com/lar/eac1143f5687411dd8cc0d22e6337824bdfb.html,2026.06.03,湖州市人大(含常委会),地方性法规；设区的市地方性法规,2026.07.01
中央法规,工业和信息化部关于印发《“人工智能+信息通信”创新发展实施意见(2026—2028年)》的通知,https://www.pkulaw.com/chl/47aefdbed3927354bdfb.html,2026.06.03,工业和信息化部,部门规章；部门工作文件,2026.06.03
中央法规,工业和信息化部办公厅、国务院国资委办公厅关于联合开展2026年度人形机器人与具身智能实景实训专项行动的通知,https://www.pkulaw.com/chl/c7912e22ca437bbfbdfb.html,2026.06.03,国务院国有资产监督管理委员会,部门规章；部门工作文件,2026.06.03
地方法规,广州市工业和信息化局关于发布《广州市具身智能机器人应用场景机会清单(第一批)》《广州市具身智能机器人应用场景能力清单(第一批)》的公告,https://www.pkulaw.com/lar/073d52d0bab5af5d9dda84e620879466bdfb.html,2026.06.03,广州市工业和信息化局,地方工作文件,2026.06.03
地方法规,江苏省工业和信息化厅关于印发江苏省“人工智能+制造”实施方案的通知,https://www.pkulaw.com/lar/e68e09e4b5faefbc5da700a3ad8e332dbdfb.html,2026.06.03,江苏省工业和信息化厅,地方工作文件,2026.06.03
地方法规,大连市商务局关于2026年大连市消费品以旧换新增加智能家居产品的通告,https://www.pkulaw.com/lar/e104574cb6050bd01d4bdf79e52849eebdfb.html,2026.06.03,大连市商务局,地方工作文件,2026.06.03
地方法规,大连市科学技术局关于征集人工智能产业大模型及企业应用场景需求的通知,https://www.pkulaw.com/lar/cb410709fc5887c73955906fc95a0f61bdfb.html,2026.06.03,大连市科学技术局,地方工作文件,2026.06.03
地方法规,厦门市商务局关于预征集意向参加2026年智能家居产品购新补贴活动参与主体的通知,https://www.pkulaw.com/lar/b7d120c2aeb35675495c1476ed29f960bdfb.html,2026.06.03,厦门市商务局,地方工作文件,2026.06.03
中央法规,国家数据局关于印发《关于推进行业高质量数据集建设行动的实施方案》的通知,https://www.pkulaw.com/chl/a69b5c919f530814bdfb.html,2026.06.03,国家数据局,部门规章；部门工作文件,2026.06.03
地方法规,上海市数据局、上海市通信管理局关于征集第一批算力生态合作伙伴的通知,https://www.pkulaw.com/lar/3bc5b7b116d88a6005991dc9c0fe710bbdfb.html,2026.06.03,上海市通信管理局,地方工作文件,2026.06.03
地方法规,徐州市工业和信息化局关于常态化开展徐州市中小企业数字化转型城市试点企业数字化改造项目备案的通知,https://www.pkulaw.com/lar/a8aef61ffcc38f6866e4bd697da44d7ebdfb.html,2026.06.03,徐州市工业和信息化局,地方工作文件,2026.06.03
地方法规,惠州市工业和信息化局关于组织开展惠州市省级中小企业数字化转型城市试点专项资金(数字化改造项目专题)第八批项目申报的通知,https://www.pkulaw.com/lar/d62841e0785ed71ffa0d61ebf6be4c6dbdfb.html,2026.06.03,惠州市工业和信息化局,地方工作文件,2026.06.03
中央法规,上海证券交易所关于东方财富证券股份有限公司为华安中证科创创业人工智能交易型开放式指数证券投资基金提供主做市服务的公告,https://www.pkulaw.com/chl/ef70a075885729eabdfb.html,2026.06.02,上海证券交易所,行业规定,2026.06.02
地方法规,河北省工业和信息化厅关于公布2026年度先进级智能工厂的通知,https://www.pkulaw.com/lar/958cdcceba2320f0c2ed69901f3279f8bdfb.html,2026.06.02,河北省工业和信息化厅,地方工作文件,2026.06.02
地方法规,成都市住房和城乡建设局关于征集成都市第五批智能建造项目的通知,https://www.pkulaw.com/lar/771a2d916cf6c753ae9c47e3bb1a6e46bdfb.html,2026.06.02,成都市住房和城乡建设局,地方工作文件,2026.06.02
地方法规,福州市人民政府办公厅关于印发福州市促进人工智能产业发展若干措施的通知,https://www.pkulaw.com/lar/ad56a8b0db80b2bff067cc01c3d5d689bdfb.html,2026.06.02,福州市人民政府,地方规范性文件,2026.06.02
地方法规,漳州市商务局关于公布2026年数码和智能产品购新补贴活动第十五批参与企业名单的通知,https://www.pkulaw.com/lar/d736f8f39d59422cf1444d8f527a35a6bdfb.html,2026.06.02,漳州市商务局,地方工作文件,2026.06.02
地方法规,云南省能源局关于转发“人工智能+”能源高价值场景清单和组织开展试点申报工作的通知,https://www.pkulaw.com/lar/d745456187fdf02c3c9362f28e26ac75bdfb.html,2026.06.02,云南省能源局,地方工作文件,2026.06.02
地方法规,南京市城乡建设委员会关于南京市组织开展2026年江苏省智能建造试点项目(第五批)申报工作的通知,https://www.pkulaw.com/lar/94ace653b30eff0a80a4c0758d58c238bdfb.html,2026.06.02,南京市城乡建设委员会(原南京市住房和城乡建设委员会）,地方工作文件,2026.06.02
地方法规,厦门市住房和建设局、厦门市数据管理局关于加快推进人工智能在建设工程招投标领域应用的通知,https://www.pkulaw.com/lar/42229b456ab8b28e5e5e54cbaa78cfa4bdfb.html,2026.06.02,厦门市数据管理局,地方工作文件,2026.06.02
地方法规,吉林省政务服务和数字化建设管理局对省政协十三届四次会议第186号委员提案的答复,https://www.pkulaw.com/lar/ba95ce7f9f0eb3b986b4793c27881021bdfb.html,2026.06.02,吉林省政务服务和数字化建设管理局,地方工作文件,2026.06.02
中央法规,中国施工企业管理协会关于召开2026年智能建造(苏州)观摩会的通知,https://www.pkulaw.com/chl/bbe22b1dcf5f7fd1bdfb.html,2026.06.01,中国施工企业管理协会,行业规定,2026.06.01
中央法规,中国施工企业管理协会关于召开2026年智能建造(济南)培训观摩会的通知,https://www.pkulaw.com/chl/8c97898e8b2c74bdbdfb.html,2026.06.01,中国施工企业管理协会,行业规定,2026.06.01
地方法规,烟台市工业和信息化局关于推进山东省“人工智能+制造”先锋应用建设工作的通知,https://www.pkulaw.com/lar/6d38f65273d8832d9c621089e2013111bdfb.html,2026.06.01,烟台市工业和信息化局,地方工作文件,2026.06.01
地方法规,南宁市数据局关于开展中国—东盟国家人工智能应用合作中心算力服务商入库申报的通知,https://www.pkulaw.com/lar/8220175f645bd6d2ae11b11d752be7d0bdfb.html,2026.06.01,南宁市数据局,地方工作文件,2026.06.01
地方法规,江苏省住房和城乡建设厅关于组织开展2026年江苏省智能建造试点项目(第五批)申报工作的通知,https://www.pkulaw.com/lar/38ff23819d17881252e9564aa60401c5bdfb.html,2026.06.01,江苏省住房和城乡建设厅,地方工作文件,2026.06.01
地方法规,慈溪市人民政府办公室关于印发慈溪市支持人工智能OPC发展推动产业高质量发展的若干措施的通知,https://www.pkulaw.com/lar/0292f02d290599806e8656c5e1388528bdfb.html,2026.06.01,慈溪市人民政府,地方工作文件,2026.06.01
中央法规,中国教育学会特殊教育分会关于开展第六届特教教师数字化应用能力展示与交流活动的通知,https://www.pkulaw.com/chl/92f4a57afbc9cf6ebdfb.html,2026.06.01,中国教育学会,团体规定,2026.06.01
地方法规,北京市经济和信息化局关于征集制造业企业数字化营销与电商赋能服务产品的通知,https://www.pkulaw.com/lar/4a07eed3f3f9a94977e99da441ba7352bdfb.html,2026.06.01,北京市经济和信息化局,地方工作文件,2026.06.01
地方法规,浙江省经济和信息化厅关于组织开展2026年度浙江省数字化服务商分类评定工作的通知,https://www.pkulaw.com/lar/1c83bc892182612318b2f116631e6fd4bdfb.html,2026.06.01,浙江省经济和信息化厅,地方工作文件,2026.06.01
地方法规,合肥市工业和信息化局关于组织开展第二批制造业数字化转型促进中心申报工作的通知,https://www.pkulaw.com/lar/4e443955d67bd5423e0cb83feeec64c1bdfb.html,2026.06.01,合肥市工业和信息化局,地方工作文件,2026.06.01
地方法规,宁德市工业和信息化局关于公布宁德市工业中小企业数字化转型技改项目第一批市级补助企业名单的通知,https://www.pkulaw.com/lar/febe25281d6494bc1dd55d73edca25e5bdfb.html,2026.06.01,宁德市工业和信息局,地方工作文件,2026.06.01
地方法规,珠海市工业和信息化局、中国人民银行珠海市分行关于印发《珠海市中小企业数字化转型融资服务工作方案(修订版)》的通知(2026),https://www.pkulaw.com/lar/c2da81b1c6b7813f3525d6e242366fa3bdfb.html,2026.06.01,中国人民银行珠海市中心支行,地方工作文件,2026.06.01
中央法规,国家医保局关于公开发布第十六批智能监管“两库”规则和知识点的公告,https://www.pkulaw.com/chl/15dce6d881757343bdfb.html,2026.06,国家医疗保障局,部门规章；部门工作文件,2026.06
地方法规,深圳市住房和建设局关于开展2026年度全屋智能应用试点项目申报的通知,https://www.pkulaw.com/lar/e454233c7383f6aa0a13355b6aefa28bbdfb.html,2026.05.30,深圳市住房和建设局,地方工作文件,2026.05.30
地方法规,宁德市人民政府办公室关于印发宁德市深入实施“人工智能+”行动方案(2026—2028年)的通知,https://www.pkulaw.com/lar/3056d710c78c8cad38e6ef56cf39e6abbdfb.html,2026.05.30,宁德市人民政府,地方工作文件,2026.05.30
地方法规,深圳市交通运输局、深圳市发展和改革委员会、深圳市工业和信息化局、深圳市公安局交通管理局关于印发《深圳市智能网联汽车道路测试与示范应用管理实施细则》的通知(2026),https://www.pkulaw.com/lar/bfe462d51324d89e165f22c4abf8ecfebdfb.html,2026.05.29,深圳市公安局交通管理局,地方规范性文件,2026.06.01
中央法规,上海证券交易所关于东海证券股份有限公司为华宝上证科创板人工智能交易型开放式指数证券投资基金提供主做市服务的公告,https://www.pkulaw.com/chl/ae6de5b252314e46bdfb.html,2026.05.29,上海证券交易所,行业规定,2026.05.29
中央法规,上海证券交易所关于方正证券股份有限公司为华安中证科创创业人工智能交易型开放式指数证券投资基金提供主做市服务的公告,https://www.pkulaw.com/chl/dc78677e8ed7f286bdfb.html,2026.05.29,上海证券交易所,行业规定,2026.05.29
地方法规,北京市医疗保险事务管理中心关于公开发布第十批智能审核规则库规则和知识点的通知,https://www.pkulaw.com/lar/fe2f03da5911ca3e9b302c4a952e51f4bdfb.html,2026.05.29,北京市医疗保险事务管理中心,地方工作文件,2026.05.29
地方法规,威海市工业和信息化局等十二部门关于印发《威海市人工智能赋能制造业创新发展行动方案(2026―2028年)》的通知,https://www.pkulaw.com/lar/6298ea53beaab69474d2693cb72ff578bdfb.html,2026.05.29,山东省通信管理局威海市信息通信发展办公室,地方工作文件,2026.05.29
地方法规,汕头市商务局关于新增2026年汕头市家电以旧换新、数码和智能产品购新补贴活动品类及征集企业报名的公告,https://www.pkulaw.com/lar/211ba8bb49bbfa344131ab4e6fdf0bb5bdfb.html,2026.05.29,汕头市商务局,地方工作文件,2026.05.29
地方法规,北京市智慧城市基础设施与智能网联汽车协同发展工作办公室关于开展2026年数据流通基础设施运营补贴申报的通知,https://www.pkulaw.com/lar/2fa3af2a61680107250e0fceca5c07aebdfb.html,2026.05.29,北京市智慧城市基础设施与智能网联汽车协同发展工作办公室,地方工作文件,2026.05.29
地方法规,厦门市数据管理局关于组织行业高质量数据和数字化转型示范项目补助资金申报的通知,https://www.pkulaw.com/lar/9cd892400386b0a5f26949081cb0bfaebdfb.html,2026.05.29,厦门市数据管理局,地方工作文件,2026.05.29
地方法规,杭州市经信局(市数字经济局)关于组织开展2026年算力券兑付申报的通知,https://www.pkulaw.com/lar/d90440ce869735e13e3ef9a7f07a2d6ebdfb.html,2026.05.29,杭州市数字经济局,地方工作文件,2026.05.29
地方法规,成都市经济和信息化局关于组织开展2026年度第一批次算力券申领工作的通知,https://www.pkulaw.com/lar/445a14906b47133be4c64397529cf512bdfb.html,2026.05.29,成都市经济和信息化局,地方工作文件,2026.05.29
地方法规,南通市政府办公室关于印发南通市中小企业数字化转型城市试点实施方案的通知,https://www.pkulaw.com/lar/24976b9a5fd6344ae4c8a568a18d0d31bdfb.html,2026.05.29,南通市人民政府,地方工作文件,2026.05.29
地方法规,安徽省工业和信息化厅关于组织开展第二批制造业数字化转型促进中心申报工作的通知,https://www.pkulaw.com/lar/55ebef7d4af3479ff79576182a44c769bdfb.html,2026.05.29,安徽省工业和信息化厅,地方工作文件,2026.05.29
地方法规,徐州市工业和信息化局关于公布徐州市中小企业数字化转型城市试点企业(第一批)名单的通知,https://www.pkulaw.com/lar/e502a1a535266f0c30b7c6f249ea4df3bdfb.html,2026.05.29,徐州市工业和信息化局,地方工作文件,2026.05.29
中央法规,中国建筑业协会、中国海员建设工会全国委员会关于举办首届建筑业人工智能创新应用大赛的通知,https://www.pkulaw.com/chl/9252dcefa3105145bdfb.html,2026.05.28,中国海员建设工会全国委员会,行业规定,2026.05.28
中央法规,上海证券交易所关于国信证券股份有限公司为华夏中证科创创业人工智能交易型开放式指数证券投资基金提供主做市服务的公告,https://www.pkulaw.com/chl/6b068c932075acb6bdfb.html,2026.05.28,上海证券交易所,行业规定,2026.05.28
中央法规,上海证券交易所关于中国银河证券股份有限公司为华富中证人工智能产业交易型开放式指数证券投资基金提供主做市服务的公告,https://www.pkulaw.com/chl/0f1e75e56b082241bdfb.html,2026.05.28,上海证券交易所,行业规定,2026.05.28
中央法规,上海证券交易所关于兴业证券股份有限公司为华安中证科创创业人工智能交易型开放式指数证券投资基金提供主做市服务的公告,https://www.pkulaw.com/chl/4e494fc08d3f3720bdfb.html,2026.05.28,上海证券交易所,行业规定,2026.05.28
中央法规,上海证券交易所关于中国银河证券股份有限公司为平安中证人工智能主题交易型开放式指数证券投资基金提供主做市服务的公告,https://www.pkulaw.com/chl/d1025d5ac7b69031bdfb.html,2026.05.28,上海证券交易所,行业规定,2026.05.28
中央法规,上海证券交易所关于华泰证券股份有限公司为华夏中证科创创业人工智能交易型开放式指数证券投资基金提供主做市服务的公告,https://www.pkulaw.com/chl/74f219d2a8bba40abdfb.html,2026.05.28,上海证券交易所,行业规定,2026.05.28
中央法规,上海证券交易所关于中国银河证券股份有限公司为国泰上证科创板人工智能交易型开放式指数证券投资基金提供主做市服务的公告,https://www.pkulaw.com/chl/9d0c15b6025cb57bbdfb.html,2026.05.28,上海证券交易所,行业规定,2026.05.28
地方法规,珠海市科技创新局关于征集智能办公应用场景需求的通知,https://www.pkulaw.com/lar/9a18294b434b6cea0bb2335410885cd7bdfb.html,2026.05.28,珠海市科技创新局,地方工作文件,2026.05.28
地方法规,西安市工业和信息化局关于公布西安市智能工厂培育库的通知,https://www.pkulaw.com/lar/76b2329ae4fd8306e723ca81fc2fad41bdfb.html,2026.05.28,西安市工业和信息化局,地方工作文件,2026.05.28
地方法规,内蒙古自治区工业和信息化厅关于公布2026年度内蒙古自治区先进级智能工厂名单的通知,https://www.pkulaw.com/lar/cc8c2d00ad2034732433ca5f4f2b0918bdfb.html,2026.05.28,内蒙古自治区工业和信息化厅,地方工作文件,2026.05.28
地方法规,浙江省人民代表大会常务委员会关于批准《湖州市智能网联车辆产业创新发展条例》的决定,https://www.pkulaw.com/lar/040caa0f4cb9bc0790e8d08b7cb48490bdfb.html,2026.05.28,浙江省人大(含常委会),地方工作文件,2026.05.28
地方法规,北京市顺义区经济和信息化局关于印发《顺义区进一步促进智能装备产业高质量发展的若干措施》的通知,https://www.pkulaw.com/lar/90569661a0b3cb70cd142a944f1702d7bdfb.html,2026.05.28,北京市顺义区经济和信息化局,地方规范性文件,2026.05.28
地方法规,安徽省工业和信息化厅关于公布2026年安徽省重点工业互联网平台的通知,https://www.pkulaw.com/lar/2c10df01f3ad8ff5f42bae73545973dcbdfb.html,2026.05.28,安徽省工业和信息化厅,地方工作文件,2026.05.28
地方法规,南昌市中小企业服务局关于做好国家中小企业数字化转型试点企业数字化改造政策兑现工作(第三批第二轮次)的通知,https://www.pkulaw.com/lar/ed53246d36834267092811936d382b71bdfb.html,2026.05.28,南昌市中小企业局,地方工作文件,2026.05.28
地方法规,深圳经济特区智能网联汽车管理条例(2026修正),https://www.pkulaw.com/lar/6e3facb32a2e8c372f7721ee1780c6bbbdfb.html,2026.05.27,深圳市人大(含常委会),地方性法规；经济特区法规,2026.07.01
地方法规,深圳市人民代表大会常务委员会关于修改《深圳经济特区智能网联汽车管理条例》的决定(2026),https://www.pkulaw.com/lar/8ec1eabc39f5a8dfcb995ddbb269194abdfb.html,2026.05.27,深圳市人大(含常委会),地方性法规；经济特区法规,2026.07.01
中央法规,上海证券交易所关于招商证券股份有限公司为华安中证科创创业人工智能交易型开放式指数证券投资基金提供主做市服务的公告,https://www.pkulaw.com/chl/4bcb016b32e38ef6bdfb.html,2026.05.27,上海证券交易所,行业规定,2026.05.27
中央法规,上海证券交易所关于国信证券股份有限公司为华安中证科创创业人工智能交易型开放式指数证券投资基金提供主做市服务的公告,https://www.pkulaw.com/chl/1d2bcfd8e9cd3295bdfb.html,2026.05.27,上海证券交易所,行业规定,2026.05.27
地方法规,上海市工程系列人工智能专业高级职称评审委员会(浦东新区)关于开展2026年度上海市工程系列人工智能专业高级职称评审工作的通知(浦东新区),https://www.pkulaw.com/lar/5ade3391672e26a2070e619b5284fef6bdfb.html,2026.05.27,上海市浦东新区其他机构,地方工作文件,2026.05.27
地方法规,宁波市经济和信息化局关于公布宁波市“人工智能+制造”应用场景机会清单(第一批)的通知,https://www.pkulaw.com/lar/7f0a360b313d927cac368dcca0810e1ebdfb.html,2026.05.27,宁波市经济和信息化局,地方工作文件,2026.05.27
地方法规,广东省交通运输厅关于印发《第十六届全国交通运输行业智能网联汽车测试员职业技能大赛广东省选拔赛实施方案》的通知,https://www.pkulaw.com/lar/fd56d28b654e86653392344a4c3b3ac4bdfb.html,2026.05.27,广东省交通运输厅,地方工作文件,2026.05.27
地方法规,广州市工业和信息化局关于开展广州市中小企业数字化转型城市试点第五批数字化牵引单位补充遴选申报工作的通知,https://www.pkulaw.com/lar/95ee8e7fb88464e85d6cf071a49ce580bdfb.html,2026.05.27,广州市工业和信息化局,地方工作文件,2026.05.27
地方法规,吉林省科学技术厅、中国人民银行吉林省分行、中共吉林省委金融委员会办公室、吉林省工业和信息化厅、吉林省人力资源和社会保障厅、吉林省市场监督管理厅、吉林省政务服务和数字化建设管理局关于印发《吉林省科技型企业创新积分制工作实施方案》的通知,https://www.pkulaw.com/lar/f067e5fe523e03c683385a2ee5959848bdfb.html,2026.05.27,吉林省政务服务和数字化建设管理局,地方工作文件,2026.05.27
中央法规,中国审计学会秘书处审计署审计科研所关于公布“人工智能时代的审计(2026)”专题研讨会入选论文名单的通知,https://www.pkulaw.com/chl/e3aaf5b6085bdae1bdfb.html,2026.05.26,中国审计学会,行业规定,2026.05.26
地方法规,石家庄市智能网联汽车及无人投递车测试应用实施细则(试行),https://www.pkulaw.com/lar/205a8caf241f8bd2530a40245181df67bdfb.html,2026.05.26,石家庄市工业和信息化局,地方规范性文件,2026.05.26
地方法规,南京市工业和信息化局关于组织开展南京市智能软件工厂申报工作的通知,https://www.pkulaw.com/lar/26b4d8458e7760b6adb306ce962c9548bdfb.html,2026.05.26,南京市工业和信息化局,地方工作文件,2026.05.26
地方法规,杭州市富阳区人民政府关于印发《打造“AI富能”品牌 推动人工智能高质量发展实施方案》的通知,https://www.pkulaw.com/lar/9d7412ff88ca42fc3c67caf522d590a3bdfb.html,2026.05.26,杭州市富阳区人民政府,地方工作文件,2026.05.26
地方法规,深圳市工业和信息化局关于延期受理2026年打造人工智能先锋城市项目扶持计划项目申报的通知,https://www.pkulaw.com/lar/f17f032b7b7c317b9bd7f8d79b02b062bdfb.html,2026.05.26,深圳市工业和信息化局,地方工作文件,2026.05.26
地方法规,廊坊市人民政府办公室关于印发廊坊市推进新能源和智能网联汽车产业突破跃升发展十四条措施的通知,https://www.pkulaw.com/lar/70048cc51de17a637c77ee7deae8590cbdfb.html,2026.05.26,廊坊市人民政府,地方规范性文件,2026.05.26
地方法规,南京市商务局关于组织开展2026年南京市家电以旧换新、数码和智能产品购新补贴活动参与经营主体申报遴选工作的通知,https://www.pkulaw.com/lar/6fa0c7e3e9ef986d0c942b702cafda19bdfb.html,2026.05.26,南京市商务局,地方工作文件,2026.05.26
地方法规,连云港市工信局关于印发《连云港市“AI+医药”融合创新发展三年行动方案(2026—2028年)》的通知,https://www.pkulaw.com/lar/a9092efd87d6a4b02105384edd69d336bdfb.html,2026.05.26,连云港市工业和信息化局,地方工作文件,2026.05.26
地方法规,青岛市工业和信息化局关于公布《2026年青岛市工业互联网示范资金认定项目》的通知,https://www.pkulaw.com/lar/5b2cb3bfabfa269bbd20c0c52ab9d571bdfb.html,2026.05.26,青岛市工业和信息化局,地方工作文件,2026.05.26
中央法规,上海证券交易所、中证指数有限公司关于修订上证智能家居指数编制方案的公告(2026),https://www.pkulaw.com/chl/dbc9ef309f139d50bdfb.html,2026.05.25,中证指数有限公司,行业规定,2026.06.15
地方法规,宁波市经济和信息化局关于公布2026年度宁波市新能源及智能网联汽车关键零,https://www.pkulaw.com/lar/99f2c07fa4ba030fee8b948bab1333acbdfb.html,2026.05.25,宁波市经济和信息化局,地方工作文件,2026.05.25
地方法规,北京市医疗保险事务管理中心关于公开发布第九批智能审核规则库规则和知识点的通知,https://www.pkulaw.com/lar/21bcbc4e2903e847c889acda3a50a0a0bdfb.html,2026.05.25,北京市医疗保险事务管理中心,地方工作文件,2026.05.25
地方法规,福州市商务局关于2026年第五批家电以旧换新、数码和智能产品购新补贴活动企业名单的公告,https://www.pkulaw.com/lar/287482751b0046efda2ed0c9e110c5c3bdfb.html,2026.05.25,福州市商务局,地方工作文件,2026.05.25
地方法规,江苏省住房和城乡建设厅关于组织申报2026年度江苏省“人工智能+住房城乡建设”应用场景项目的通知,https://www.pkulaw.com/lar/58acdc045cd8d0758f96bfa777117885bdfb.html,2026.05.25,江苏省住房和城乡建设厅,地方工作文件,2026.05.25
地方法规,平远县自然资源局关于《广东省平远县智能制造产业园基础配套设施建设项目升平村弃土场临时用地,https://www.pkulaw.com/lar/cc7d1945db6672f1972f3785992ec934bdfb.html,2026.05.25,平远县自然资源局,地方工作文件,2026.05.25
地方法规,宁波市经济和信息化局关于公布2026年度宁波市新能源及智能网联汽车关键零部件强链补链产品名单的通知,https://www.pkulaw.com/lar/0fafa437f47672c0f4df5d3a716ca78cbdfb.html,2026.05.25,宁波市经济和信息化局,地方工作文件,2026.05.25
地方法规,扬州市生态环境局关于扬州中耘智算数据科技有限公司文化数字化绿色算力基地项目(220kV变电站工程)环境影响报告表的批复,https://www.pkulaw.com/lar/09de6879d33fb8a28cd062a06c294af9bdfb.html,2026.05.25,扬州市生态环境局,地方工作文件,2026.05.25
地方法规,重庆市经济和信息化委员会关于征集第二批未来产业标志性产品的通知,https://www.pkulaw.com/lar/38fd2d73ffb07726871189c3aaaf18debdfb.html,2026.05.25,重庆市经济和信息化委员会,地方工作文件,2026.05.25
地方法规,汕头市工业和信息化局关于延长省级中小企业数字化转型城市试点专项资金(制造业数字化改造方向)第六批项目入库申报时间的通知,https://www.pkulaw.com/lar/fe3feba72ee589476e249255b288171cbdfb.html,2026.05.25,汕头市工业和信息化局,地方工作文件,2026.05.25
地方法规,漳州市工业和信息化局关于征集漳州市第一批“小快轻准”数字化产品和解决方案的通知,https://www.pkulaw.com/lar/ba3527066ea1f43cb3351f7dbb6181fdbdfb.html,2026.05.25,漳州市工业和信息化局,地方工作文件,2026.05.25
地方法规,山东省工业和信息化厅关于公布2026年度制造业数字化转型揭榜挂帅试点项目名单的通知,https://www.pkulaw.com/lar/81c1cd49f212881d21cc994e342b81e7bdfb.html,2026.05.25,山东省工业和信息化厅,地方工作文件,2026.05.25
地方法规,南京市工业和信息化局关于印发《南京市中小企业数字化转型城市试点企业全流程工作指引(第二版)》的通知,https://www.pkulaw.com/lar/64d5119202ebb15009ad6205ba73a24ebdfb.html,2026.05.25,南京市工业和信息化局,地方工作文件,2026.05.25
地方法规,河池市人民政府办公室关于印发《河池市“人工智能+”三年行动方案(2026—2028年)》的通知,https://www.pkulaw.com/lar/32baadfa74f23d840e8cd0dcb15431eebdfb.html,2026.05.23,河池市人民政府,地方工作文件,2026.05.23
地方法规,深圳市商务局关于开展深圳市2026年智能家居(含适老化家居产品)和其他智能产品购新补贴工作的公告,https://www.pkulaw.com/lar/1c365d57d118bfaf405ad8326b4e59e6bdfb.html,2026.05.22,深圳市商务局,地方工作文件,2026.05.22
地方法规,成都市人工智能产业链工作专班办公室关于征集各类创新主体参与人工智能科技伦理审查与服务先导计划的通知,https://www.pkulaw.com/lar/3d82275c0042cabaf7b48bfe4316c4b4bdfb.html,2026.05.22,成都市人工智能产业链工作专班办公室,地方工作文件,2026.05.22
地方法规,包头市人民政府关于印发包头市“人工智能+”行动实施方案(2026—2028年)的通知,https://www.pkulaw.com/lar/8345d8fb2bed72feddc0294b6cce1a28bdfb.html,2026.05.22,包头市人民政府,地方工作文件,2026.05.22
地方法规,公安津南分局交管支队关于2026智能产业博览会期间对相关道路采取交通管控措施的公告,https://www.pkulaw.com/lar/a0b2c051dac35cd306241ebec2a9595cbdfb.html,2026.05.22,天津市津南区其他机构,地方工作文件,2026.05.22
地方法规,广州市工业和信息化局关于延期开展重点行业人工智能“模数共振”典型案例征集工作的通知,https://www.pkulaw.com/lar/756586cb401c1d85ccb8fe831277c4f7bdfb.html,2026.05.22,广州市工业和信息化局,地方工作文件,2026.05.22
地方法规,淄博市商务局关于开展山东AI外贸赋能工具应用试点企业征集工作的通知,https://www.pkulaw.com/lar/6b63f4dd0648efa027021aad4752c77fbdfb.html,2026.05.22,淄博市商务局,地方工作文件,2026.05.22
地方法规,北京市顺义区经济和信息化局关于开展2026年顺义区中小企业数字化转型试点城市专项资金项目征集及工业互联网综合服务平台建设项目验收、绩效评价的通知,https://www.pkulaw.com/lar/973c3e3a69b28741c2847e44f05b0f4cbdfb.html,2026.05.22,北京市顺义区经济和信息化局,地方工作文件,2026.05.22
地方法规,吉林省政务服务和数字化建设管理局对省政协十三届四次会议第159号党派团体提案的答复,https://www.pkulaw.com/lar/ba709a3f5730e7d25623f64e25706aa6bdfb.html,2026.05.22,吉林省政务服务和数字化建设管理局,地方工作文件,2026.05.22
地方法规,呼和浩特市工业和信息化局关于常态化开展中小企业数字化转型城市试点项目申报和验收评审工作的通知,https://www.pkulaw.com/lar/ce247d5d85d21a44e9f70f1f2548bba1bdfb.html,2026.05.22,呼和浩特市工业和信息化局,地方工作文件,2026.05.22
中央法规,中国互联网协会关于发布《医疗健康行业智能体肺癌辅助诊疗智能体技术要求》团体标准立项的公告,https://www.pkulaw.com/chl/7a9117d126be7d2bbdfb.html,2026.05.21,中国互联网协会,行业规定,2026.05.21
地方法规,上海市交通委员会关于印发《大件运输许可“智能审批”实施方案》的通知,https://www.pkulaw.com/lar/283b9a5a2a53a3eeccd1d5fd9009a2f0bdfb.html,2026.05.21,上海市交通委员会,地方工作文件,2026.05.21
地方法规,洛阳市公共资源交易中心关于勘察设计类项目“智能辅助评标”上线的通知,https://www.pkulaw.com/lar/217d4b865b84c80bbfc5194d811a728cbdfb.html,2026.05.21,洛阳市公共资源交易中心,地方工作文件,2026.05.21
地方法规,湖南省工业和信息化厅关于做好2026年卓越级智能工厂项目入库储备工作的通知,https://www.pkulaw.com/lar/a0bdda6581c320134f8a33e4b00147fbbdfb.html,2026.05.21,湖南省工业和信息化厅,地方工作文件,2026.05.21
地方法规,北京市通州区商务局关于公开征集2026年通州区绿色智能适老化产品补贴参与活动企业的公告,https://www.pkulaw.com/lar/b3b52c478d5660309f070185db751e3bbdfb.html,2026.05.21,北京市通州区商务局,地方工作文件,2026.05.21
地方法规,北京市通州区商务局关于公开征集2026年通州区绿色智能适老化产品补贴发放平台企业的公告,https://www.pkulaw.com/lar/6b7047a272f65f47dc1535190e46a490bdfb.html,2026.05.21,北京市通州区商务局,地方工作文件,2026.05.21
地方法规,山东省住房和城乡建设厅关于印发山东省智能建造技术、平台与设备装备推广目录(第一批)的通知,https://www.pkulaw.com/lar/d42b00bda625fde62bfe497b7a64d856bdfb.html,2026.05.21,山东省住房和城乡建设厅,地方工作文件,2026.05.21
地方法规,云南省科技厅关于征集科研AI模型信息的通知,https://www.pkulaw.com/lar/8932c403b4f2d730e0fe910e9339cbacbdfb.html,2026.05.21,云南省科学技术厅,地方工作文件,2026.05.21
地方法规,南通市工业和信息化局关于预征集南通市中小企业数字化转型城市试点企业的通知,https://www.pkulaw.com/lar/ee888fc636df8658a615910c2e8aa1bcbdfb.html,2026.05.21,南通市工业和信息化局,地方工作文件,2026.05.21
地方法规,新疆维吾尔自治区数字化发展局关于印发《新疆维吾尔自治区电子证照管理办法》的通知,https://www.pkulaw.com/lar/fd5e9c7ed359b84ff2619ca91e700f6bbdfb.html,2026.05.20,新疆维吾尔自治区数字化发展局,地方规范性文件,2026.06.20
地方法规,广州市政务服务和数据管理局关于征集人工智能高质量数据集的通知,https://www.pkulaw.com/lar/34e53fd8fb09145469550fa8beb08623bdfb.html,2026.05.20,广州市政务服务数据管理局,地方工作文件,2026.05.20
地方法规,西安市住房和城乡建设局关于组织开展西安市智能建造产业链企业及试点项目申报工作的通知,https://www.pkulaw.com/lar/f3d60e057c7dd8a004c2c8aa065a2115bdfb.html,2026.05.20,西安市住房和城乡建设局(原西安市城乡建设委员会),地方工作文件,2026.05.20
地方法规,上海市文化和旅游局关于印发《上海市加快推进人工智能赋能微短剧高质量发展的若干措施》的通知,https://www.pkulaw.com/lar/9fceb9a69eb884fcabd49f743ec5cbd3bdfb.html,2026.05.20,上海市文化和旅游局,地方规范性文件,2026.05.20
地方法规,中山市人力资源和社会保障局关于同意组建中山市工程系列人工智能专业中级职称评审委员会的公告,https://www.pkulaw.com/lar/6f8f1ed72567385b86d2937392cde45bbdfb.html,2026.05.20,中山市人力资源和社会保障局,地方工作文件,2026.05.20
地方法规,云南省发展和改革委员会、云南省能源局关于印发《云南省推进“人工智能+”能源高质量发展实施方案(2026—2030年)》的通知,https://www.pkulaw.com/lar/8036c4f088b1466cd9b6dcf24d2a177cbdfb.html,2026.05.20,云南省能源局,地方工作文件,2026.05.20
地方法规,衢州市生态环境局江山分局关于2026年5月20日受理浙江明智精密轴承有限公司年产5000万套深沟轴承智能生产线建设项目环境影响报告表的公告,https://www.pkulaw.com/lar/d44d7ae72dff89f100fb56778a0a1a33bdfb.html,2026.05.20,衢州市生态环境局江山分局,地方工作文件,2026.05.20
地方法规,安徽省工业和信息化厅关于公布2026年安徽省制造业数智化转型服务商名单的通知,https://www.pkulaw.com/lar/28fd1282fc58743c97911558404f6a3abdfb.html,2026.05.20,安徽省工业和信息化厅,地方工作文件,2026.05.20
地方法规,湖南省工业和信息化厅关于开展2025―2026年度算力供需情况摸底的通知,https://www.pkulaw.com/lar/7f268517593514f49793453834ed6812bdfb.html,2026.05.20,湖南省工业和信息化厅,地方工作文件,2026.05.20
地方法规,唐山市工业和信息化局关于公布唐山市中小企业数字化转型试点城市第四批至第七批试点企业的通知,https://www.pkulaw.com/lar/75896c9495318fe88c2d621a1192bc14bdfb.html,2026.05.20,唐山市工业和信息化局,地方工作文件,2026.05.20
中央法规,人工智能应用伦理安全指引1.0,https://www.pkulaw.com/chl/26b440067ee84cabbdfb.html,2026.05.19,全国网络安全标准化技术委员会,部门规章；部门工作文件,2026.05.19
地方法规,珠海市工业和信息化局关于组织人工智能企业参加第140届广交会的通知,https://www.pkulaw.com/lar/deeb59ebb9ed83422324a3b9e5d9d26fbdfb.html,2026.05.19,珠海市工业和信息化局,地方工作文件,2026.05.19
地方法规,安徽省住房和城乡建设厅关于印发《安徽省住房城乡建设领域“人工智能+”行动方案》的通知,https://www.pkulaw.com/lar/e232db113f5c25dabaefa29b8b3fc81dbdfb.html,2026.05.19,安徽省住房和城乡建设厅,地方工作文件,2026.05.19
地方法规,泉州市自然资源和规划局关于变更美亚日产智能电网电线电缆项目建设工程规划许可证的函,https://www.pkulaw.com/lar/6325590a5f6cbef7119abb0e96a3579fbdfb.html,2026.05.19,泉州市自然资源和规划局,地方工作文件,2026.05.19
地方法规,郑州高新区组织人事部关于嘉合智能科技股份有限公司劳动保障监察调查询问通知书的公告,https://www.pkulaw.com/lar/dbd7ca0b788b4d8392a2be410356e5e7bdfb.html,2026.05.19,郑州高新区组织人事部,地方工作文件,2026.05.19
地方法规,龙泉市教育局政协87号提案“关于加强全市中小学生人工智能(AI)与大数据思维教育的建议”答复,https://www.pkulaw.com/lar/bcdb57edc4fe51d5ae67056f71c620a7bdfb.html,2026.05.19,龙泉市教育局,地方工作文件,2026.05.19
地方法规,广西壮族自治区科技厅关于发布2026年面向东盟人工智能“跨境揭榜挂帅”项目技术需求榜单(首批)的通知,https://www.pkulaw.com/lar/0b6640e075c09a6271686dcd705d106bbdfb.html,2026.05.19,广西壮族自治区科学技术厅,地方工作文件,2026.05.19
地方法规,陕西省发展和改革委员会关于确定陕西省“人工智能+”发展方向、应用场景与赋能路径研究课题承担单位的公告,https://www.pkulaw.com/lar/a865ccdd9580e99d098ec4ed89a94020bdfb.html,2026.05.19,陕西省发展和改革委员会,地方工作文件,2026.05.19
地方法规,郑州市人民政府办公室关于印发公共资源交易数字化改革攻坚等工作方案的通知,https://www.pkulaw.com/lar/71bcc4094a32f52d2945b1ed18685dbabdfb.html,2026.05.19,郑州市人民政府,地方工作文件,2026.05.19
地方法规,漳州市工业和信息化局关于印发漳州市“小快轻准”数字化产品和解决方案遴选方案的通知,https://www.pkulaw.com/lar/c6431d683fd69cb5ce55174862865df6bdfb.html,2026.05.19,漳州市工业和信息化局,地方工作文件,2026.05.19
地方法规,吉林省政务服务和数字化建设管理局对省十四届人大五次会议第0255号人大代表建议的答复,https://www.pkulaw.com/lar/e36cfa5a1689f1ddc970b9dc308db0d8bdfb.html,2026.05.19,吉林省政务服务和数字化建设管理局,地方工作文件,2026.05.19
地方法规,广西壮族自治区科技厅关于申报组建2026年广西人工智能开放创新平台的通知,https://www.pkulaw.com/lar/b312a2d8d7d0533ef68d97288f7063fcbdfb.html,2026.05.18,广西壮族自治区科学技术厅,地方工作文件,2026.05.18
地方法规,湖南省工业和信息化厅关于公布2026年度省级人工智能终端产品认定名单的通知,https://www.pkulaw.com/lar/9d93c1cb836c7b7aa494873fbc86fb47bdfb.html,2026.05.18,湖南省工业和信息化厅,地方工作文件,2026.05.18
地方法规,北京市密云区社会保险事业管理中心关于私域未来(北京)智能网络科技有限公司送达责令(限期)缴纳通知书,https://www.pkulaw.com/lar/bae36a98ecfa9654ddc099c63c8ca3e7bdfb.html,2026.05.18,北京市密云区人民政府（原密云县人民政府）,地方工作文件,2026.05.18
地方法规,北京市顺义区经济和信息化局关于印发《顺义区进一步促进智能网联新能源汽车产业高质量发展的若干措施》的通知,https://www.pkulaw.com/lar/a391537a5a2c1d6650b3f0b482c627afbdfb.html,2026.05.18,北京市顺义区经济和信息化局,地方规范性文件,2026.05.18
中央法规,中国互联网协会关于2026(第三届)“金灵光杯”中国互联网创新大赛增设 “AI+工业软件”特色赛的通知,https://www.pkulaw.com/chl/a8524f6a0cc21001bdfb.html,2026.05.18,中国互联网协会,行业规定,2026.05.18
地方法规,广州市工业和信息化局关于开办“民企先锋AI赋能领航班”的通知,https://www.pkulaw.com/lar/09f22598a2692fa469868fa38118015dbdfb.html,2026.05.18,广州市工业和信息化局,地方工作文件,2026.05.18
地方法规,中山市工业和信息化局关于下达2026年中山市中小企业数字化转型城市试点数字化改造项目(第四批)资助计划的通知,https://www.pkulaw.com/lar/17d795b764e10b377fd1cab64885d079bdfb.html,2026.05.18,中山市工业和信息化局,地方工作文件,2026.05.18
地方法规,江苏省农业农村厅关于组织申报第二批补短板200马力及以上无级变速高端智能拖拉机的通知,https://www.pkulaw.com/lar/e89a4614970c7c4b027e8b76435deb56bdfb.html,2026.05.16,江苏省农业农村厅,地方工作文件,2026.05.16
地方法规,海南省工业和信息化厅、海南省发展和改革委员会、海南省财政厅、中共海南省委人才发展局关于印发《海南省支持人工智能OPC创新发展的若干措施》的通知,https://www.pkulaw.com/lar/702e01966e0ff370cd4c3179069d0aa1bdfb.html,2026.05.15,中共海南省委人才发展局,地方规范性文件,2026.06.20
中央法规,中国互联网协会关于征集《人工智能企业综合实力评估规范通用框架》等5项团体标准参编单位的通知,https://www.pkulaw.com/chl/89b6f3571650d1b6bdfb.html,2026.05.15,中国互联网协会,行业规定,2026.05.15
地方法规,武汉市自然资源和城建局关于组织申报2026年智能建造项目的通知,https://www.pkulaw.com/lar/55dedd2c5ea4abb5cf87f6ab4db4c64cbdfb.html,2026.05.15,武汉市自然资源和城乡建设局,地方工作文件,2026.05.15
地方法规,哈尔滨市科学技术局关于发布航空航天领域人工智能技术能力清单的通知,https://www.pkulaw.com/lar/7f72269dbc615673e482d7d2d5b4a210bdfb.html,2026.05.15,哈尔滨市科学技术局,地方工作文件,2026.05.15
地方法规,潍坊市人民政府办公室关于印发《潍坊市人工智能赋能产业发展行动方案(2026—2027年)》的通知,https://www.pkulaw.com/lar/e9e029fe46d5ee9d56d589bc0bc46546bdfb.html,2026.05.15,潍坊市人民政府,地方工作文件,2026.05.15
地方法规,坪山区发展和改革局关于印发《深圳市坪山区智能网联汽车全域开放测试示范应用与商业化试点管理实施细则(试行)》《深圳市坪山区功能型无人车全域开放道路测试与商业化试点管理实施细则(试行)》的通知,https://www.pkulaw.com/lar/cc389250d21bc1fa3ca18e7ce53a83a1bdfb.html,2026.05.14,深圳市坪山区发展和改革局,地方规范性文件,2026.05.28
中央法规,中国互联网协会关于发布《安全可信智能云平台能力分级方法》等3项团体标准立项的公告,https://www.pkulaw.com/chl/e8d2736abb6b806bbdfb.html,2026.05.14,中国互联网协会,行业规定,2026.05.14
中央法规,国家能源局综合司关于发布“人工智能+”能源高价值场景清单和组织开展试点申报工作的通知,https://www.pkulaw.com/chl/257a617b0751001cbdfb.html,2026.05.14,国家能源局,部门规章；部门工作文件,2026.05.14
地方法规,安徽省科技厅关于开展2026年度安徽省人工智能场景创新项目(人工智能赋能科学研究方向)申报的通知,https://www.pkulaw.com/lar/361edf5732305378a7085d92263c7764bdfb.html,2026.05.14,安徽省科学技术厅,地方工作文件,2026.05.14
地方法规,青岛市律师协会关于《法律数据库智能检索培训》的补充通知,https://www.pkulaw.com/lar/124237ba5fd1c3f2da662c850dabcbedbdfb.html,2026.05.14,青岛市律师协会,地方工作文件,2026.05.14
地方法规,高邮市政府关于印发《高邮市“人工智能+”行动实施方案》的通知,https://www.pkulaw.com/lar/7623929b18037ccb5f59b5debc80cba1bdfb.html,2026.05.14,高邮市人民政府,地方工作文件,2026.05.14
中央法规,中国互联网协会关于征集《数据智能体研究报告(2026)》参编单位的通知,https://www.pkulaw.com/chl/5d05afb5b0a2d09fbdfb.html,2026.05.13,中国互联网协会,行业规定,2026.05.13
地方法规,菏泽市人民政府办公室关于印发《“人工智能+”行动的实施方案(2026—2028年)》的通知,https://www.pkulaw.com/lar/d1669f05fd835abbff94e70c75b85b8abdfb.html,2026.05.13,菏泽市人民政府,地方工作文件,2026.05.13
地方法规,北京市教育委员会关于2025年度数字化美育资源和智能化美育应用案例征集工作结果的通知,https://www.pkulaw.com/lar/ad61dd5891498e805da4484c5fdf6c71bdfb.html,2026.05.13,北京市教育委员会,地方工作文件,2026.05.13
地方法规,江苏省工业和信息化厅关于印发江苏省“人工智能+制造”诊断服务商(第一批、第二批)名单的通知,https://www.pkulaw.com/lar/bf89e1c7152a7e1eb575a7d78f680d8ebdfb.html,2026.05.13,江苏省工业和信息化厅,地方工作文件,2026.05.13
地方法规,吉林省人力资源和社会保障厅关于印发《充分发挥人力资源社会保障作用助力具身智能等未来产业加快发展的措施清单》的通知,https://www.pkulaw.com/lar/969a9b2ebcd1902491e68c3f8ae0b20ebdfb.html,2026.05.13,吉林省人力资源和社会保障厅,地方规范性文件,2026.05.13
地方法规,福建省工业和信息化厅、福建省财政厅关于印发全面推进工业数智化赋能九条措施的通知,https://www.pkulaw.com/lar/763cf00b47a53e4600aabd60e5424a0bbdfb.html,2026.05.13,福建省财政厅,地方规范性文件,2026.05.13
地方法规,珠海市工业和信息化局关于征集珠海市省级中小企业数字化转型城市试点数字化产品(第九批)的通知,https://www.pkulaw.com/lar/1a61bb0792718ca8afc9b22f241a962fbdfb.html,2026.05.13,珠海市工业和信息化局,地方工作文件,2026.05.13
地方法规,珠海市工业和信息化局关于开展珠海市省级促进经济高质量发展专项(支持中小企业数字化转型)“小快轻准”数字化转型项目(第十一批)入库储备工作的通知,https://www.pkulaw.com/lar/c31b31b04968ff7a9013f09e4aa8f9f4bdfb.html,2026.05.13,珠海市工业和信息化局,地方工作文件,2026.05.13
地方法规,江西省药品监督管理局、江西省疾病预防控制局关于印发《江西省疫苗流通合规资料数字化管理工作方案》的通知,https://www.pkulaw.com/lar/1921e74ba7234563b1ea8bf38dd27a84bdfb.html,2026.05.13,江西省疾病预防控制局,地方工作文件,2026.05.13
中央法规,中国建筑业协会关于召开2026首届建筑业人工智能发展大会的通知,https://www.pkulaw.com/chl/e1fb5b37d98caab2bdfb.html,2026.05.12,中国建筑业协会,行业规定,2026.05.12
地方法规,成都市经济和信息化局关于征集重点行业人工智能“模数共振”典型案例的通知,https://www.pkulaw.com/lar/b2e49cd6da0f9592e2ac6c7a94461e5cbdfb.html,2026.05.12,成都市经济和信息化局,地方工作文件,2026.05.12
地方法规,上海市住房和城乡建设管理委员会工程系列绿色与智能建造专业中级职称评审委员会关于2026年度上海市住房和城乡建设管理委员会工程系列绿色与智能建造专业中级职称评审工作的通知,https://www.pkulaw.com/lar/437ecb1097320d92c037cb941b6f51fcbdfb.html,2026.05.12,上海市住房和城乡建设管理委员会,地方工作文件,2026.05.12
地方法规,宁波市经济和信息化局关于公布2025年度宁波市智能工厂、数字化车间项目的通知,https://www.pkulaw.com/lar/f0873ab3e6ad85be9a0325588f56c547bdfb.html,2026.05.12,宁波市经济和信息化局,地方工作文件,2026.05.12
地方法规,泉州市自然资源和规划局关于变更大创园箱包智能生产基地项目建设工程规划许可证的函,https://www.pkulaw.com/lar/c391b30c6319ce93f9171aaf2ee7db53bdfb.html,2026.05.12,泉州市自然资源和规划局,地方工作文件,2026.05.12
地方法规,郑州高新区组织人事部关于嘉合智能科技股份有限公司劳动保障监察限期整改指令书的公告,https://www.pkulaw.com/lar/4a5513d14a0497e0d89f0d2f520bc810bdfb.html,2026.05.12,郑州高新区组织人事部,地方工作文件,2026.05.12
地方法规,江苏省综合交通运输学会关于报送2026年全省数字经济(智能交通)工程中、高级专业技术资格评审材料的通知,https://www.pkulaw.com/lar/8ecae77fa8011664512d10e0299cef21bdfb.html,2026.05.12,江苏省综合交通运输学会,地方工作文件,2026.05.12
地方法规,天津市交通运输委、天津市工业和信息化局、天津市公安局关于发布天津市蓟州区智能网联汽车测试道路的通告,https://www.pkulaw.com/lar/2612ef956a9c1524cccb0567a59d9efcbdfb.html,2026.05.12,天津市公安局,地方工作文件,2026.05.12
地方法规,青岛市工业和信息化局、中共青岛市委网络安全和信息化委员会办公室、青岛市发展和改革委员会、青岛市教育局、青岛市科学技术局、青岛市商务局、青岛市人民政府国有资产监督管理委员会、青岛市市场监督管理局、青岛市大数据发展管理局关于印发《青岛市“人工智能+制造”行动方案(2026―2028年)》的通知,https://www.pkulaw.com/lar/4b3fd277d64269f1488308d2049f34e9bdfb.html,2026.05.12,青岛市大数据发展管理局,地方工作文件,2026.05.12
地方法规,厦门市数据管理局关于公布算力服务机构入库名单的通知,https://www.pkulaw.com/lar/694b43c73f4407b2bb9b1e2cb8517d09bdfb.html,2026.05.12,厦门市数据管理局,地方工作文件,2026.05.12
地方法规,徐州市工业和信息化局关于公布徐州市中小企业数字化转型服务商(第一批)名单的通知,https://www.pkulaw.com/lar/46597a208864ffe512e749455d1e1b8ebdfb.html,2026.05.12,徐州市工业和信息化局,地方工作文件,2026.05.12
地方法规,徐州市工业和信息化局关于延长徐州市中小企业数字化转型城市试点企业申报时间的通知,https://www.pkulaw.com/lar/e6172f803e8e6180c019c85a80cadb3bbdfb.html,2026.05.12,徐州市工业和信息化局,地方工作文件,2026.05.12
地方法规,吉林省政务服务和数字化建设管理局关于对省政协十三届四次会议第D156号党派团体提案的答复,https://www.pkulaw.com/lar/c1970863b5b0740ff53499f0faa9a7dbbdfb.html,2026.05.12,吉林省政务服务和数字化建设管理局,地方工作文件,2026.05.12
地方法规,上海市应急管理局关于进一步提升本市危险化学品安全生产领域数字化能力及应用水平的通知,https://www.pkulaw.com/lar/bb0d55d44340ed970e52210a178afc5abdfb.html,2026.05.12,上海市应急管理局,地方工作文件,2026.05.12
中央法规,中国证监会国际合作司关于上海仙工智能科技股份有限公司境外发行上市及境内未上市股份“全流通”备案通知书,https://www.pkulaw.com/chl/d343656d8cc491d2bdfb.html,2026.05.11,中国证券监督管理委员会,部门规章；部门工作文件,2026.05.11
地方法规,重庆市交通运输委员会关于发布2026年“人工智能+交通运输”应用场景榜单的通知,https://www.pkulaw.com/lar/d05644bdd0c10263c63268b976d86dbbbdfb.html,2026.05.11,重庆市交通运输委员会,地方工作文件,2026.05.11
地方法规,湖北省人民政府办公厅关于印发《湖北省支持人工智能OPC发展若干措施(试行)》的通知,https://www.pkulaw.com/lar/effd7919921a9cdbb4fa11e6db7fa944bdfb.html,2026.05.11,湖北省人民政府,地方规范性文件,2026.05.11
地方法规,重庆市住房和城乡建设委员会关于公布重庆市首批智能施工装备专项试点名单的通知,https://www.pkulaw.com/lar/410a7946ccc8af7e4b3b60dbbc855267bdfb.html,2026.05.11,重庆市住房和城乡建设委员会,地方工作文件,2026.05.11
地方法规,青岛市工业和信息化局关于印发《青岛市支持人工智能+元宇宙融合发展政策实施细则》的通知,https://www.pkulaw.com/lar/07249af8ee7c59f369463b0056e5b7b0bdfb.html,2026.05.11,青岛市工业和信息化局,地方规范性文件,2026.05.11
地方法规,重庆市住房和城乡建设委员会关于公布重庆市第五批智能建造试点企业和第六批试点项目名单的通知,https://www.pkulaw.com/lar/70fa45841510d84b1a0cd02aa4fae1d7bdfb.html,2026.05.11,重庆市住房和城乡建设委员会,地方工作文件,2026.05.11
地方法规,汕头市商务局关于2026年汕头市消费品以旧换新活动家电产品、3C电子产品及智能产品购新补贴企业(第一批)名单的公告,https://www.pkulaw.com/lar/fc4d87bbee503c00a1b6674cb092d0a4bdfb.html,2026.05.11,汕头市商务局,地方工作文件,2026.05.11
地方法规,天津市交通运输委、天津市工业和信息化局、天津市公安局关于发布天津市和平区、红桥区、东丽区、津南区、宝坻区及天津滨海高新技术产业开发区智能网联汽车测试道路的通告,https://www.pkulaw.com/lar/c00c66eb8d3981515eb1db793b706d81bdfb.html,2026.05.11,天津市公安局,地方工作文件,2026.05.11
地方法规,青岛市市政公用工程质量安全监督站关于鼓励市政公用及城市轨道交通工程加快推进AI隐患识别技术应用的通知,https://www.pkulaw.com/lar/9e619450d3a95cba6deb69e9e33bd21ebdfb.html,2026.05.11,青岛市市政公用工程质量安全监督站,地方工作文件,2026.05.11
中央法规,中国互联网协会关于批准发布《安全应急大模型》等10项团体标准的公告,https://www.pkulaw.com/chl/9d7cd54775d5d0a0bdfb.html,2026.05.11,中国互联网协会,行业规定,2026.05.11
中央法规,中国互联网协会关于征集《大模型服务与应用安全评测技术规范》团体标准参编单位的通知,https://www.pkulaw.com/chl/81d338011df89891bdfb.html,2026.05.11,中国互联网协会,行业规定,2026.05.11
地方法规,江苏省工业和信息化厅、江苏银行股份有限公司关于印发“智能工厂贷”专项金融产品方案的通知,https://www.pkulaw.com/lar/035d4b1106f3fe1ada26bf7de6b1bc44bdfb.html,2026.05.10,江苏银行股份有限公司,地方工作文件,2026.05.10
地方法规,北京市经济和信息化局关于印发《北京市人工智能赋能工业互联网高质量发展实施方案(2026—2028年)》的通知,https://www.pkulaw.com/lar/4c7aefec70d8b79d07c22a4ab03e14a7bdfb.html,2026.05.10,北京市经济和信息化局,地方工作文件,2026.05.10
地方法规,广州市人工智能产业发展办公室关于印发《广州市人工智能产业2026年工作要点》的通知,https://www.pkulaw.com/lar/b51a3ad88b1abb9fa6587ea872ddd96abdfb.html,2026.05.09,广州市人工智能产业发展办公室,地方工作文件,2026.05.09
地方法规,常州市政府办公室印发关于支持人工智能OPC创新发展的十条举措的通知,https://www.pkulaw.com/lar/0a80330795675dec2faa9ffca4ed0ddbbdfb.html,2026.05.09,常州市人民政府,地方规范性文件,2026.05.09
地方法规,中共广东省委科技委员会关于印发《广东省加快推动人工智能赋能科学研究行动方案(2026—2030年)》的通知,https://www.pkulaw.com/lar/0082eef10cff26f504c9bd0347fcbaedbdfb.html,2026.05.09,中共广东省委科技委员会,地方工作文件,2026.05.09
地方法规,广西壮族自治区发展和改革委员会关于常态化征集中国—东盟国家人工智能应用合作中心标杆场景的通知,https://www.pkulaw.com/lar/ae35d843948fcf3a65bf805fc316cca7bdfb.html,2026.05.09,广西壮族自治区发展和改革委员会,地方工作文件,2026.05.09
地方法规,安徽省发展改革委关于公布2026年度安徽省服务业数智化服务商及产品名单的通知,https://www.pkulaw.com/lar/15811272bfe582a84a3851ec3724ee0ebdfb.html,2026.05.09,安徽省发展和改革委员会,地方工作文件,2026.05.09
地方法规,北京市顺义区经济和信息化局关于开展2026年度顺义区中小企业数字化转型试点城市数字化服务商遴选工作的通知,https://www.pkulaw.com/lar/d73ae2fc4f73e3940a732341b57d6ddebdfb.html,2026.05.09,北京市顺义区经济和信息化局,地方工作文件,2026.05.09
地方法规,上海市经济信息化委关于组织开展2026年度上海市“人工智能+”及科学智能“百团百项”项目申报工作的通知,https://www.pkulaw.com/lar/a33935ba022324ec17a828091eef3a56bdfb.html,2026.05.08,上海市经济和信息化委员会,地方工作文件,2026.05.08
地方法规,海南省工业和信息化厅关于组织开展2026年基础级和先进级智能工厂申报工作的通知,https://www.pkulaw.com/lar/69f1d02816ca6d7118e2c8f3b93f86a7bdfb.html,2026.05.08,海南省工业和信息化厅,地方工作文件,2026.05.08
地方法规,关于对江苏徽益科技有限公司新型绿色建材智能化产线项目环境影响报告表的批复,https://www.pkulaw.com/lar/29c724c6fe1d14027be66cb2f6b504a8bdfb.html,2026.05.08,镇江市生态环境局,地方工作文件,2026.05.08
地方法规,深圳市光明区政务服务和数据管理局关于发布光明区2026年人工智能和软件信息产业孵化器认定名单的通知,https://www.pkulaw.com/lar/48920ab5cb6ea3984b066654d354e490bdfb.html,2026.05.08,深圳市光明区人民政府,地方工作文件,2026.05.08
地方法规,新疆维吾尔自治区人力资源和社会保障厅关于批准新疆智能装备研究院等18个单位新设自治区博士后创新实践基地的通知,https://www.pkulaw.com/lar/6eb303ac21aebfba75dd57bcdba1c5d8bdfb.html,2026.05.08,新疆维吾尔自治区人力资源和社会保障厅,地方工作文件,2026.05.08
中央法规,中国互联网协会关于发布《AI算力场景下高带宽存储芯片性能适配技术规范》等6项团体标准立项的公告,https://www.pkulaw.com/chl/2d778b47ec808d74bdfb.html,2026.05.08,中国互联网协会,行业规定,2026.05.08
地方法规,珠海市工业和信息化局关于公布珠海市省级中小企业数字化转型城市试点数字化产品清单(第八批)的通知,https://www.pkulaw.com/lar/4475349c119df5c9486fde500580bddfbdfb.html,2026.05.08,珠海市工业和信息化局,地方工作文件,2026.05.08
地方法规,珠海市工业和信息化局关于开展制造业数字化转型通用指标评估工作的通知,https://www.pkulaw.com/lar/edd3ce6dcc4d82ee59563819257e5065bdfb.html,2026.05.08,珠海市工业和信息化局,地方工作文件,2026.05.08
地方法规,南京市工业和信息化局关于常态化开展南京市中小企业数字化转型城市试点企业征集工作的通知,https://www.pkulaw.com/lar/ea6fb3726dd1a8623b9d429b73010335bdfb.html,2026.05.08,南京市工业和信息化局,地方工作文件,2026.05.08
地方法规,嘉兴市经济和信息化局关于开展2026年第二批市级产业数字化(软件与生产服务业)工信资金补助项目申报的,https://www.pkulaw.com/lar/15827bc4b1fbcb50c0d87db2a7fffa6dbdfb.html,2026.05.08,嘉兴市经济和信息化局,地方工作文件,2026.05.08
地方法规,新疆维吾尔自治区住房和城乡建设厅、新疆维吾尔自治区数字化发展局关于进一步推进自治区建筑信息模型(BIM)技术全生命周期应用的通知,https://www.pkulaw.com/lar/cfabaaa14f3fc23ec4ee504e5812776ebdfb.html,2026.05.08,新疆维吾尔自治区数字化发展局,地方工作文件,2026.05.08
中央法规,中国互联网协会关于举办“2026数字政府智能应用与创新发展大会”的通知,https://www.pkulaw.com/chl/d1bd89150f7b03d3bdfb.html,2026.05.07,中国互联网协会,行业规定,2026.05.07
地方法规,泰安市人民政府办公室关于支持人工智能OPC发展的实施意见,https://www.pkulaw.com/lar/0ee729bf5112a53182f477e0184c8785bdfb.html,2026.05.07,泰安市人民政府,地方规范性文件,2026.05.07
地方法规,湖南省工业和信息化厅关于公布2026年度先进级智能工厂名单的通知,https://www.pkulaw.com/lar/542c7a2411f0b95f6377a20918cd38fbbdfb.html,2026.05.07,湖南省工业和信息化厅,地方工作文件,2026.05.07
地方法规,鄂尔多斯市人民政府办公室关于印发2026年“人工智能+工业”行动方案的通知,https://www.pkulaw.com/lar/189012d273242138a1892c4a1dfb44d8bdfb.html,2026.05.07,鄂尔多斯市人民政府,地方工作文件,2026.05.07
地方法规,佛山市住房和城乡建设局关于开展2026年度智能建造试点项目申报工作的通知,https://www.pkulaw.com/lar/ecad4c8bc04ae35e43acd081d844c19abdfb.html,2026.05.07,佛山市住房和城乡建设局,地方工作文件,2026.05.07
地方法规,佛山市住房和城乡建设局关于开展2026年度智能建造龙头骨干企业申报工作的通知,https://www.pkulaw.com/lar/c5fdbc2df4e8667a87e509847e63a8acbdfb.html,2026.05.07,佛山市住房和城乡建设局,地方工作文件,2026.05.07
地方法规,(转发)广州市工业和信息化局关于征集重点行业人工智能“模数共振”典型案例的通知,https://www.pkulaw.com/lar/609423a24dd1bc1c1c2312b015470973bdfb.html,2026.05.07,广州市黄埔区工业和信息化局,地方工作文件,2026.05.07
地方法规,重庆市商务委员会关于实施2026年智能家居产品(含适老化家居产品)购新补贴政策的通知,https://www.pkulaw.com/lar/d92a8caa548a11fa863ba32cdaeade09bdfb.html,2026.05.07,重庆市商务委员会,地方工作文件,2026.05.08
地方法规,杭州市城乡建设委员会关于印发杭州市城乡建设领域“人工智能+”行动方案(2026—2028年)的通知,https://www.pkulaw.com/lar/0f943c9b450ce13400f750373f86c8eabdfb.html,2026.05.07,杭州市城乡建设委员会,地方工作文件,2026.05.07
地方法规,(西青区)关于公布泓德镀膜2号产线智能化改扩建项目建设工程设计方案总平面图的通知,https://www.pkulaw.com/lar/6eff3e0146591f44bb125c2b83574aa3bdfb.html,2026.05.07,天津市规划和自然资源局西青分局,地方工作文件,2026.05.07
地方法规,漳州市商务局关于公布2026年数码和智能产品购新补贴活动第十四批参与企业名单的通知,https://www.pkulaw.com/lar/c81e7eb205ad2ec11acd7a4c1f2136babdfb.html,2026.05.07,漳州市商务局,地方工作文件,2026.05.07
地方法规,枣庄市工业和信息化局关于做好2026年山东省工业互联网优秀安全解决方案征集工作的通知,https://www.pkulaw.com/lar/e4e642f63b3cafa8dc9a87819dac3a3fbdfb.html,2026.05.07,枣庄市工业和信息化局,地方工作文件,2026.05.07
地方法规,云南省交通运输厅关于申报GMS中国(云南)国际道路运输数字化平台合作企业的公告,https://www.pkulaw.com/lar/d95bd7e363f6227d1095c550e08aeee7bdfb.html,2026.05.07,云南省交通运输厅,地方工作文件,2026.05.07
地方法规,重庆市经济和信息化委员会、重庆市公安局、重庆市交通运输委员会关于印发重庆市智能网联汽车高速公路测试管理细则(试行)的通知,https://www.pkulaw.com/lar/7708b68bb432f2a1e6c18619d6957bfcbdfb.html,2026.05.06,重庆市交通运输委员会,地方规范性文件,2026.06.05
地方法规,广州市科学技术局关于组织参加2026世界智能产业博览会的通知,https://www.pkulaw.com/lar/a58f34a69a30ec16448bc9b00ac37577bdfb.html,2026.05.06,广州市科学技术局,地方工作文件,2026.05.06
地方法规,《中国—越南人工智能应用合作展示中心设计施工服务项目》废标公告,https://www.pkulaw.com/lar/f50f53a09bade10e6a1bf2df529886d7bdfb.html,2026.05.06,广西壮族自治区大数据发展局,地方工作文件,2026.05.06
地方法规,绍兴市住房和城乡建设局关于公布绍兴市第一批智能建造试点企业、试点项目的通知,https://www.pkulaw.com/lar/002f37abe89baa243adfe303d3d53693bdfb.html,2026.05.06,绍兴市住房和城乡建设局,地方工作文件,2026.05.06
地方法规,朝阳园管委会(区科信局)等四部门关于印发《朝阳区关于支持人工智能OPC创新发展的若干措施》的通知,https://www.pkulaw.com/lar/0b288019c312345c3cd41390c6846f74bdfb.html,2026.05.06,北京市朝阳区人民政府,地方规范性文件,2026.05.06
地方法规,新疆维吾尔自治区住房和城乡建设厅关于发布新疆维吾尔自治区智能建造(建筑机器人)消耗量定额项目(试行)的通知,https://www.pkulaw.com/lar/6db0e0455f410a50ac86eb193ff8a830bdfb.html,2026.05.06,新疆维吾尔自治区住房和城乡建设厅,地方工作文件,2026.05.06
地方法规,重庆市经济和信息化委员会关于征集2026年制造业数智化转型诊断评估专项行动目标企业的通知,https://www.pkulaw.com/lar/cc83167edf70ffdda92341c05c0c4320bdfb.html,2026.05.06,重庆市经济和信息化委员会,地方工作文件,2026.05.06
中央法规,中国教育学会外语教学专业委员会关于举办“AI赋能外语课堂教学”京津冀三地协同教研活动的通知,https://www.pkulaw.com/chl/01ead70ece0a96fcbdfb.html,2026.05.06,中国教育学会,行业规定,2026.05.06
中央法规,中国互联网协会关于发布《大模型服务与应用安全评测技术规范》团体标准立项的公告,https://www.pkulaw.com/chl/1730603d19077abfbdfb.html,2026.05.06,中国互联网协会,行业规定,2026.05.06
地方法规,湖南省工业和信息化厅关于印发《湖南省算力券补贴政策实施细则》的通知,https://www.pkulaw.com/lar/03fd7ee01d371d869bd98ca9c0ed640abdfb.html,2026.05.06,湖南省工业和信息化厅,地方规范性文件,2026.05.06
地方法规,珠海市工业和信息化局关于警惕省级中小企业数字化转型项目申报信息泄露风险的公告,https://www.pkulaw.com/lar/ef516b350e369852e407a4f9b195a7f9bdfb.html,2026.05.06,珠海市工业和信息化局,地方工作文件,2026.05.06
地方法规,四川省人民政府办公厅关于印发《四川省加快推进“人工智能+”一号创新工程实施方案》的通知,https://www.pkulaw.com/lar/31bb4ae429555d1bc6a53145bd8323cebdfb.html,2026.05.05,四川省人民政府,地方工作文件,2026.05.05
地方法规,湖州市教育科学研究中心关于举行湖州市初中地理七、八年级下册新教材专题研训暨AI赋能地理教学活动的通知,https://www.pkulaw.com/lar/4f3d96caea94af07fa6da64da8fc52fdbdfb.html,2026.05.05,湖州市教育科学研究中心,地方工作文件,2026.05.05
地方法规,浙江省发展和改革委员会关于组织开展2026年人工智能券(算力券)兑付申报的通知,https://www.pkulaw.com/lar/ca621ca02b0c552a783df596e3d56b25bdfb.html,2026.05.01,浙江省发展和改革委员会,地方工作文件,2026.05.01
地方法规,浙江省发展和改革委员会关于面向全国开展第二轮智算算力供给方征集的公告,https://www.pkulaw.com/lar/20c5c3a6e6e3ce2ac1f7e588da927184bdfb.html,2026.05.01,浙江省发展和改革委员会,地方工作文件,2026.05.01
中央法规,智能体规范应用与创新发展实施意见,https://www.pkulaw.com/chl/c13c321d63bca258bdfb.html,2026.05,工业和信息化部,部门规章；部门规范性文件,2026.05
中央法规,深圳证券交易所关于“N理奇智能”盘中临时停牌的公告,https://www.pkulaw.com/chl/41943b6eb6147291bdfb.html,2026.04.30,深圳证券交易所,行业规定,2026.04.30
中央法规,中国建筑业协会关于公布《2025年度智能建筑技术大赛结果名单》的通知,https://www.pkulaw.com/chl/8db04d9537b50ad6bdfb.html,2026.04.30,中国建筑业协会,行业规定,2026.04.30
地方法规,安徽省发展改革委关于组织申报2026年人工智能算力券的通知,https://www.pkulaw.com/lar/186e8d644bb2090465599f376df4cd2abdfb.html,2026.04.30,安徽省发展和改革委员会,地方工作文件,2026.04.30
地方法规,厦门市住房和建设局关于公布2026年第一批智能建造项目的通知,https://www.pkulaw.com/lar/e6a985b43ff82a2b631ef89267ce160dbdfb.html,2026.04.30,厦门市住房和建设局,地方工作文件,2026.04.30
地方法规,广州市工业和信息化局关于征集重点行业人工智能“模数共振”典型案例的通知,https://www.pkulaw.com/lar/48f945760b5d4e17727bc9346e2c5cfcbdfb.html,2026.04.30,广州市工业和信息化局,地方工作文件,2026.04.30
地方法规,深圳市工业和信息化局关于发布2026年打造人工智能先锋城市项目扶持计划申请指南的通知,https://www.pkulaw.com/lar/cba05e7d90831220cf3f48b10cb63024bdfb.html,2026.04.30,深圳市工业和信息化局,地方工作文件,2026.04.30
地方法规,西安市人民政府办公厅关于印发促进智能网联新能源汽车产业链高质量发展实施方案的通知,https://www.pkulaw.com/lar/056263fbc41677716ed123272168c800bdfb.html,2026.04.30,西安市人民政府,地方工作文件,2026.04.30
地方法规,北京市经济和信息化局关于发布2026年第二批人工智能赋能新型工业化高质量数据集需求清单公开征集建设单位的通知,https://www.pkulaw.com/lar/182551de3c7f52addf2e3b4efb19bdbcbdfb.html,2026.04.30,北京市经济和信息化局,地方工作文件,2026.04.30
地方法规,江西省工业领域算力服务和数据筑基三年行动方案(2026―2028年)的通知,https://www.pkulaw.com/lar/9ef69bbd8434c8dbafec10a0e32052b2bdfb.html,2026.04.30,江西省工业和信息化厅,地方工作文件,2026.04.30
地方法规,湖南省工业和信息化厅关于公布2026年湖南省未来产业创新发展优秀典型案例名单的通知,https://www.pkulaw.com/lar/c54101229bb077e171f6a21255496b91bdfb.html,2026.04.30,湖南省工业和信息化厅,地方工作文件,2026.04.30
地方法规,西安市人民政府办公厅关于印发制造业数字化转型及中小企业城市试点实施方案的通知(2026),https://www.pkulaw.com/lar/a786449b08980657c24da77430ca9d6ebdfb.html,2026.04.30,西安市人民政府,地方工作文件,2026.04.30
中央法规,上海证券交易所关于国泰海通证券股份有限公司为方正富邦中证沪港深人工智能50交易型开放式指数证券投资基金提供主做市服务的公告,https://www.pkulaw.com/chl/c425225d92dfbc95bdfb.html,2026.04.29,上海证券交易所,行业规定,2026.04.29
地方法规,济宁市工业和信息化局关于公布2026年度济宁市基础级智能工厂名单的通知,https://www.pkulaw.com/lar/93a0ec28ad3704141f43aa2f12968b89bdfb.html,2026.04.29,济宁市工业和信息化局,地方工作文件,2026.04.29
地方法规,重庆市2026年智能家居产品(含适老化家居产品)购新补贴政策线下收单机构预征集公告,https://www.pkulaw.com/lar/0faed182dd516f616b2d011662dae7aebdfb.html,2026.04.29,重庆市会展服务中心,地方工作文件,2026.04.29
地方法规,广西壮族自治区工业和信息化厅关于发布广西“人工智能+制造”需求清单(第一批)的通知,https://www.pkulaw.com/lar/4f959b84be28f59014589056bfd1a6f2bdfb.html,2026.04.29,广西壮族自治区工业和信息化厅,地方工作文件,2026.04.29
地方法规,中山市工业和信息化局关于征集“人工智能典型解决方案、典型应用案例、典型产品”的通知,https://www.pkulaw.com/lar/a7141070ffdac8da86a4490614f0bfddbdfb.html,2026.04.29,中山市工业和信息化局,地方工作文件,2026.04.29
地方法规,福州市商务局关于2026年5月家电以旧换新、数码和智能产品购新补贴线上资格券投放额度的公告,https://www.pkulaw.com/lar/8d0233e64c17a60074b57c12f5f45c1dbdfb.html,2026.04.29,福州市商务局,地方工作文件,2026.04.29
地方法规,北京市广电局关于印发《北京市促进“人工智能+视听”产业高质量发展重点项目支持管理办法(2026—2029年)》的通知,https://www.pkulaw.com/lar/3d36f7e3042ff60403eb0e3738d384d6bdfb.html,2026.04.29,北京市广播电视局,地方规范性文件,2026.04.29
地方法规,内蒙古自治区科学技术厅关于发布2026年内蒙古自治区科技重大专项人工智能+和氢能(第二批)、储能和新型电力系统项目申报指南的通知,https://www.pkulaw.com/lar/e815d8a54a6345a4dfe1013d956a908fbdfb.html,2026.04.29,内蒙古自治区科学技术厅,地方工作文件,2026.04.29
地方法规,汕尾市工业和信息化局、汕尾市公安局、汕尾市交通运输局、汕尾市住房和城乡建设局关于印发《汕尾市智能网联车道路测试与示范应用管理实施细则(试行)》的通知,https://www.pkulaw.com/lar/1faf147b51c7e3f3121bb831291d1977bdfb.html,2026.04.29,汕尾市住房和城乡建设局,地方规范性文件,2026.04.29
地方法规,河北省工业和信息化厅关于沙河市安全实业有限公司1650t/d一窑三线高端电子及汽车、光伏玻璃数智化绿色节能升级改造生产线项目产能置换方案的公告,https://www.pkulaw.com/lar/50264c9b1314408080eadd875bece6abbdfb.html,2026.04.29,河北省工业和信息化厅,地方工作文件,2026.04.29
地方法规,福州市工业和信息化局、福州市财政局关于开展2026年福州市未来产业创新创业团队申报遴选工作的通知,https://www.pkulaw.com/lar/a78d6bc36eee5b31e8f04104bd55a7acbdfb.html,2026.04.29,福州市财政局,地方工作文件,2026.04.29
地方法规,漳州市工业和信息化局关于征集漳州市第二批中小企业数字化转型试点城市数字化服务商的通知,https://www.pkulaw.com/lar/b95d597d62b27e2651af86a60cafff17bdfb.html,2026.04.29,漳州市工业和信息化局,地方工作文件,2026.04.29
地方法规,西安市工业和信息化局关于西安市中小企业数字化链式转型牵引单位及转型服务商推荐名录动态调整的通知,https://www.pkulaw.com/lar/49bf457cd37c5d13c7ecc02fb9f91a1bbdfb.html,2026.04.29,西安市工业和信息化局,地方工作文件,2026.04.29
中央法规,深圳证券交易所关于无锡理奇智能装备股份有限公司股票上市交易的公告,https://www.pkulaw.com/chl/752b6d8a957ac0b3bdfb.html,2026.04.28,深圳证券交易所,行业规定,2026.04.28
中央法规,工业和信息化部办公厅关于实施人工智能科技伦理审查与服务先导计划的通知,https://www.pkulaw.com/chl/59ddf5e142e746bcbdfb.html,2026.04.28,工业和信息化部,部门规章；部门工作文件,2026.04.28
中央法规,中国互联网协会关于发布《智能门锁门前主动安防技术要求》等5项团体标准立项的公告,https://www.pkulaw.com/chl/2c62099e49220c2bbdfb.html,2026.04.28,中国互联网协会,行业规定,2026.04.28
地方法规,杭州法院发布人工智能企业与从业人员权益保护典型案例,https://www.pkulaw.com/lar/ca6b44ac3372364d33dfbf51b81f817fbdfb.html,2026.04.28,杭州市中级人民法院,地方工作文件,2026.04.28
地方法规,淮安市政府办公室关于印发淮安市人工智能创新发展行动方案(2026―2027年)的通知,https://www.pkulaw.com/lar/928bffece4102f3560efa03e773f4cb3bdfb.html,2026.04.28,淮安市人民政府,地方工作文件,2026.04.28
地方法规,福州市商务局关于2026年第三批家电以旧换新、数码和智能产品购新补贴活动企业名单的公告,https://www.pkulaw.com/lar/f9f4395d7c0a64d040bd573e80817f14bdfb.html,2026.04.28,福州市商务局,地方工作文件,2026.04.28
地方法规,青岛市行政审批服务局关于印发《青岛市行政审批服务系统人工智能OPC创业服务“一类事”实施方案》的通知,https://www.pkulaw.com/lar/3db7f526269e3d95d6c2e8f7f63d642abdfb.html,2026.04.28,青岛市行政审批服务局,地方工作文件,2026.04.28
地方法规,惠州大亚湾开发区党工委管委会综合办公室关于印发《大亚湾开发区加快推动人工智能产业创新发展行动方案(2026―2028年)》的通知,https://www.pkulaw.com/lar/d35f7814d6704298104c4df458e82b8bbdfb.html,2026.04.28,惠州市大亚湾经济技术开发区管理委员会,地方工作文件,2026.04.28
地方法规,湖南省工业和信息化厅、湖南省财政厅关于组织开展2026年湖南省“人工智能+”“智赋万企”行动相关项目支持资金申报工作的通知,https://www.pkulaw.com/lar/2df57a9c62da4cce3f905565855dc84fbdfb.html,2026.04.28,湖南省财政厅,地方工作文件,2026.04.28
地方法规,惠州市工业和信息化局关于下达2026年惠州市制造业当家重点任务保障专项资金(信息化和信息产业发展―人工智能应用场景项目奖励)安排计划的通知,https://www.pkulaw.com/lar/7eaf3bc521b12ad4fd5ea5ba92f83652bdfb.html,2026.04.28,惠州市工业和信息化局,地方工作文件,2026.04.28
地方法规,河北省工业和信息化厅关于做好河北省共享工厂数智化改造工作的通知,https://www.pkulaw.com/lar/10f1d5c5e536bc05e9f4b0c731c25484bdfb.html,2026.04.28,河北省工业和信息化厅,地方工作文件,2026.04.28
地方法规,山西省住房和城乡建设厅关于印发数字化转型可复制可推广经验做法清单(第一批)的通知,https://www.pkulaw.com/lar/51a3708c16fd6ac240235005c11a2407bdfb.html,2026.04.28,山西省住房和城乡建设厅,地方工作文件,2026.04.28
地方法规,吉林省住房和城乡建设厅关于发布《纸质城建档案数字化导则》等3项吉林省工程建设导则的通告,https://www.pkulaw.com/lar/49a3af268927b7ff9e1386ad0b60a485bdfb.html,2026.04.27,吉林省住房和城乡建设厅,地方工作文件,2026.05.01
中央法规,中国互联网协会关于征集《安全可信智能云平台能力分级方法》团体标准参编单位的通知,https://www.pkulaw.com/chl/9f25b30fa35c0a7fbdfb.html,2026.04.27,中国互联网协会,部门规章；部门工作文件,2026.04.27
地方法规,南京市科学技术局关于征集全市智能体(Agent)及大模型应用案例的通知,https://www.pkulaw.com/lar/a7502da89e4d530408bbc37887d3be36bdfb.html,2026.04.27,南京市科学技术局,地方工作文件,2026.04.27
地方法规,龙岩市工业和信息化局关于加快培育“人工智能+制造”应用场景的通知,https://www.pkulaw.com/lar/69db1828037c5d134c0d74d477b62610bdfb.html,2026.04.27,龙岩市工业和信息化局,地方工作文件,2026.04.27
地方法规,上海市规划和自然资源局关于印发《2026年上海量子城市空间智能建设工作要点》的通知,https://www.pkulaw.com/lar/fc0d2fd5d0119a0fa5f5d15bf5eb549fbdfb.html,2026.04.27,上海市规划和自然资源局,地方工作文件,2026.04.27
地方法规,漳州市商务局关于公布2026年数码和智能产品购新补贴活动第十三批参与企业名单的通知,https://www.pkulaw.com/lar/d05b6e58792ab6847081c31fcbae78e4bdfb.html,2026.04.27,漳州市商务局,地方工作文件,2026.04.27
地方法规,天津市规划和自然资源局西青分局关于公布汇润机电智能制造基地项目总平面图的通知,https://www.pkulaw.com/lar/975a2872199e592065e343927ca60f71bdfb.html,2026.04.27,天津市规划和自然资源局西青分局,地方工作文件,2026.04.27
地方法规,北京市昌平区人民政府办公室关于印发《昌平区推动“人工智能+”创新发展行动计划(2026—2028年)》的通知,https://www.pkulaw.com/lar/79caf0c3b1f864fc2009fbf4b0e9ab97bdfb.html,2026.04.27,北京市昌平区人民政府,地方工作文件,2026.04.27
地方法规,云南省卫生健康委员会等10部门关于印发云南省加快推动“人工智能+医疗卫生”应用发展实施方案的通知,https://www.pkulaw.com/lar/4f6f201a82cfc7e989ac34140d1ccd82bdfb.html,2026.04.27,云南省疾病预防控制局,地方工作文件,2026.04.27
地方法规,广西壮族自治区大数据发展局关于开展广西人工智能赋能千行百业项目补助资金申报工作(第二批)的通知,https://www.pkulaw.com/lar/03232bedcd2a395ad41dec9fe6417374bdfb.html,2026.04.27,广西壮族自治区大数据发展局,地方工作文件,2026.04.27
地方法规,湖南省工业和信息化厅关于公布2025年度湖南省人工智能大模型、制造业数字化转型促进中心名单的通知,https://www.pkulaw.com/lar/915f4cc8f4ff47d98e3717d87fea0601bdfb.html,2026.04.27,湖南省工业和信息化厅,地方工作文件,2026.04.27
地方法规,平远县自然资源局关于《广东省平远县智能制造产业园基础配套设施建设项目漳演村、热柘村弃渣场临时用地土地复垦方案》通过审查的公告,https://www.pkulaw.com/lar/a479aff28fe26fac54fe53e20a31e7ffbdfb.html,2026.04.27,平远县自然资源局,地方工作文件,2026.04.27
地方法规,山东省大数据局关于印发《山东省行业高质量数据集建设专项行动方案》的通知,https://www.pkulaw.com/lar/4101adb4f9dad62f37cbf32c2ec9a1abbdfb.html,2026.04.27,山东省大数据局,地方工作文件,2026.04.27
中央法规,工业和信息化部办公厅关于公布2025年度数字化转型典型案例(“数字三品”方向)名单的通知,https://www.pkulaw.com/chl/cc381b3be991ff8ebdfb.html,2026.04.27,工业和信息化部,部门规章；部门工作文件,2026.04.27
地方法规,湖南省工业和信息化厅关于动态调整湖南省数字化转型生态供给资源池的通知,https://www.pkulaw.com/lar/dd37fa60dbe7463f66f45a5b177e8bacbdfb.html,2026.04.27,湖南省工业和信息化厅,地方工作文件,2026.04.27
地方法规,长沙市工业和信息化局、长沙市财政局关于开展长沙市中小企业数字化转型集成服务商诊断补助资金申报工作的通知,https://www.pkulaw.com/lar/cc56dfd794dee63a3dc01df062234412bdfb.html,2026.04.27,长沙市财政局,地方工作文件,2026.04.27
中央法规,上海证券交易所关于长江证券股份有限公司为华夏上证科创板人工智能交易型开放式指数证券投资基金提供主做市服务的公告,https://www.pkulaw.com/chl/4dd9ddac8eea99a2bdfb.html,2026.04.24,上海证券交易所,行业规定,2026.04.24
地方法规,安徽省科技厅关于发布2026年度安徽省人工智能场景创新项目榜单的通知,https://www.pkulaw.com/lar/6c677abd02470505694696ad281aafc4bdfb.html,2026.04.24,安徽省科学技术厅,地方工作文件,2026.04.24
中央法规,工业和信息化部办公厅关于印发《工业互联网与油气储运行业融合应用参考指南(2026年)》的通知,https://www.pkulaw.com/chl/d0f2fdddc98bd820bdfb.html,2026.04.24,工业和信息化部,部门规章；部门工作文件,2026.04.24
地方法规,中山市工业和信息化局关于开展2026年中山市中小企业数字化转型城市试点数字化项目(4―5月)入库申报的通知,https://www.pkulaw.com/lar/02e95d51f8519fe03e4ede68e0a01d93bdfb.html,2026.04.24,中山市工业和信息化局,地方工作文件,2026.04.24
地方法规,吉林省政务服务和数字化建设管理局关于印发《吉林省公共数据资源授权运营管理办法(试行)》的通知,https://www.pkulaw.com/lar/ce353dda3d7d540507849edeffdf3e00bdfb.html,2026.04.24,吉林省政务服务和数字化建设管理局,地方规范性文件,2026.04.24
地方法规,广州市工业和信息化局关于举办中小企业数字化转型政策宣讲暨中小企业“数字贷”产品发布活动的通知,https://www.pkulaw.com/lar/f19108e6c4a710663bef591270ff7563bdfb.html,2026.04.24,广州市工业和信息化局,地方工作文件,2026.04.24
地方法规,坪山区人民政府关于印发《深圳市坪山区智能网联全域开放测试示范应用与商业化试点管理办法》的通知,https://www.pkulaw.com/lar/6f8b2553a4ae3adeb573e7c1351a8062bdfb.html,2026.04.23,深圳市坪山区人民政府,地方规范性文件,2026.05.11
中央法规,中国建筑业协会关于召开第六届绿色建造与智能建筑创新大会暨项目观摩会的通知,https://www.pkulaw.com/chl/58e030946cacaddcbdfb.html,2026.04.23,中国建筑业协会,行业规定,2026.04.23
地方法规,深圳市工业和信息化局关于征集智能眼镜应用场景的通知,https://www.pkulaw.com/lar/fbfb924eff98ae583db6cad5cc10e6b4bdfb.html,2026.04.23,深圳市工业和信息化局,地方工作文件,2026.04.23
地方法规,黑龙江省工业和信息化厅、黑龙江省财政厅关于印发《黑龙江省算力券管理办法(试行)》的通知,https://www.pkulaw.com/lar/5c86b1b841b3ef88b9c0603be29e9a67bdfb.html,2026.04.23,黑龙江省财政厅,地方规范性文件,2026.04.23
地方法规,南京市政府办公厅关于印发《南京市加快培育发展未来产业实施方案》的通知,https://www.pkulaw.com/lar/0fb8fb6954d6e262b098f12bf8a48b33bdfb.html,2026.04.23,南京市人民政府,地方工作文件,2026.04.23
地方法规,漳州市工业和信息化局关于征集漳州市第二批中小企业数字化转型试点城市试点企业的通知,https://www.pkulaw.com/lar/6053528cb440780bf8f324fdc33e633ebdfb.html,2026.04.23,漳州市工业和信息化局,地方工作文件,2026.04.23
中央法规,上海证券交易所关于长江证券股份有限公司为广发上证科创板人工智能交易型开放式指数证券投资基金提供主做市服务的公告,https://www.pkulaw.com/chl/a47446e37a06db43bdfb.html,2026.04.22,上海证券交易所,行业规定,2026.04.22
中央法规,上海证券交易所关于长江证券股份有限公司为易方达上证科创板人工智能交易型开放式指数证券投资基金提供主做市服务的公告,https://www.pkulaw.com/chl/0a064f649ac8b50fbdfb.html,2026.04.22,上海证券交易所,行业规定,2026.04.22
地方法规,广西壮族自治区工业和信息化厅关于公布2026年广西智能制造标杆企业、智能工厂(先进级智能工厂)和数字化车间(基础级智能工厂)认定名单的通知,https://www.pkulaw.com/lar/36c40e27470b4332ce1263fd1294b257bdfb.html,2026.04.22,广西壮族自治区工业和信息化厅,地方工作文件,2026.04.22
地方法规,南平市生态环境局关于批复福建美尚智能家具制造有限公司酒店智能家具生产建设项目环境影响报告表的函,https://www.pkulaw.com/lar/00112720df0ca4b0f43085f5944f1e89bdfb.html,2026.04.22,南平市生态环境局,地方规范性文件,2026.04.22
地方法规,北京市海淀区民政局关于印发《海淀区“人工智能+养老”三年行动计划(2026―2028年)》的通知,https://www.pkulaw.com/lar/a5625bc49056d0d49fcbc6592e7d3d3cbdfb.html,2026.04.22,北京市海淀区民政局,地方工作文件,2026.04.22
地方法规,漳州市商务局关于公布2026年数码和智能产品购新补贴活动第十二批参与企业名单的通知,https://www.pkulaw.com/lar/25fbf6d6d96207f6125ff7cc8d43dc6cbdfb.html,2026.04.22,漳州市商务局,地方工作文件,2026.04.22
地方法规,深圳市光明区工业和信息化局关于开展2026年光明区人工智能产业创新孵化器认定申报的通知,https://www.pkulaw.com/lar/969d8e745e48a5ea5bbc5a50d214a084bdfb.html,2026.04.22,深圳市光明区工业和信息化局,地方工作文件,2026.04.22
地方法规,上海市生态环境局关于发布《上海市碳普惠减排项目方法学 市政道路和公路功能照明智能调光(SHCER01010042026I)》的通知,https://www.pkulaw.com/lar/fa2694ec668e3db4ee8b6ea82fb6039cbdfb.html,2026.04.22,上海市生态环境局,地方工作文件,2026.04.22
地方法规,安徽省工业和信息化厅、安徽省财政厅关于开展2026年智能机器人产业发展政策项目(第一批)申报工作的通知,https://www.pkulaw.com/lar/0af0655a6de199781ae3ada60c17c99fbdfb.html,2026.04.22,安徽省财政厅,地方工作文件,2026.04.22
地方法规,珠海市工业和信息化局关于组织开展2026年珠海市促进实体经济高质量发展专项资金(人工智能与机器人产业发展用途)项目征集的通知,https://www.pkulaw.com/lar/fb280684c2f4e1b319f29cd1d1f2fb06bdfb.html,2026.04.22,珠海市工业和信息化局,地方工作文件,2026.04.22
地方法规,成都市财政局、成都市经济和信息化局关于清算下达2023年国家中小企业发展专项资金(中小企业数字化转型方向)的通知,https://www.pkulaw.com/lar/a529f17022f5a9ab44412f1eae093911bdfb.html,2026.04.22,成都市经济和信息化局,地方工作文件,2026.04.22
中央法规,中国建筑业协会关于召开建设工程BIM技术应用暨信息化建设与智能建造经验交流会的通知,https://www.pkulaw.com/chl/0d8a2ae0ec2f0c56bdfb.html,2026.04.21,中国建筑业协会,行业规定,2026.04.21
地方法规,湖南省工业和信息化厅关于发布2026年度湖南省人工智能应用需求清单与供给能力清单的通知,https://www.pkulaw.com/lar/71ac9efe37af4a1f03d6b3e207abb7b7bdfb.html,2026.04.21,湖南省工业和信息化厅,地方工作文件,2026.04.21
地方法规,泉州市自然资源和规划局关于变更福建新源重工5G智能数字化工程机械制造产业园项目建设工程规划许可的函,https://www.pkulaw.com/lar/414359a785180aad0a4b360becedab83bdfb.html,2026.04.21,泉州市自然资源和规划局,地方工作文件,2026.04.21
地方法规,鞍山市商务局关于2026年鞍山市家电以旧换新、数码和智能产品购新补贴活动第11批拟参与经营主体名单的公告,https://www.pkulaw.com/lar/bd535b13e4b3f21b1473ead7ce39abe9bdfb.html,2026.04.21,鞍山市商务局,地方工作文件,2026.04.21
地方法规,江苏省工业和信息化厅关于公布江苏省工业和信息化领域行业高质量数据集建设先行先试联合体及项目的通知,https://www.pkulaw.com/lar/e3327d2d0889a6c081f34be764bc2b0dbdfb.html,2026.04.21,江苏省工业和信息化厅,地方工作文件,2026.04.21
地方法规,南宁市工业和信息化局关于公布南宁市中小企业数字化转型第一批“数字化转型标杆企业”名单的通知,https://www.pkulaw.com/lar/e3dd7a3550373668b49e8376f4f54be8bdfb.html,2026.04.21,南宁市工业和信息化局,地方工作文件,2026.04.21
地方法规,宁波市人民政府办公厅关于支持人工智能OPC创新创业发展的若干意见,https://www.pkulaw.com/lar/2c20b64b7a1ed4912341941d7432dfbfbdfb.html,2026.04.20,宁波市人民政府,地方规范性文件,2026.05.21
中央法规,农业农村部市场与信息化司关于征集“人工智能+农业”典型应用场景的通知,https://www.pkulaw.com/chl/ade6358a76ae2cbbbdfb.html,2026.04.20,农业农村部,部门规章；部门工作文件,2026.04.20
中央法规,中国互联网协会关于举办首届“网络强国杯”全国人工智能法实务能力大赛的通知,https://www.pkulaw.com/chl/a348fb34cbd4cf5bbdfb.html,2026.04.20,中国互联网协会,行业规定,2026.04.20
地方法规,深圳市住房和建设局关于征集智能建造技术(第四批)的通知,https://www.pkulaw.com/lar/91994a0af305d5e7a7e11b15df680363bdfb.html,2026.04.20,深圳市住房和建设局,地方工作文件,2026.04.20
地方法规,韶关市人民政府办公室关于印发韶关市加快智能计算产业发展若干措施的通知(2026),https://www.pkulaw.com/lar/9a1d797089ea5cae804e463e6ad8ae43bdfb.html,2026.04.20,韶关市人民政府,地方工作文件,2026.04.20
地方法规,福州市商务局关于2026年第二批家电以旧换新、数码和智能产品购新补贴活动企业名单的公告,https://www.pkulaw.com/lar/282620181320c086c16f7b0f935e552abdfb.html,2026.04.20,福州市商务局,地方工作文件,2026.04.20
地方法规,陇南市人民政府办公室关于印发陇南市贯彻落实《甘肃省深入实施“人工智能+”行动方案》工作任务清单的通知,https://www.pkulaw.com/lar/eb686e91516da1f320f61b2660ac2da4bdfb.html,2026.04.20,陇南市人民政府,地方工作文件,2026.04.20
地方法规,惠州市工业和信息化局关于下达2025年人工智能与机器人领域专精特新“小巨人”企业额外奖补资金项目计划的通知,https://www.pkulaw.com/lar/efac0536f0c681dd3075ff2582808ec8bdfb.html,2026.04.20,惠州市工业和信息化局,地方工作文件,2026.04.20
地方法规,宁夏回族自治区商务厅等7部门关于印发《宁夏回族自治区2026年智能家居产品(含适老化家居产品)购新补贴实施细则》的通知,https://www.pkulaw.com/lar/97e9cda51134f8df9e5673360603a2afbdfb.html,2026.04.20,国家税务总局宁夏回族自治区税务局,地方规范性文件,2026.04.20
地方法规,宁夏回族自治区商务厅关于公开征集宁夏回族自治区2026年智能家居产品(含适老化家居产品)购新补贴政策参与品牌厂家的公告,https://www.pkulaw.com/lar/d84654b48b2dc77213db9a38e6ee80a9bdfb.html,2026.04.20,宁夏回族自治区商务厅,地方工作文件,2026.04.20
地方法规,贵州省工业和信息化厅、贵州省发展和改革委员会、贵州省财政厅、贵州省市场监管局、贵州省大数据发展管理局关于印发《贵州省智能工厂梯度培育方案》的通知,https://www.pkulaw.com/lar/a07cd98606334e42bd5992581d363589bdfb.html,2026.04.20,贵州省大数据发展管理局,地方工作文件,2026.04.20
中央法规,深圳证券交易所关于大成中证工业互联网主题交易型开放式指数证券投资基金上市交易的公告,https://www.pkulaw.com/chl/0195bf8be284f91cbdfb.html,2026.04.20,深圳证券交易所,行业规定,2026.04.20
中央法规,中国支付清算协会关于举办支付行业数字化转型实务暨自律制度解读培训班的通知,https://www.pkulaw.com/chl/f723a83024e9c4a1bdfb.html,2026.04.20,中国支付清算协会,行业规定,2026.04.20
地方法规,中山市工业和信息化局关于下达2026年中山市中小企业数字化转型城市试点数字化改造项目(第二批)资助计划的通知,https://www.pkulaw.com/lar/4558cb755785ddbc6e9f43d1d453bc96bdfb.html,2026.04.20,中山市工业和信息化局,地方工作文件,2026.04.20
地方法规,中山市工业和信息化局关于下达2026年中山市中小企业数字化转型城市试点数字化改造项目(第三批)资助计划的通知,https://www.pkulaw.com/lar/ae0de289dac287831175dd956ff37c26bdfb.html,2026.04.20,中山市工业和信息化局,地方工作文件,2026.04.20
地方法规,厦门市工业和信息化局关于组织开展数字化能碳管理中心试点示范工作的通知,https://www.pkulaw.com/lar/cbe30cbb68af55d19d9e316dfd2172b5bdfb.html,2026.04.20,厦门市工业和信息化局,地方工作文件,2026.04.20
地方法规,绵阳市经济和信息化局、绵阳市财政局关于印发《绵阳市支持开展国家制造业新型技术改造城市试点和国家中小企业数字化转型城市试点若干政策措施》的通知,https://www.pkulaw.com/lar/951e1d7d6044f1c326be69f170aab058bdfb.html,2026.04.20,绵阳市财政局,地方规范性文件,2026.04.20
地方法规,深圳市工业和信息化局关于公布深圳市先进级智能工厂(2026年第一批)名单的通知,https://www.pkulaw.com/lar/34ba054237c0d3ec401c677dea149f92bdfb.html,2026.04.19,深圳市工业和信息化局,地方工作文件,2026.04.19
中央法规,深圳证券交易所关于富国中证科创创业人工智能交易型开放式指数证券投资基金上市交易的公告,https://www.pkulaw.com/chl/710c5f9572e85f89bdfb.html,2026.04.17,深圳证券交易所,行业规定,2026.04.17
地方法规,河北省工业和信息化厅关于做好工业智能体培育和创新应用工作的通知,https://www.pkulaw.com/lar/583ea13c8915f697f36ffc2129474bb2bdfb.html,2026.04.17,河北省工业和信息化厅,地方工作文件,2026.04.17
地方法规,威海市工业和信息化局关于公布2026年威海市基础级智能工厂名单的通知,https://www.pkulaw.com/lar/ba83bdd3b53832fede17f1244a87de37bdfb.html,2026.04.17,威海市工业和信息化局,地方工作文件,2026.04.17
地方法规,关于印发《徐州市铜山区支持人工智能OPC社区建设发展的若干措施》的通知,https://www.pkulaw.com/lar/8a2c7a31a108274b96129899d53600f8bdfb.html,2026.04.17,徐州市铜山区人民政府,地方规范性文件,2026.04.17
地方法规,黑龙江省人民政府办公厅关于印发《黑龙江省支持智能机器人产业发展若干政策措施》的通知,https://www.pkulaw.com/lar/a5b65724af7ca2fefc6c88bd0bd8fc0bbdfb.html,2026.04.17,黑龙江省人民政府,地方规范性文件,2026.04.17
地方法规,广元市商务局关于阶段性调整2026年家电以旧换新、数码和智能产品购新补贴资格券投放量的公告,https://www.pkulaw.com/lar/996c03fff08cf84aef574bb6c5f67017bdfb.html,2026.04.17,广元市商务局,地方工作文件,2026.04.17
地方法规,广州市工业和信息化局关于开展2026年中小企业数字化转型城市试点专项资金中小企业数字化改造项目(第一批)入库申报工作的通知,https://www.pkulaw.com/lar/811fef65d5cb740fba51dde8739cddb1bdfb.html,2026.04.17,广州市工业和信息化局,地方工作文件,2026.04.17
中央法规,中华人民共和国工业和信息化部公告2026年第9号――关于发布《人工智能 深度合成图像系统技术规范》等690项行业标准的公告,https://www.pkulaw.com/chl/d0fab569e03c2cd2bdfb.html,2026.04.16,工业和信息化部,部门规章；部门工作文件,2026.04.16
中央法规,深圳证券交易所关于为南京智能制造产业园建设发展有限公司2026年面向专业投资者非公开发行可续期公司债券(第一期)提供转让服务有关事项的通知,https://www.pkulaw.com/chl/66a0ada418326d76bdfb.html,2026.04.16,深圳证券交易所,行业规定,2026.04.16
地方法规,北京市经济和信息化局关于组织开展无人智能领域揭榜攻关的通知,https://www.pkulaw.com/lar/39444af07dec40c29da843ac16371431bdfb.html,2026.04.16,北京市经济和信息化局,地方工作文件,2026.04.16
地方法规,保定市人民政府办公室关于印发保定市推动“人工智能+”行动方案的通知,https://www.pkulaw.com/lar/c3bb64ddd23fea1d1291d9a331f04e97bdfb.html,2026.04.16,保定市人民政府,地方规范性文件,2026.04.16
地方法规,武汉市农业农村局关于公开征集“人工智能+农业”应用需求和场景的通知,https://www.pkulaw.com/lar/cf61e9d85f5b690249acced4ec81186abdfb.html,2026.04.16,武汉市农业农村局,地方工作文件,2026.04.16
地方法规,福州市商务局关于上传2026年家电以旧换新、数码和智能产品购新补贴申报材料的公告,https://www.pkulaw.com/lar/f57be17ee18501f0efe111ef7aeecc38bdfb.html,2026.04.16,福州市商务局,地方工作文件,2026.04.16
地方法规,重庆市住房和城乡建设委员会关于征集重庆市第二批智能建造科技创新平台和产业园区的通知,https://www.pkulaw.com/lar/2a93ff8da2e44f2e1b08be9b4e326709bdfb.html,2026.04.16,重庆市住房和城乡建设委员会,地方工作文件,2026.04.16
地方法规,福州市商务局关于2026年第一批家电以旧换新、数码和智能产品购新补贴活动企业名单的公告,https://www.pkulaw.com/lar/116d9940d96bae3f16f0eb2c2333ccb8bdfb.html,2026.04.16,福州市商务局,地方工作文件,2026.04.16
地方法规,深圳市深汕特别合作区农业农村和海洋渔业局关于华润海丰项目#3、#4机组扩建工程海洋水质智能监控平台及浮标布放施工项目用海的批复,https://www.pkulaw.com/lar/c9a3bb4861a51f3ac10c3262cad3ee98bdfb.html,2026.04.16,深圳市深汕特别合作区农业农村和海洋渔业局,地方工作文件,2026.04.16
地方法规,四川省科学技术厅、四川省人力资源和社会保障厅、四川省经济和信息化厅关于印发《四川省支持人工智能OPC创新发展行动方案(2026—2027年)》的通知,https://www.pkulaw.com/lar/a286f40450770686c78cde2e50bc98e8bdfb.html,2026.04.16,四川省经济和信息化厅,地方工作文件,2026.04.16
地方法规,汕头市工业和信息化局关于增加省级中小企业数字化转型城市试点专项资金(制造业数字化改造方向)数字化转型标杆类别项目数量的通知,https://www.pkulaw.com/lar/aaf50b9b3bd41fe4886138c12f01aaaabdfb.html,2026.04.16,汕头市工业和信息化局,地方工作文件,2026.04.16
中央法规,深圳证券交易所关于深圳市尚水智能股份有限公司股票上市交易的公告,https://www.pkulaw.com/chl/1a1af150099b72d4bdfb.html,2026.04.15,深圳证券交易所,行业规定,2026.04.15
中央法规,中国互联网协会关于招募“智能体互联网产业发展和治理工作组”成员单位的通知,https://www.pkulaw.com/chl/beaa25f70d4ab532bdfb.html,2026.04.15,中国互联网协会,行业规定,2026.04.15
地方法规,关于河南义瑞新材料科技有限公司年产72万吨铝基新材料智能制造项目节能报告的审查意见,https://www.pkulaw.com/lar/d2b48081c38ff905db4bd4de0517de6dbdfb.html,2026.04.15,河南省发展和改革委员会,地方工作文件,2026.04.15
地方法规,宁德市生态环境局关于宁德新能源科技五里洋锂电池智能生产园区(二期工程)环境影响报告表的批复,https://www.pkulaw.com/lar/6a0f3aebbef5c0bc763366a5c52d4784bdfb.html,2026.04.15,宁德市生态环境局,地方工作文件,2026.04.15
地方法规,哈尔滨市财政局关于转发《黑龙江省财政厅关于开展数智化背景下会计相关典型案例征集工作的通知》的通知,https://www.pkulaw.com/lar/e2e4bfb314eaaf9e6c2719bc3e9f5534bdfb.html,2026.04.15,哈尔滨市财政局,地方工作文件,2026.04.15
地方法规,河北省工业和信息化厅关于沙河市安全实业有限公司1650t/d一窑三线高端电子及汽车、光伏玻璃数智化绿色节能升级改造生产线项目产能置换方案的公示,https://www.pkulaw.com/lar/5a051d0072082a5ebff9bdba5c84867ebdfb.html,2026.04.15,河北省工业和信息化厅,地方工作文件,2026.04.15
地方法规,江西省药品监督管理局关于鼓励药品生产单位自愿接入药品安全“互联网+AI监管”平台的通知,https://www.pkulaw.com/lar/b1f09505128c306b76526dcefd932031bdfb.html,2026.04.15,江西省药品监督管理局,地方工作文件,2026.04.15
地方法规,四川省民政厅关于准予四川省高新联未来产业研究院成立登记的行政许可决定书,https://www.pkulaw.com/lar/efe59cf0393220a16d1160bdfcedb0f5bdfb.html,2026.04.15,四川省民政厅,地方工作文件,2026.04.15
地方法规,珠海市工业和信息化局关于印发《珠海市中小企业数字化转型城市试点工作方案(2026年版)》的通知,https://www.pkulaw.com/lar/c594fb366fb0fd04971d1bba16bc61babdfb.html,2026.04.15,珠海市工业和信息化局,地方工作文件,2026.04.15
中央法规,中国互联网协会关于发布《医疗健康行业智能体口腔智能体系统技术要求》等两项团体标准立项的公告,https://www.pkulaw.com/chl/295447642ce6f123bdfb.html,2026.04.14,中国互联网协会,行业规定,2026.04.14
地方法规,北京市怀柔区文化产业发展促进中心关于印发《中国影都人工智能算力服务平台智能影像算力服务实施办法》的通知,https://www.pkulaw.com/lar/f8d70898fdf99c5b4d7e37c290765a96bdfb.html,2026.04.14,北京市怀柔区人民政府,地方规范性文件,2026.04.14
地方法规,广州市工业和信息化局关于征集具身智能机器人应用场景需求清单的通知,https://www.pkulaw.com/lar/e57bf859f59947fc990bf871d75455d6bdfb.html,2026.04.14,广州市工业和信息化局,地方工作文件,2026.04.14
地方法规,漳州市商务局关于公布2026年数码和智能产品购新补贴活动第十一批参与企业名单的通知,https://www.pkulaw.com/lar/3fa276ab1fc1aa2d3a948db787b6c0d9bdfb.html,2026.04.14,漳州市商务局,地方工作文件,2026.04.14
地方法规,广州市卫生健康委员会关于下达广州市医学科研基金项目―妇科肿瘤超声(开立)专项和重大创伤智能救治决策平台专项的通知,https://www.pkulaw.com/lar/753e60dd02078d4e4844178cc60e5d1dbdfb.html,2026.04.14,广州市卫生健康委员会,地方工作文件,2026.04.14
中央法规,中国注册税务师协会关于举办全国税务师行业AI赋能涉税专业服务技能竞赛活动的通知,https://www.pkulaw.com/chl/3b77a80057c15de6bdfb.html,2026.04.14,中国注册税务师协会,行业规定,2026.04.14
地方法规,青岛市发展和改革委员会关于继续执行《青岛市重点产业数字化转型赋能中心管理办法》的通知,https://www.pkulaw.com/lar/e4e3abd0ce554bf6b5e9a9ce3cc3e676bdfb.html,2026.04.14,青岛市发展和改革委员会,地方工作文件,2026.04.14
地方法规,西安市工业和信息化局关于加快推进制造业数字化转型及中小企业城市试点改造项目实施工作的通知,https://www.pkulaw.com/lar/a0f0cd083deef66b50c908d42aa6561abdfb.html,2026.04.14,西安市工业和信息化局,地方工作文件,2026.04.14
地方法规,启东市政府办公室关于印发启东市推动人工智能产业发展与赋能应用若干措施的通知,https://www.pkulaw.com/lar/5190c052f73d7071a4269e24774e3c7ebdfb.html,2026.04.13,启东市人民政府,地方工作文件,2026.05.14
地方法规,成都市经济和信息化局关于印发《成都市算力券管理办法(修订)》的通知(2026),https://www.pkulaw.com/lar/a6c098dc8bf41947f5728582aa25e421bdfb.html,2026.04.13,成都市经济和信息化局,地方规范性文件,2026.05.13
中央法规,国家档案局办公室关于开展人工智能应用试点工作的通知,https://www.pkulaw.com/chl/4607388c34546276bdfb.html,2026.04.13,国家档案局,部门规章；部门工作文件,2026.04.13
地方法规,磐安县人民政府关于印发磐安县人工智能创新发展行动方案的通知,https://www.pkulaw.com/lar/10549d8de5154eb03518f4b8ab0991f1bdfb.html,2026.04.13,磐安县人民政府,地方工作文件,2026.04.13
地方法规,绵阳市经济和信息化局关于征集省级人工智能产业新赛道项目申报指南的通知,https://www.pkulaw.com/lar/e90be08bb5353aa0fe15d78471576bcabdfb.html,2026.04.13,绵阳市经济和信息化局,地方工作文件,2026.04.13
地方法规,启东市政府办公室关于印发启东市加快推进人工智能产业发展实施方案的通知,https://www.pkulaw.com/lar/1fa2ba7b8cd9db6ed2bd97a9fa184a73bdfb.html,2026.04.13,启东市人民政府,地方工作文件,2026.04.13
中央法规,中国教育学会科学教育分会关于举办2026年数字化实验教学研讨会的通知,https://www.pkulaw.com/chl/28fb4b7f3eb077a8bdfb.html,2026.04.13,中国教育学会,团体规定,2026.04.13
地方法规,珠海市工业和信息化局关于公布珠海市省级中小企业数字化转型城市试点第十三、十四批拟改造企业名单的通知,https://www.pkulaw.com/lar/c7d84904ec3189452f2bacd34c892f7ebdfb.html,2026.04.13,珠海市工业和信息化局,地方工作文件,2026.04.13
中央法规,人工智能拟人化互动服务管理暂行办法,https://www.pkulaw.com/chl/f67ea12836aa7ff1bdfb.html,2026.04.10,国家市场监督管理总局,部门规章,2026.07.15
中央法规,中国互联网协会关于举办2026年度电信和互联网行业“生成式人工智能应用工程师”培训的通知,https://www.pkulaw.com/chl/e40f8b837e667282bdfb.html,2026.04.10,中国互联网协会,行业规定,2026.04.10
地方法规,邯郸市人民政府关于邯郸经济技术开发区河北中兴汽车制造有限公司智能化工厂迁建项目“1·9”一般坍塌事故调查报告的批复,https://www.pkulaw.com/lar/8ae895677458fd5b3b5bf934d236b9d6bdfb.html,2026.04.10,邯郸市人民政府,地方工作文件,2026.04.10
地方法规,"徐州市工业和信息化局关于征集徐州市中小企业转型""小快轻准""数字化技术产品和解决方案的通知",https://www.pkulaw.com/lar/040d1c10f30284a03d1920ced44385e8bdfb.html,2026.04.10,徐州市工业和信息化局,地方工作文件,2026.04.10
地方法规,绵阳市经济和信息化局关于公布绵阳市首批(2026年3月)中小企业数字化转型城市试点入库企业名单的通知,https://www.pkulaw.com/lar/cb2cfedbb9a8e309828f3f6473276432bdfb.html,2026.04.10,绵阳市经济和信息化局,地方工作文件,2026.04.10
中央法规,深圳证券交易所关于为“深高新投8号―知识产权资产支持专项计划(福田坪山人工智能专场)”提供转让服务的公告,https://www.pkulaw.com/chl/30c25aa812d82795bdfb.html,2026.04.09,深圳证券交易所,行业规定,2026.04.09
地方法规,四川省人工智能产业链链长办公室关于组织开展省人工智能产业链第二批链主企业申报工作的通知,https://www.pkulaw.com/lar/32247ce7de777737e33fdb75643b2dc9bdfb.html,2026.04.09,四川省人工智能产业链链长办公室,地方工作文件,2026.04.09
地方法规,江西省工业和信息化厅关于开展江西省制造业人工智能垂类模型、智能体、语料库培育入库的通知,https://www.pkulaw.com/lar/d89f350b456180a272f1fd2868548688bdfb.html,2026.04.09,江西省工业和信息化厅,地方工作文件,2026.04.09
地方法规,云南省医疗保障局关于公开发布第三批智能监管“两库”规则和知识点的公告,https://www.pkulaw.com/lar/23d4edb685d4feda2ae88225a451bb32bdfb.html,2026.04.09,云南省医疗保障局,地方工作文件,2026.04.09
地方法规,安徽省科学技术厅关于开展2026年度《打造通用人工智能产业创新和应用高地若干政策(2.0版)》兑现申报的通知,https://www.pkulaw.com/lar/2c22a29096d6aafb635c50fe0f679f66bdfb.html,2026.04.09,安徽省科学技术厅,地方规范性文件,2026.04.09
地方法规,海南省旅游和文化广电体育厅办公室关于组织开展“人工智能+文化和旅游”应用试点申报推荐工作的通知,https://www.pkulaw.com/lar/c3f26f7593586f701a6a7c77e1272843bdfb.html,2026.04.09,海南省旅游和文化广电体育厅,地方工作文件,2026.04.09
地方法规,广东省人民政府办公厅关于印发《广东省加快推进人工智能全域全时全行业高水平应用行动方案》的通知,https://www.pkulaw.com/lar/8debff81882aaef46bd4fe9db413dcc1bdfb.html,2026.04.09,广东省人民政府,地方工作文件,2026.04.09
地方法规,广东省能源局关于转发《智能电网国家科技重大专项管理办公室关于征集2027年度重大研发攻关需求建议的函》的通知,https://www.pkulaw.com/lar/45fb560db7a75b06476ca895a269c50cbdfb.html,2026.04.09,广东省能源局,地方规范性文件,2026.04.09
地方法规,珠海市工业和信息化局关于进一步开展珠海市中小企业数字化转型城市试点拟改造企业征集的通知,https://www.pkulaw.com/lar/7020b42a6da7fc99f3e3034876d446d8bdfb.html,2026.04.09,珠海市工业和信息化局,地方工作文件,2026.04.09
中央法规,国家档案局办公室印发《关于推进人工智能在档案行业应用的意见》的通知,https://www.pkulaw.com/chl/4c4184de4719fefebdfb.html,2026.04.08,国家档案局,部门规章；部门工作文件,2026.04.08
中央法规,深圳证券交易所关于南昌三瑞智能科技股份有限公司股票上市交易的公告,https://www.pkulaw.com/chl/c4e979c47434051dbdfb.html,2026.04.08,深圳证券交易所,行业规定,2026.04.08
中央法规,国家发展改革委、国家能源局、工业和信息化部、国家数据局印发《关于促进人工智能与能源双向赋能的行动方案》的通知,https://www.pkulaw.com/chl/0da8eebcff025a1abdfb.html,2026.04.08,国家数据局,部门规章；部门工作文件,2026.04.08
中央法规,上海证券交易所关于兴业证券股份有限公司为易方达上证科创板人工智能交易型开放式指数证券投资基金提供主做市服务的公告,https://www.pkulaw.com/chl/b8d7311633d05b77bdfb.html,2026.04.08,上海证券交易所,行业规定,2026.04.08
地方法规,漳州市商务局关于公布2026年数码和智能产品购新补贴活动第十批参与企业名单的通知,https://www.pkulaw.com/lar/c3cfd3dea0f18f1aef13dcfdd71bcbc9bdfb.html,2026.04.08,漳州市商务局,地方工作文件,2026.04.08
地方法规,海南省财政厅关于开展数智化背景下会计相关典型案例征集工作的通知,https://www.pkulaw.com/lar/e9795709ba711df98259689ba80a039bbdfb.html,2026.04.08,海南省财政厅,地方工作文件,2026.04.08
地方法规,北京市政务服务和数据管理局关于公开征集北京市行业高质量数据集建设成果的通知,https://www.pkulaw.com/lar/f6d4f37d07e48ec37a5dfc5f54273a2ebdfb.html,2026.04.08,北京市政务服务和数据管理局,地方工作文件,2026.04.08
地方法规,湖南省文化和旅游厅关于组织申报“人工智能+文化和旅游”应用试点的通知,https://www.pkulaw.com/lar/e2c5a57471aed2a3a11ff9fedf111f5abdfb.html,2026.04.07,湖南省文化和旅游厅,地方工作文件,2026.04.07
地方法规,连云港市科技局关于征集2026年度人工智能重大技术攻关“揭榜挂帅”项目榜单的通知,https://www.pkulaw.com/lar/7f336554ed43f8240bea7c7fe27ff4f1bdfb.html,2026.04.07,连云港市科学技术局,地方工作文件,2026.04.07
地方法规,连云港市科技局关于征集2026年度连云港市人工智能领域重大技术攻关“揭榜挂帅”的通知,https://www.pkulaw.com/lar/3f1dcd17b3da7c4bd58259a783bd7eb4bdfb.html,2026.04.07,连云港市科学技术局,地方工作文件,2026.04.07
地方法规,浙江省能源局关于征集智能电网国家科技重大专项2027年度重大研发攻关需求建议的通知,https://www.pkulaw.com/lar/09421014b382ff00ee46abbb1e14bac5bdfb.html,2026.04.07,浙江省能源局,地方工作文件,2026.04.07
地方法规,上海市浦东新区农业农村委员会关于浦东新区多场景智能农厂示范基地建设项目的批复,https://www.pkulaw.com/lar/55a46d1300f93ece8a3d172e0f7f387dbdfb.html,2026.04.07,上海市浦东新区农业农村委员会,地方工作文件,2026.04.07
地方法规,上海金融监管局关于中国银行股份有限公司上海市北杨人工智能创新园支行开业的批复,https://www.pkulaw.com/lar/8dccf90d60166a2f15f143e5472ded13bdfb.html,2026.04.07,国家金融监督管理总局上海监管局,行政许可批复,2026.04.07
地方法规,上海市经济信息化委关于开展《2026年度上海市智能机器人标杆企业与应用场景推荐目录》征集的通知,https://www.pkulaw.com/lar/7daee9ac0b7450d30298e9d424d561f0bdfb.html,2026.04.07,上海市经济和信息化委员会,地方工作文件,2026.04.07
地方法规,鞍山市商务局关于2026年鞍山市家电以旧换新、数码和智能产品购新补贴活动第10批参与经营主体名单的公告,https://www.pkulaw.com/lar/1240d20ec6220841748e8f3b38df6b94bdfb.html,2026.04.07,鞍山市商务局,地方工作文件,2026.04.07
地方法规,北京市科学技术委员会、中关村科技园区管理委员会关于开展2026年第二季度“智领未来”北京人工智能系列品牌活动征集的通知,https://www.pkulaw.com/lar/35294cd2c4d421b7a163a667d0875ae2bdfb.html,2026.04.07,北京市中关村科技园区管理委员会,地方工作文件,2026.04.07
地方法规,山东省统计局关于省政协十三届四次会议第13040957号提案答复的函(高秀岩委员提出《关于推进我省民营经济统计工作数智化升级的建议》),https://www.pkulaw.com/lar/a9aeab04b34d8134b342d1370bed5781bdfb.html,2026.04.07,山东省统计局,地方工作文件,2026.04.07
中央法规,中国互联网协会关于征集《大模型安全护栏能力技术规范》团体标准参编单位的通知,https://www.pkulaw.com/chl/ee65a70f25053787bdfb.html,2026.04.07,中国互联网协会,行业规定,2026.04.07
地方法规,海南州人民政府办公室关于印发《海南州算力领域绿电直连试点项目推进工作方案》的通知,https://www.pkulaw.com/lar/6055b33ed2071a53f73004055e677dfebdfb.html,2026.04.07,海南藏族自治州人民政府,地方工作文件,2026.04.07
地方法规,中山市工业和信息化局关于下达2025年中山市中小企业数字化转型城市试点咨询诊断及成效评估项目(第三批)资助计划的通知,https://www.pkulaw.com/lar/96c9d0ba3ee13b041476020f408b7524bdfb.html,2026.04.07,中山市工业和信息化局,地方工作文件,2026.04.07
地方法规,宁波市人民政府办公厅关于印发宁波市深化制造业数字化转型打造“人工智能+制造”全场景开放创新高地行动方案(2026—2028年)的通知,https://www.pkulaw.com/lar/62a55a4130d23bb537846e92a568f155bdfb.html,2026.04.04,宁波市人民政府,地方工作文件,2026.04.04
中央法规,中国专利保护协会关于筹备中国专利保护协会智能控制专业委员会的通知,https://www.pkulaw.com/chl/9134233e1bb6af08bdfb.html,2026.04.03,中国专利保护协会,行业规定,2026.04.03
中央法规,中国测绘学会关于举办2026年全国大学生测绘学科创新创业智能大赛的一号通知,https://www.pkulaw.com/chl/857397cb74046c04bdfb.html,2026.04.03,中国测绘学会,行业规定,2026.04.03
中央法规,交通运输部海事局关于印发《加快绿色智能船舶技术规范体系建设行动计划(2026―2030年)》的通知,https://www.pkulaw.com/chl/9d495af84faa5d3abdfb.html,2026.04.03,中华人民共和国海事局,部门规章；部门工作文件,2026.04.03
中央法规,上海证券交易所关于财通证券股份有限公司为易方达上证科创板人工智能交易型开放式指数证券投资基金提供主做市服务的公告,https://www.pkulaw.com/chl/dc30e8581329cf06bdfb.html,2026.04.03,上海证券交易所,行业规定,2026.04.03
地方法规,北京市经济和信息化局关于发布2026年北京市先进级智能工厂(第一批)名单的通知,https://www.pkulaw.com/lar/0c98d979fe406ecb7f24b235df8e34a2bdfb.html,2026.04.03,北京市经济和信息化局,地方工作文件,2026.04.03
地方法规,攀枝花市商务局关于调整攀枝花市家电以旧换新、数码和智能产品购新补贴有关事宜的公告,https://www.pkulaw.com/lar/f80e252582586d12d94800a7f917d6c3bdfb.html,2026.04.03,攀枝花市商务局,地方工作文件,2026.04.03
地方法规,广西壮族自治区科技厅、(中国—东盟技术转移中心)关于征集2026年面向东盟人工智能“跨境揭榜挂帅”项目合作需求(首批)的通知,https://www.pkulaw.com/lar/77ceb77d30e0c8330f7808f143601069bdfb.html,2026.04.03,广西壮族自治区科学技术厅,地方工作文件,2026.04.03
地方法规,重庆市财政局关于开展数智化背景下会计相关典型案例征集工作的通知,https://www.pkulaw.com/lar/69b021c93b8fa5c18c3a1323dfe81deabdfb.html,2026.04.03,重庆市财政局,地方工作文件,2026.04.03
中央法规,中国证券投资基金业协会关于发布《基金经营机构大模型技术应用规范》团体标准的公告,https://www.pkulaw.com/chl/fd27ff2426f61c34bdfb.html,2026.04.03,中国证券投资基金业协会,行业规定,2026.04.03
地方法规,广州市工业和信息化局关于2026年中小企业数字化转型城市试点有关工作的通知,https://www.pkulaw.com/lar/437438268c14815f88a964d10dedebe6bdfb.html,2026.04.03,广州市工业和信息化局,地方工作文件,2026.04.03
地方法规,唐山市工业和信息化局关于征集第五批唐山市中小企业数字化转型试点城市推荐服务商及服务产品的通知,https://www.pkulaw.com/lar/39b6df7b2aff22e6b4da1d5c659a2a5abdfb.html,2026.04.03,唐山市工业和信息化局,地方工作文件,2026.04.03
地方法规,宣城市人民政府办公室关于印发《宣城市以新型技术改造推动制造业高端化智能化绿色化发展若干政策》的通知,https://www.pkulaw.com/lar/b544761a37f2c21adf6566c1214c727dbdfb.html,2026.04.02,宣城市人民政府,地方规范性文件,2026.05.06
地方法规,杭州市促进具身智能机器人产业发展条例,https://www.pkulaw.com/lar/3960c20d4773b08ee7d49b7bfc6cd41cbdfb.html,2026.04.02,杭州市人大(含常委会),地方性法规；设区的市地方性法规,2026.05.01
地方法规,嘉兴市智能网联车辆道路测试与应用促进条例,https://www.pkulaw.com/lar/c94c21672b9ffb8a78eeefe7035eddcebdfb.html,2026.04.02,嘉兴市人大(含常委会),地方性法规；设区的市地方性法规,2026.05.01
地方法规,山东省工业和信息化厅、山东省财政厅关于印发《山东省化工产业数智化改造标杆奖补政策实施细则》的通知(2026),https://www.pkulaw.com/lar/3df6c5793629c8d7509fab33fa095e71bdfb.html,2026.04.02,山东省财政厅,地方规范性文件,2026.05.03
中央法规,教育部等五部门关于印发《“人工智能+教育”行动计划》的通知,https://www.pkulaw.com/chl/631fa76d9ea75964bdfb.html,2026.04.02,国家数据局,部门规章；部门工作文件,2026.04.02
地方法规,北京市丰台区住房和城乡建设委员会关于征集丰台区智能建造试点项目的通知,https://www.pkulaw.com/lar/6ca5425fe28c1bd10daa21cc97360574bdfb.html,2026.04.02,北京市丰台区住房和城乡建设委员会,地方工作文件,2026.04.02
地方法规,陕西省文化和旅游厅关于开展“人工智能+文化和旅游”应用试点申报推荐工作的通知,https://www.pkulaw.com/lar/e420548994586b2d9bb84702042f2e1cbdfb.html,2026.04.02,陕西省文化和旅游厅,地方工作文件,2026.04.02
中央法规,中国内部审计协会数智化审计分会关于召开第一次会员大会的通知,https://www.pkulaw.com/chl/0b12d457a2235026bdfb.html,2026.04.02,中国内部审计协会,行业规定,2026.04.02
中央法规,全国数据标准化技术委员会秘书处关于征集数据基础设施、高质量数据集等6个方向标准及技术文件验证试点单位的通知,https://www.pkulaw.com/chl/f2bb3b08b71d4b05bdfb.html,2026.04.02,全国数据标准化技术委员会,部门规章；部门工作文件,2026.04.02
地方法规,广州市工业和信息化局关于印发《广州市中小企业数字化转型城市试点工作方案(2024―2026年)(修订版)》的通知(2026),https://www.pkulaw.com/lar/bcedc1b9ce28d53b7617aec559fd4b96bdfb.html,2026.04.02,广州市工业和信息化局,地方工作文件,2026.04.02
地方法规,甘肃省数据局、甘肃省发展和改革委员会、甘肃省财政厅、甘肃省住房和城乡建设厅、甘肃省自然资源厅关于印发深化智慧城市发展推进全域数字化转型行动方案的通知,https://www.pkulaw.com/lar/41e6227f3f9f1c0d149fd5dfcd87bce3bdfb.html,2026.04.02,甘肃省自然资源厅,地方工作文件,2026.04.02
地方法规,吉林省财政厅、吉林省医疗保障局、吉林省卫生健康委员会、国家金融监督管理总局吉林省监管局、吉林省政务服务和数字化建设管理局关于印发《吉林省财政电子票据跨省报销实施方案》的通知,https://www.pkulaw.com/lar/828c5cd77cf36c8e37306ea397b7c832bdfb.html,2026.04.02,吉林省政务服务和数字化建设管理局,地方工作文件,2026.04.02
中央法规,工业和信息化部办公厅关于公布面向人工智能赋能的高质量行业数据集建设先行先试联合体名单的通知,https://www.pkulaw.com/chl/31d9d15c311635debdfb.html,2026.04.01,工业和信息化部,部门规章；部门工作文件,2026.04.01
中央法规,上海证券交易所关于同意国泰海通证券股份有限公司为平安中证人工智能主题交易型开放式指数证券投资基金提供主做市服务的公告,https://www.pkulaw.com/chl/8b4622370d33d6e1bdfb.html,2026.04.01,上海证券交易所,行业规定,2026.04.01
地方法规,北京市文化和旅游局关于征集“人工智能+文化和旅游”应用试点的通知,https://www.pkulaw.com/lar/baf0f4fe2852dabd2ae7f1c770aa1813bdfb.html,2026.04.01,北京市文化和旅游局,地方工作文件,2026.04.01
地方法规,安徽省文化和旅游厅关于组织申报“人工智能+文化和旅游”应用试点的通知,https://www.pkulaw.com/lar/405efeddd15fb7e3de61c5a4ffa41839bdfb.html,2026.04.01,安徽省文化和旅游厅,地方工作文件,2026.04.01
地方法规,光明区工业和信息化局关于延长光明区2026年人工智能应用场景需求征集时间的通知,https://www.pkulaw.com/lar/18ef4eef7987df7b5d239f2cf9edc98dbdfb.html,2026.04.01,深圳市光明区人民政府,地方工作文件,2026.04.01
地方法规,北京市经济和信息化局关于印发《北京市智能眼镜产业高质量发展行动方案(2026—2030年)》的通知,https://www.pkulaw.com/lar/71d68461ba477b9bfc811fe6d5c33277bdfb.html,2026.04.01,北京市经济和信息化局,地方工作文件,2026.04.01
地方法规,四川省经济和信息化厅办公室关于征集工业垂直大模型和工业智能体重点培育项目的通知,https://www.pkulaw.com/lar/8a45d8a31e37eaaa17c1f86e890597c9bdfb.html,2026.04.01,四川省经济和信息化厅,地方工作文件,2026.04.01
地方法规,仲恺高新区党工委管委会综合办公室关于印发《仲恺高新区人工智能和机器人产业培育行动方案》的通知,https://www.pkulaw.com/lar/9a4d98c84da0f97217ff1b05a93945e7bdfb.html,2026.04.01,惠州仲恺高新技术产业开发区管委会,地方工作文件,2026.04.01
地方法规,合肥市工业和信息化局关于开展2026年工业互联网平台征集和申报工作的通知,https://www.pkulaw.com/lar/fe68c723e9f1837c7b7ffa68a69dd5b5bdfb.html,2026.04.01,合肥市工业和信息化局,地方工作文件,2026.04.01
中央法规,中国证券业协会培训中心关于举办数字化与网络安全培训班的通知,https://www.pkulaw.com/chl/082fe605979fab6cbdfb.html,2026.04.01,中国证券业协会,行业规定,2026.04.01
地方法规,南昌市中小企业服务局关于再次推迟国家中小企业数字化转型城市试点企业数字化改造奖补政策(第三批第一轮次)申报截止时间的通知,https://www.pkulaw.com/lar/aa1b766f723e5edac575d1157ed30a66bdfb.html,2026.04.01,南昌市中小企业局,地方工作文件,2026.04.01
地方法规,绵阳市经济和信息化局关于公布第二批中小企业数字化转型服务资源的通知,https://www.pkulaw.com/lar/d8e2f9ad92b36197418d6efd1e2ee6d1bdfb.html,2026.04.01,绵阳市经济和信息化局,地方工作文件,2026.04.01
中央法规,国家医保局关于公开发布第十批智能监管“两库”规则和知识点的公告,https://www.pkulaw.com/chl/4c53fac7b851bbc2bdfb.html,2026.04,国家医疗保障局,部门规章；部门工作文件,2026.04
中央法规,国家医保局关于公开发布第九批智能监管“两库”规则和知识点的公告,https://www.pkulaw.com/chl/4edabebd6bd6cb1bbdfb.html,2026.04,国家医疗保障局,部门规章；部门工作文件,2026.04
中央法规,交通运输部海事局关于发布《企业危险品船智能监控管理系统运行指南》的通告,https://www.pkulaw.com/chl/2beb836cd202522fbdfb.html,2026.03.31,中华人民共和国海事局,部门规章；部门工作文件,2026.03.31
地方法规,甘肃省工业和信息化厅关于组织开展2026年度智能工厂梯度培育工作的通知,https://www.pkulaw.com/lar/6d517c20abe34b5bd9d822884a2fc245bdfb.html,2026.03.31,甘肃省工业和信息化厅,地方工作文件,2026.03.31
地方法规,安徽省科学技术厅关于开展人工智能赋能科学研究领域攻关需求征集工作的通知,https://www.pkulaw.com/lar/657f815e08114b1928f6dbe08cb24c66bdfb.html,2026.03.31,安徽省科学技术厅,地方工作文件,2026.03.31
地方法规,鞍山市商务局关于2026年鞍山市家电以旧换新、数码和智能产品购新补贴活动第9批参与经营主体名单的公告,https://www.pkulaw.com/lar/6e042df16516b9c88eeb361a793a0895bdfb.html,2026.03.31,鞍山市商务局,地方工作文件,2026.03.31
地方法规,广西壮族自治区科技厅关于印发《广西壮族自治区科学技术厅关于实施面向东盟人工智能“跨境揭榜挂帅”项目工作指引(试行)》的通知,https://www.pkulaw.com/lar/bfea37504c3f3d40370b47c63d1f1c87bdfb.html,2026.03.31,广西壮族自治区科学技术厅,地方规范性文件,2026.03.31
地方法规,宁波市经济和信息化局关于公布宁波市第一批高质量数据集建设揭榜挂帅入围单位的通知,https://www.pkulaw.com/lar/e29d2194fde27361ef1c7b98bbd032e1bdfb.html,2026.03.31,宁波市经济和信息化局,地方工作文件,2026.03.31
地方法规,惠州市工业和信息化局关于征集惠州市省级中小企业数字化转型城市试点数字化产品(第六批)的通知,https://www.pkulaw.com/lar/4d529c4ba66240f3f8fdb48c952bf8d6bdfb.html,2026.03.31,惠州市工业和信息化局,地方工作文件,2026.03.31
地方法规,珠海市工业和信息化局关于开展珠海市省级促进经济高质量发展专项(支持中小企业数字化转型)“小快轻准”数字化转型项目(第九批)入库储备工作的通知,https://www.pkulaw.com/lar/9519733bbc38517e4230ce710f4aaa43bdfb.html,2026.03.31,珠海市工业和信息化局,地方工作文件,2026.03.31
地方法规,内蒙古自治区人民政府关于印发自治区“人工智能+”行动实施方案(2026—2028年)的通知,https://www.pkulaw.com/lar/927bddefd668f27067f2e3c0a48f01efbdfb.html,2026.03.30,内蒙古自治区人民政府,地方工作文件,2026.03.30
地方法规,南宁市人力资源和社会保障局关于服务支持人工智能OPC创业发展十条措施的通知,https://www.pkulaw.com/lar/980493c7fc8ac1f4c0cdf9a9a7a39b76bdfb.html,2026.03.30,南宁市人力资源和社会保障局,地方规范性文件,2026.03.30
地方法规,海南省住房和城乡建设厅关于开展第二批智能建造试点暨第一批试点项目评价的通知,https://www.pkulaw.com/lar/ecdbc8f5ddc627c85ff3fbb4ccafaca2bdfb.html,2026.03.30,海南省住房和城乡建设厅,地方工作文件,2026.03.30
地方法规,漳州市商务局关于公布2026年数码和智能产品购新补贴活动第九批参与企业名单的通知,https://www.pkulaw.com/lar/9c8c43c11181cce0014c15fb1c1e491ebdfb.html,2026.03.30,漳州市商务局,地方工作文件,2026.03.30
地方法规,陕西省发展和改革委员会关于陕西汉泰威轮胎制造有限公司绿色智能轮胎生产制造项目节能报告的审查意见,https://www.pkulaw.com/lar/c49bcd64766cae75f68c841a2293d951bdfb.html,2026.03.30,陕西省发展和改革委员会,地方工作文件,2026.03.30
地方法规,成都市经济和信息化局关于组织开展2026年度成都市打造人工智能产业发展新高地若干政策第一批项目申报工作的通知,https://www.pkulaw.com/lar/85d6f1a24b631a9a4d7aa61a8935e288bdfb.html,2026.03.30,成都市经济和信息化局,地方规范性文件,2026.03.30
地方法规,中关村科技园区朝阳园管理委员会关于公开征集《朝阳区促进通用人工智能创新应用发展的若干措施》2026年度支持项目的通知,https://www.pkulaw.com/lar/1758eccb71b1df84fc0b0742d268a859bdfb.html,2026.03.30,中关村科技园区朝阳园管理委员会,地方工作文件,2026.03.30
地方法规,广州市海珠区发展和改革局广州市海珠区科技工业商务和信息化局广州市海珠区人工智能发展局关于印发广州市海珠区推动前沿产业创新发展若干措施的通知,https://www.pkulaw.com/lar/ab9784aefef5de13459fbb0f40ce20e3bdfb.html,2026.03.30,广州市海珠区科技工业商务和信息化局,地方规范性文件,2026.03.30
地方法规,湖北省经济和信息化厅、中共湖北省委网络安全和信息化委员会办公室、湖北省发展和改革委员会、湖北省科学技术厅、湖北省人民政府国有资产监督管理委员会、湖北省市场监督管理局、湖北省数据局、湖北省通信管理局关于印发《湖北省“人工智能+制造”专项行动实施方案》的通知,https://www.pkulaw.com/lar/5e8a3a0a6c55d6c7b4fe5ef3e0a2c6dabdfb.html,2026.03.30,湖北省通信管理局,地方工作文件,2026.03.30
中央法规,中国教育学会高中教育专业委员会关于举办2026年“AI赋能学校高质量发展——高中教学成果展示活动”的通知,https://www.pkulaw.com/chl/5ca85002b079d58bbdfb.html,2026.03.30,中国教育学会,团体规定,2026.03.30
地方法规,福建省工业和信息化厅关于公布金蝶AI星辰等40个福建省首批“小快轻准”数字化产品名单的通知,https://www.pkulaw.com/lar/65792fdc91fd1e8bee4a4c7882247647bdfb.html,2026.03.30,福建省工业和信息化厅,地方工作文件,2026.03.30
地方法规,安徽省工业和信息化厅关于组织开展2026年工业互联网平台征集和申报工作的通知,https://www.pkulaw.com/lar/68c3cca3f48b34753724d270a89749e6bdfb.html,2026.03.30,安徽省工业和信息化厅,地方工作文件,2026.03.30
地方法规,青岛市工业和信息化局关于印发《青岛市工业互联网平台分类分级培优工作方案》的通知,https://www.pkulaw.com/lar/b59772154aa3c3d70a6fbe217bf66f60bdfb.html,2026.03.30,青岛市工业和信息化局,地方工作文件,2026.03.30
地方法规,重庆市经济和信息化委员会关于公布第二批重庆市未来产业先导区建设名单的通知,https://www.pkulaw.com/lar/b49d1a1c09eeca0bdf9b021b9581e47bbdfb.html,2026.03.30,重庆市经济和信息化委员会,地方工作文件,2026.03.30
地方法规,北京市经济和信息化局关于组织开展2026年北京市未来产业育新平台推荐工作的通知,https://www.pkulaw.com/lar/875b72e3f9ae2d8c57caf665cd5aac92bdfb.html,2026.03.30,北京市经济和信息化局,地方工作文件,2026.03.30
地方法规,汕头市工业和信息化局关于公布汕头市省级中小企业数字化转型城市试点数字化产品清单(第四批)的通知,https://www.pkulaw.com/lar/f95b8395bc99d021b10f6c33ba0ba4b7bdfb.html,2026.03.30,汕头市工业和信息化局,地方工作文件,2026.03.30
地方法规,惠州市工业和信息化局关于组织开展惠州市省级中小企业数字化转型城市试点专项资金(数字化改造项目专题)第七批项目申报的通知,https://www.pkulaw.com/lar/99811826b46a4f57023fcc1aec290a79bdfb.html,2026.03.30,惠州市工业和信息化局,地方工作文件,2026.03.30
地方法规,吉林市政务服务和数字化建设管理局关于开通“九解一协调”企业诉求报送通道的公告,https://www.pkulaw.com/lar/9a431bd6f42e550c3437c96ef3986b66bdfb.html,2026.03.30,吉林市政务服务和数字化建设管理局,地方工作文件,2026.03.30
地方法规,中山市工业和信息化局关于开展2026年中山市中小企业数字化转型城市试点咨询诊断及成效评估项目入库的通知,https://www.pkulaw.com/lar/eac6bb0c340b3ba57bef96d2945c6dadbdfb.html,2026.03.30,中山市工业和信息化局,地方工作文件,2026.03.30
地方法规,新疆维吾尔自治区卫生健康委员会、中共新疆维吾尔自治区委员会机构编制委员会办公室、新疆维吾尔自治区发展和改革委员会、新疆维吾尔自治区教育厅、新疆维吾尔自治区工业和信息化厅、新疆维吾尔自治区公安厅、新疆维吾尔自治区财政厅、新疆维吾尔自治区人力资源和社会保障厅、新疆维吾尔自治区交通运输厅、新疆维吾尔自治区文化和旅游厅、新疆维吾尔自治区应急管理厅、新疆维吾尔自治区医疗保障局、新疆维吾尔自治区药品监督管理局、新疆维吾尔自治区数字化发展局、中国民用航空新疆管理局、新疆生产建设兵团卫生健康委员会关于印发关于进一步办好乡村医疗卫生机构的若干措施的通知,https://www.pkulaw.com/lar/3bf2f1e351ff1b0ab8c7d8c0cfaeec85bdfb.html,2026.03.30,新疆生产建设兵团卫生健康委员会,地方工作文件,2026.03.30
地方法规,衡阳市人民政府办公室关于印发《衡阳市智能衡器计量产业“领头雁”企业认定与场景开放管理办法(试行)》的通知,https://www.pkulaw.com/lar/3e2bfcbd3dbdf90aab7db7836195237fbdfb.html,2026.03.29,衡阳市人民政府,地方规范性文件,2026.03.29
中央法规,全国网络安全标准化技术委员会关于组建人工智能安全标准工作组(WG9)和网络安全国际标准研究组(SG1)的通知,https://www.pkulaw.com/chl/55678f92a90beed5bdfb.html,2026.03.27,全国网络安全标准化技术委员会,部门规章；部门工作文件,2026.03.27
地方法规,温州市数据局(市人工智能局)关于公布温州市数据局(市人工智能局)2026年度重大行政决策事项目录的通知,https://www.pkulaw.com/lar/d6d62d04c1d325c823d7a087ef5f92e2bdfb.html,2026.03.27,温州市人工智能局,地方工作文件,2026.03.27
地方法规,"上海市文化和旅游局关于组织推荐“人工智能+文化和旅游”应用试点的通知,关于组织推荐“人工智能+文化和旅游”应用试点的通知",https://www.pkulaw.com/lar/db9bd7283cb69a272094903ea21ed86cbdfb.html,2026.03.27,上海市文化和旅游局,地方工作文件,2026.03.27
地方法规,上海市文化和旅游局关于组织推荐“人工智能+文化和旅游”应用试点的通知,https://www.pkulaw.com/lar/854c5c460250e579cc44207f3e74443abdfb.html,2026.03.27,上海市文化和旅游局,地方工作文件,2026.03.27
地方法规,佛山市交通运输局关于智能网联汽车远程示范应用区域、时段的公告(第四批),https://www.pkulaw.com/lar/6c6e87d25a8bd60ff6fc9c572f215c80bdfb.html,2026.03.27,佛山市交通运输局,地方工作文件,2026.03.27
地方法规,佛山市交通运输局关于智能网联汽车远程示范应用区域、时段的公告(第三批),https://www.pkulaw.com/lar/bb60bc72e6bc325391080674e16258afbdfb.html,2026.03.27,佛山市交通运输局,地方工作文件,2026.03.27
地方法规,深圳市工业和信息化局关于印发《深圳市智能工厂梯度培育行动实施方案》的通知,https://www.pkulaw.com/lar/5f96906243a3f484bbced1b0d04c170ebdfb.html,2026.03.27,深圳市工业和信息化局,地方工作文件,2026.03.27
地方法规,福建省住房和城乡建设厅关于征集住建领域人工智能应用场景需求和解决方案的通知,https://www.pkulaw.com/lar/606f58c0765170b99f57f4a121ffe4c1bdfb.html,2026.03.27,福建省住房和城乡建设厅,地方工作文件,2026.03.27
地方法规,福建省文化和旅游厅关于组织开展“人工智能+文化和旅游”应用试点申报推荐工作的通知,https://www.pkulaw.com/lar/78301369625274fa3b6ba8cccf23cd6bbdfb.html,2026.03.27,福建省文化和旅游厅,地方工作文件,2026.03.27
地方法规,珠海市工业和信息化局关于印发《珠海市推动人工智能与机器人产业高质量发展若干措施(修订版)》的通知(2026),https://www.pkulaw.com/lar/c8367884f7682025b25bfb8f98a3105ebdfb.html,2026.03.27,珠海市工业和信息化局,地方规范性文件,2026.03.27
地方法规,福州市商务局关于2026年政策接续期间第六批家电以旧换新、数码和智能产品购新补贴活动企业名单的公告,https://www.pkulaw.com/lar/07e8f8613fcaa5997119a5b349d5ce49bdfb.html,2026.03.27,福州市商务局,地方工作文件,2026.03.27
地方法规,珠海市工业和信息化局关于印发《珠海市促进实体经济高质量发展专项资金(人工智能与机器人产业发展用途)管理实施细则(修订版)》的通知(2026),https://www.pkulaw.com/lar/5928bfc85bfec03e5dceb50804b65440bdfb.html,2026.03.27,珠海市工业和信息化局,地方规范性文件,2026.03.27
地方法规,山东省工业和信息化厅、山东省商务厅、山东省体育局、山东省总工会关于印发《“新轻纺享生活”人工智能赋能轻工纺织产业焕新升级活动方案》的通知,https://www.pkulaw.com/lar/95847b15fd82974177db60c7c8d429debdfb.html,2026.03.27,山东省总工会,地方工作文件,2026.03.27
中央法规,工业和信息化部办公厅关于开展普惠算力赋能中小企业发展专项行动的通知,https://www.pkulaw.com/chl/d0c988b6aabc5fe0bdfb.html,2026.03.27,工业和信息化部,部门规章；部门工作文件,2026.03.27
地方法规,西安市工业和信息化局关于组织申报第一批国家新兴产业发展示范基地的通知,https://www.pkulaw.com/lar/74297c62c639d5a8ab5aeb673489e381bdfb.html,2026.03.27,西安市工业和信息化局,地方工作文件,2026.03.27
地方法规,吉林省政务服务和数字化建设管理局关于公开遴选《吉林省优化营商环境条例》宣传动画制作第三方机构的公告,https://www.pkulaw.com/lar/2b2bdb17302e8c96fca250a999c668eebdfb.html,2026.03.27,吉林省政务服务和数字化建设管理局,地方工作文件,2026.03.27
地方法规,珠海市工业和信息化局关于印发《珠海市中小企业数字化转型城市试点专项资金管理实施细则(修订版)》的通知(2026),https://www.pkulaw.com/lar/2c7861f744302dc879138b6f589f4e66bdfb.html,2026.03.27,珠海市工业和信息化局,地方规范性文件,2026.03.27
中央法规,国家文物局办公室关于永昌堡建设控制地带内兴华路智能化桥梁建设项目的复函,https://www.pkulaw.com/chl/a2d2867814ed7d7abdfb.html,2026.03.26,国家文物局,部门规章；部门工作文件,2026.03.26
地方法规,(转发)关于开展2026年度智能工厂梯度培育申报工作的通知,https://www.pkulaw.com/lar/450a7f10931e33e7bbfdfdd38caa6423bdfb.html,2026.03.26,广州市黄埔区工业和信息化局,地方工作文件,2026.03.26
地方法规,浙江省人民代表大会常务委员会关于批准《杭州市促进具身智能机器人产业发展条例》的决定,https://www.pkulaw.com/lar/70318d8fa7358c7cc1189ba957d07229bdfb.html,2026.03.26,浙江省人大(含常委会),地方工作文件,2026.03.26
地方法规,巴音郭楞蒙古自治州人民政府办公室关于印发《自治州“人工智能+”行动实施方案(2026－2028年)》的通知,https://www.pkulaw.com/lar/6f2d637ec3f5677fa123505c34caaa5abdfb.html,2026.03.26,巴音郭楞蒙古自治州人民政府,地方工作文件,2026.03.26
地方法规,成都市经济和信息化局、成都市科学技术局关于印发《成都市打造人工智能OPC创新发展新高地行动计划(2026—2027年)》的通知,https://www.pkulaw.com/lar/640cc6ec8e2ff407579c76b11c76360dbdfb.html,2026.03.26,成都市科学技术局,地方工作文件,2026.03.26
地方法规,南平市生态环境局关于批复福建南平南孚电池有限公司基于先进制造的电池配件智能化改扩建项目环境影响报告书的函,https://www.pkulaw.com/lar/5671101fa8dae1e64f8beb0e0957d25cbdfb.html,2026.03.26,南平市生态环境局,地方工作文件,2026.03.26
地方法规,龙岩市商务局等5部门关于转发《福建省商务厅等5部门关于印发＜福建省2026年家电以旧换新、数码和智能产品购新补贴实施细则＞的通知》的通知,https://www.pkulaw.com/lar/a938150e3ea7b64276de51daa019d503bdfb.html,2026.03.26,龙岩市邮政管理局,地方规范性文件,2026.03.26
地方法规,山东省住房和城乡建设厅关于公布房屋建筑工程数字化应用场景试点项目(第一批)的通知,https://www.pkulaw.com/lar/410cb59af636e291d6f593faef4b9a33bdfb.html,2026.03.26,山东省住房和城乡建设厅,地方工作文件,2026.03.26
地方法规,南昌市工业和信息化局关于开展2025年度《关于加快先进制造业项目建设推进数字化转型升级的若干措施》兑现工作的通知,https://www.pkulaw.com/lar/da50588da9bdbd30c778521620883dd8bdfb.html,2026.03.26,南昌市工业和信息化局,地方工作文件,2026.03.26
地方法规,资阳市人民政府办公室关于印发《资阳市支持工业智能化改造数字化转型八条政策措施(修订)》的通知(2026),https://www.pkulaw.com/lar/7db7ae9e731e43ce63da776aba39987cbdfb.html,2026.03.25,资阳市人民政府,地方规范性文件,2026.04.25
中央法规,上海证券交易所关于同意国泰海通证券股份有限公司为华夏中证人工智能主题交易型开放式指数证券投资基金提供主做市服务的公告,https://www.pkulaw.com/chl/fc3f5ac0ba113d51bdfb.html,2026.03.25,上海证券交易所,行业规定,2026.03.25
地方法规,中山市人工智能产业办公室关于中山市“人工智能+”服务平台推广应用的通知,https://www.pkulaw.com/lar/00eb5544b459c1358e975cf905098a3dbdfb.html,2026.03.25,中山市人工智能产业发展办公室,地方工作文件,2026.03.25
地方法规,郑州市城乡建设局关于开展2026年度郑州市建筑部品部件智能生产基地(智能工厂)评价工作的通知,https://www.pkulaw.com/lar/bca3c5098b78f565af67dbdcc4d2622abdfb.html,2026.03.25,郑州市城乡建设局,地方工作文件,2026.03.25
地方法规,湖北省自然资源厅关于公开征集人工智能应用场景需求清单的通知,https://www.pkulaw.com/lar/a5d689a583b0fb75616722453000de45bdfb.html,2026.03.25,湖北省自然资源厅,地方工作文件,2026.03.25
地方法规,南京市工业和信息化局关于组织开展南京市人工智能服务商资源池征集工作的通知,https://www.pkulaw.com/lar/5904c2181a89e152edfc5dc59a3eff7fbdfb.html,2026.03.25,南京市工业和信息化局,地方工作文件,2026.03.25
地方法规,广州市工业和信息化局关于广州市人工智能与数据治理支撑项目(2026年)成交单位的公告,https://www.pkulaw.com/lar/06a60d9e6c6687571a82a8717c46527ebdfb.html,2026.03.25,广州市工业和信息化局,地方工作文件,2026.03.25
地方法规,南通市人力资源和社会保障局关于印发《南通市AI夜校实施方案》的通知,https://www.pkulaw.com/lar/0b0ac25d5496592c3cc2d21edf0cbabbbdfb.html,2026.03.25,南通市人力资源和社会保障局,地方工作文件,2026.03.25
地方法规,南京市工业和信息化局转发关于组织开展江苏省工业和信息化领域行业高质量数据集建设先行先试工作的通知,https://www.pkulaw.com/lar/953f5091c8fc99daf63a226f0d20934bbdfb.html,2026.03.25,南京市工业和信息化局,地方工作文件,2026.03.25
地方法规,宁波市海曙区经济和信息化局、宁波市海曙区财政局关于下达中小企业数字化改造试点项目补助资金(第四批)的通知,https://www.pkulaw.com/lar/95ae852fc8a32084af32b60c27c8ad44bdfb.html,2026.03.25,宁波市海曙区财政局,地方工作文件,2026.03.25
中央法规,上海证券交易所关于同意兴业证券股份有限公司为华夏上证科创板人工智能交易型开放式指数证券投资基金提供主做市服务的公告,https://www.pkulaw.com/chl/6a71fd7a79b7381ebdfb.html,2026.03.24,上海证券交易所,行业规定,2026.03.24
地方法规,南平市商务局关于征集2026年南平市家电以旧换新、数码和智能产品购新补贴活动参与企业的通知,https://www.pkulaw.com/lar/e8fa440553cbccbb1178f7e556ec4b3cbdfb.html,2026.03.24,南平市商务局,地方工作文件,2026.03.24
地方法规,鞍山市商务局关于2026年鞍山市家电以旧换新、数码和智能产品购新补贴活动第八批参与经营主体名单的公告,https://www.pkulaw.com/lar/de16a3534f1872707185e466183e3969bdfb.html,2026.03.24,鞍山市商务局,地方工作文件,2026.03.24
地方法规,北京市海淀区人民政府关于废止《北京市海淀区人民政府印发＜关于支持中关村科学城智能网联汽车产业创新引领发展的十五条措施＞的通知》的决定,https://www.pkulaw.com/lar/da9d5f7646360ee7664e12998c13b3bbbdfb.html,2026.03.24,北京市海淀区人民政府,地方规范性文件,2026.03.24
地方法规,宁波市经济和信息化局关于印发《宁波市“百景千品AI赋智”计划方案(2026版)》的通知,https://www.pkulaw.com/lar/8232cc184208087e46589855ffb654a1bdfb.html,2026.03.24,宁波市经济和信息化局,地方工作文件,2026.03.24
地方法规,福州市工业和信息化局、福州市财政局关于组织开展2026年工业互联网专项资金申报工作的通知,https://www.pkulaw.com/lar/2e0691c24ed45bd44eed0b693c508fdbbdfb.html,2026.03.24,福州市财政局,地方工作文件,2026.03.24
中央法规,中国建筑业协会关于发布《既有民用建筑智能与绿色改造技术规程》的公告,https://www.pkulaw.com/chl/22a8fa12c469ca49bdfb.html,2026.03.23,中国建筑业协会,行业规定,2026.06.01
地方法规,厦门市工业和信息化局关于印发《厦门市促进具身智能产业发展若干措施》的通知,https://www.pkulaw.com/lar/0b28662391d743bbeeccec477c013a8cbdfb.html,2026.03.23,厦门市工业和信息化局,地方工作文件,2026.04.30
中央法规,文化和旅游部办公厅关于申报“人工智能+文化和旅游”应用试点的通知,https://www.pkulaw.com/chl/94e504c1d87ad609bdfb.html,2026.03.23,文化和旅游部,部门规章；部门工作文件,2026.03.23
地方法规,广州市工业和信息化局关于开展2026年智能工厂梯度培育申报工作的通知,https://www.pkulaw.com/lar/090a4625633dc4aad73ff8530d978b79bdfb.html,2026.03.23,广州市工业和信息化局,地方工作文件,2026.03.23
地方法规,漳州市商务局关于公布2026年数码和智能产品购新补贴活动第八批参与企业名单的通知,https://www.pkulaw.com/lar/4f9b2bd664ba6aafd64462d1d1039743bdfb.html,2026.03.23,漳州市商务局,地方工作文件,2026.03.23
地方法规,大连市住房和城乡建设局关于征集全省第二批智能建造新技术新产品创新应用案例的通知,https://www.pkulaw.com/lar/c68ec34efcac8e63446b6f7065da7f78bdfb.html,2026.03.23,大连市住房和城乡建设局,地方工作文件,2026.03.23
地方法规,深圳市工业和信息化局关于印发《深圳市加快推进人工智能服务器产业链高质量发展行动计划(2026―2028年)》的通知,https://www.pkulaw.com/lar/7fab0630718379471a4b85a845af9276bdfb.html,2026.03.23,深圳市工业和信息化局,地方工作文件,2026.03.23
地方法规,山东省医疗保障局对省政协十三届四次会议第13040251号《关于统筹健康领域人工智能大模型开发与普惠应用的建议》的答复,https://www.pkulaw.com/lar/0905969391230be02840a324c2291b0bbdfb.html,2026.03.23,山东省医疗保障局,地方工作文件,2026.03.23
地方法规,南京市财政局转发财政部办公厅关于开展数智化背景下会计相关典型案例征集工作的通知,https://www.pkulaw.com/lar/a92b7c4b62de306a559f9f2ede20928ebdfb.html,2026.03.23,南京市财政局,地方工作文件,2026.03.23
地方法规,河北省工业和信息化厅、河北雄安新区管理委员会关于做好“极数”数据大模型在重点场景创新应用的通知,https://www.pkulaw.com/lar/db77f328fd442c094e2916a8d4965a02bdfb.html,2026.03.23,河北雄安新区管理委员会,地方工作文件,2026.03.23
地方法规,陕西省工业和信息化厅关于组织申报第一批国家新兴产业发展示范基地的通知,https://www.pkulaw.com/lar/5d4c4791fdba5f88d20fe50b48e80e2cbdfb.html,2026.03.23,陕西省工业和信息化厅,地方工作文件,2026.03.23
地方法规,甘肃省工业和信息化厅关于遴选申报第一批国家新兴产业发展示范基地的通知,https://www.pkulaw.com/lar/fe0dd2063aa01f839b01c1469472aaa9bdfb.html,2026.03.23,甘肃省工业和信息化厅,地方工作文件,2026.03.23
地方法规,南昌市中小企业服务局关于推迟国家中小企业数字化转型城市试点企业数字化改造政策兑现(第三批第一轮次)兑现截止时间的通知,https://www.pkulaw.com/lar/46e40094c45342a24ae90eeed6be9884bdfb.html,2026.03.23,南昌市中小企业局,地方规范性文件,2026.03.23
地方法规,上海市数据局关于2026年支持数字化转型(区块链创新应用)的通知,https://www.pkulaw.com/lar/e0b447d1c0eb2802efff7bf8dec7c571bdfb.html,2026.03.23,上海市数据局,地方工作文件,2026.03.23
地方法规,上海市数据局关于开展2026年第一批城市数字化转型专项免申即享的通知,https://www.pkulaw.com/lar/65b7433dd93af0a64385ee8a16e0a224bdfb.html,2026.03.23,上海市数据局,地方工作文件,2026.03.23
地方法规,温州市经济和信息化局关于遴选第三批温州市中小企业数字化改造服务商的通知,https://www.pkulaw.com/lar/f2cf7c5aea87986db0a3cf0040e3cce3bdfb.html,2026.03.23,温州市经济和信息化局,地方工作文件,2026.03.23
地方法规,厦门市工业和信息化局关于开展制造业数字化转型通用评估指标体系评估工作的通知,https://www.pkulaw.com/lar/04bfcdfdeba1e02ec3bf9900ecd9e4b6bdfb.html,2026.03.23,厦门市工业和信息化局,地方工作文件,2026.03.23
地方法规,绵阳市经济和信息化局关于公布绵阳市首批(2026年1—2月)中小企业数字化转型城市试点入库企业名单的通知,https://www.pkulaw.com/lar/41281b2816d12d5ca564646f0ea94fb2bdfb.html,2026.03.23,绵阳市经济和信息化局,地方工作文件,2026.03.23
地方法规,江苏省工业和信息化厅关于印发《江苏省“人工智能+制造”诊断工作参考指引(2026年)》的通知,https://www.pkulaw.com/lar/d4bbbdaf9e7165403e4d8ca6f65c52e3bdfb.html,2026.03.21,江苏省工业和信息化厅,地方工作文件,2026.03.21
地方法规,黑龙江省应急管理厅、黑龙江省财政厅、黑龙江省发展和改革委员会关于印发《黑龙江省煤矿安全改造及智能化改造补助资金管理办法》的通知(2026),https://www.pkulaw.com/lar/27a4125cb581839dc79a0bf5e0a2925ebdfb.html,2026.03.21,黑龙江省发展和改革委员会,地方规范性文件,2026.03.21
中央法规,工业和信息化部等十部门关于印发《人工智能科技伦理审查与服务办法(试行)》的通知,https://www.pkulaw.com/chl/989e974d2ee84deebdfb.html,2026.03.20,中国科学技术协会,部门规章；部门规范性文件,2026.03.20
中央法规,全国网络安全标准化技术委员会秘书处关于征集人工智能安全标准工作组(WG9)成员单位的通知,https://www.pkulaw.com/chl/e03837c0e8b58a41bdfb.html,2026.03.20,全国网络安全标准化技术委员会,部门规章；部门工作文件,2026.03.20
中央法规,上海证券交易所关于同意申万宏源证券有限公司为中信建投明阳智能新能源封闭式基础设施证券投资基金提供主做市服务的公告,https://www.pkulaw.com/chl/95518b4fddfd4bc9bdfb.html,2026.03.20,上海证券交易所,行业规定,2026.03.20
地方法规,深圳市工业和信息化局关于转发《广东省工业和信息化厅关于组织开展2026年智能工厂梯度培育有关工作的预通知》的通知,https://www.pkulaw.com/lar/84ceb13f7489e82daa07b691047bd590bdfb.html,2026.03.20,深圳市工业和信息化局,地方工作文件,2026.03.20
地方法规,四川省民政厅关于准予四川多美智能社会网信人才研究院名称变更为四川省汇智舆情信息声誉管理研究院的行政许可决定书,https://www.pkulaw.com/lar/536c30e0c0241a5d090c71a3826c73cbbdfb.html,2026.03.20,四川省民政厅,地方工作文件,2026.03.20
地方法规,平远县自然资源局关于《广东省平远县智能制造产业园基础配套设施建设(一期)项目第二批临时用地土地复垦方案》通过审查的公告,https://www.pkulaw.com/lar/27a876029cc1dd22a79a275522bf71c6bdfb.html,2026.03.20,平远县自然资源局,地方工作文件,2026.03.20
地方法规,南京市工业和信息化局关于做好第一批国家新兴产业发展示范基地申报推荐工作的通知,https://www.pkulaw.com/lar/f9d2ac5958c2f3438e69975996cdad6dbdfb.html,2026.03.20,南京市工业和信息化局,地方工作文件,2026.03.20
地方法规,珠海市工业和信息化局转发关于开展第一批国家新兴产业发展示范基地创建遴选工作的通知,https://www.pkulaw.com/lar/98a90ad2f801753106dabf1e479ea1d2bdfb.html,2026.03.20,珠海市工业和信息化局,地方工作文件,2026.03.20
地方法规,北京市新闻出版局关于印发《北京市优秀古籍整理及数字化出版扶持项目资金管理办法》的通知,https://www.pkulaw.com/lar/7cc2ad130bb8fb2950a243caeae99335bdfb.html,2026.03.20,北京市新闻出版局,地方规范性文件,2026.03.20
地方法规,广东省“百县千镇万村高质量发展工程”指挥部信息化建设专班办公室关于发布省“百千万工程”数字化应用创新场景需求清单(2026年第一批)的通知,https://www.pkulaw.com/lar/937f291efa4b9d64dfab17c8106014ecbdfb.html,2026.03.20,广东省“百县千镇万村高质量发展工程”指挥部信息化建设专班办公室,地方工作文件,2026.03.20
地方法规,吉林省发展和改革委员会、吉林省政务服务和数字化建设管理局、吉林省自然资源厅、吉林省住房和城乡建设厅、吉林省交通运输厅、吉林省水利厅、吉林省农业农村厅关于加快推广远程异地评标工作的通知,https://www.pkulaw.com/lar/026c0070b98d127a3cb4bcc13f9e344cbdfb.html,2026.03.20,吉林省农业农村厅,地方工作文件,2026.03.20
地方法规,上海市人力资源和社会保障局关于开展2026年度人工智能推介官培训认证工作的通知,https://www.pkulaw.com/lar/5a9b519e2ee00f89868e6fbd805e2d1ebdfb.html,2026.03.19,上海市人力资源和社会保障局,地方工作文件,2026.03.19
地方法规,江西省工业和信息化厅关于征集人工智能、软件和信息技术服务、虚拟现实领域优秀产品和解决方案的通知,https://www.pkulaw.com/lar/dcb934f9a12d931678d7ec37be13ee92bdfb.html,2026.03.19,江西省工业和信息化厅,地方工作文件,2026.03.19
地方法规,河北省工业和信息化厅关于做好工业大模型培育工作的通知,https://www.pkulaw.com/lar/74988718b450e8dcc456d68408f95dfdbdfb.html,2026.03.19,河北省工业和信息化厅,地方工作文件,2026.03.19
地方法规,上海市经济和信息化委员会、上海市通信管理局关于组织开展国家算力互联互通行业节点建设的通知,https://www.pkulaw.com/lar/c6123fe68952172057e34f8448430c65bdfb.html,2026.03.19,上海市通信管理局,地方工作文件,2026.03.19
地方法规,汕头市工业和信息化局关于开展省级中小企业数字化转型城市试点专项资金(产业链供应链数字化转型行业平台方向)项目入库申报工作的通知,https://www.pkulaw.com/lar/7ecf3c5754956e50ce13ea5ecfcbfa80bdfb.html,2026.03.19,汕头市工业和信息化局,地方工作文件,2026.03.19
地方法规,丽水市经济和信息化局关于印发《丽水市中小企业数字化服务商评价管理办法(试行)》的通知,https://www.pkulaw.com/lar/c5225e97ace6ea9e902ed6544a7eaff7bdfb.html,2026.03.19,丽水市经济和信息化局,地方规范性文件,2026.03.19
地方法规,南通市政府关于印发南通市加快打造长三角人工智能特色应用和创新发展城市的若干措施(2026年版)的通知,https://www.pkulaw.com/lar/198d0fd2d7ea988b2f0685961b526624bdfb.html,2026.03.18,南通市人民政府,地方规范性文件,2026.05.01
地方法规,内蒙古自治区能源局、内蒙古自治区矿山安全监管局、国家矿山安全监察局内蒙古局关于印发《内蒙古自治区煤矿智能化建设验收办法》的通知,https://www.pkulaw.com/lar/dbb63b3e8a7a88afa5979ae15474cf6ebdfb.html,2026.03.18,国家矿山安全监察局内蒙古局,地方规范性文件,2026.05.01
中央法规,上海证券交易所关于同意国泰海通证券股份有限公司为富国中证智能汽车主题交易型开放式指数证券投资基金提供主做市服务的公告,https://www.pkulaw.com/chl/2ef6d6708c049f24bdfb.html,2026.03.18,上海证券交易所,行业规定,2026.03.18
中央法规,上海证券交易所关于同意国泰海通证券股份有限公司为银华上证科创板人工智能交易型开放式指数证券投资基金提供主做市服务的公告,https://www.pkulaw.com/chl/7b94413f5ccd1f28bdfb.html,2026.03.18,上海证券交易所,行业规定,2026.03.18
中央法规,上海证券交易所关于同意国泰海通证券股份有限公司为南方上证科创板人工智能交易型开放式指数证券投资基金提供主做市服务的公告,https://www.pkulaw.com/chl/e73093f0b1701de3bdfb.html,2026.03.18,上海证券交易所,行业规定,2026.03.18
地方法规,广西壮族自治区住房城乡建设厅关于公布第一批智能建造应用试点项目的通知,https://www.pkulaw.com/lar/5f9a110565eabf39ce17af045953e87ebdfb.html,2026.03.18,广西壮族自治区住房和城乡建设厅,地方工作文件,2026.03.18
地方法规,广州市人民政府办公厅关于印发广州市促进人工智能产业高质量发展实施方案的通知,https://www.pkulaw.com/lar/f573acc205e3b071f3cb60a95dad348dbdfb.html,2026.03.18,广州市人民政府,地方工作文件,2026.03.18
地方法规,北京市医疗保险事务管理中心关于公开发布第八批智能审核规则库规则和知识点的通知,https://www.pkulaw.com/lar/9dfec4b4f461da276b2153a9640d89dfbdfb.html,2026.03.18,北京市医疗保险事务管理中心,地方工作文件,2026.03.18
地方法规,中山市工业化信息化局转发广东省工业和信息化厅关于组织开展2026年智能工厂梯度培育有关工作的预通知,https://www.pkulaw.com/lar/69845805717034e6d94584c663e6703abdfb.html,2026.03.18,中山市工业和信息化局,地方工作文件,2026.03.18
地方法规,合肥市人力资源和社会保障局关于刘峰等408名同志分别具备工程系列机电工程、人工智能、集成电路和量子信息专业技术资格的通知,https://www.pkulaw.com/lar/428f1d9fa8ef1deb53f230883e93406ebdfb.html,2026.03.18,合肥市人力资源和社会保障局,地方工作文件,2026.03.18
中央法规,交通运输部办公厅关于印发《航道数智化升级技术指南(2026年版)》的通知,https://www.pkulaw.com/chl/e8111f91039386a7bdfb.html,2026.03.18,交通运输部,部门规章；部门工作文件,2026.03.18
地方法规,天津市财政局关于开展数智化背景下会计相关典型案例征集工作的通知,https://www.pkulaw.com/lar/fd43888382c9d509c15bd5819904837fbdfb.html,2026.03.18,天津市财政局,地方工作文件,2026.03.18
地方法规,山东省工业和信息化厅、山东省财政厅关于组织开展2026年度山东省省级行业大模型申报工作的通知,https://www.pkulaw.com/lar/f504908f3c7ba79d3a95b2b77e369aa5bdfb.html,2026.03.18,山东省财政厅,地方工作文件,2026.03.18
中央法规,中证指数有限公司关于发布中证新兴产业60指数的公告,https://www.pkulaw.com/chl/3d69bed552d2b12ebdfb.html,2026.03.18,中证指数有限公司,行业规定,2026.03.18
地方法规,湖南省工业和信息化厅关于开展第一批国家新兴产业发展示范基地创建申报的通知,https://www.pkulaw.com/lar/d1c67f6f23224ee87af753b4f092c92bbdfb.html,2026.03.18,湖南省工业和信息化厅,地方工作文件,2026.03.18
地方法规,北京市经济和信息化局关于组织开展第一批国家新兴产业发展示范基地创建遴选工作的通知,https://www.pkulaw.com/lar/8eec5b7b7b41dc9e49f153e61ad0eee0bdfb.html,2026.03.18,北京市经济和信息化局,地方工作文件,2026.03.18
地方法规,银川市工业和信息化局关于银川市中小企业数字化转型城市试点项目(第一批)合同及实施方案变更相关事宜的通知,https://www.pkulaw.com/lar/9558f4747670f67678a1e4af59e00ec8bdfb.html,2026.03.18,银川市工业和信息化局,地方工作文件,2026.03.18
地方法规,鞍山市工业和信息化局关于开展2026年度智能工厂梯度培育工作的通知,https://www.pkulaw.com/lar/1b8fad082907d2ca24d7e4eede71b67cbdfb.html,2026.03.17,鞍山市工业和信息化局,地方工作文件,2026.03.17
地方法规,宁波市住房和城乡建设局关于征集全市住建领域“人工智能”专家库成员的通知,https://www.pkulaw.com/lar/81cb1f7300af6a4854cdcec9e391ecbabdfb.html,2026.03.17,宁波市住房和城乡建设局,地方工作文件,2026.03.17
地方法规,天津市商务局关于增发家电以旧换新、数码和智能产品购新线上渠道补贴资格兑换券的公告,https://www.pkulaw.com/lar/56bc404d8cc9e1fa38b200f256cd0291bdfb.html,2026.03.17,天津市商务局,地方工作文件,2026.03.17
地方法规,北京经济技术开发区信息技术产业局关于开展2026年支持人工智能公共创新平台建设专项奖励申报的通知,https://www.pkulaw.com/lar/dc4c544bdeeef0da0be8f99fe4af56bfbdfb.html,2026.03.17,北京经济技术开发区信息技术产业局,地方工作文件,2026.03.17
地方法规,鞍山市商务局关于2026年鞍山市家电以旧换新、数码和智能产品购新补贴活动第七批参与经营主体名单的公告,https://www.pkulaw.com/lar/7d759391a9e0b31e08cd83e078aadc72bdfb.html,2026.03.17,鞍山市商务局,地方工作文件,2026.03.17
地方法规,北京市密云区社会保险事业管理中心关于私域未来(北京)智能网络科技有限公司送达社会保险稽核整改意见书,https://www.pkulaw.com/lar/84ab5f915a03e30da0bed8c354d92b19bdfb.html,2026.03.17,北京市密云区人民政府（原密云县人民政府）,地方工作文件,2026.03.17
地方法规,山东省医疗保障局对省十四届人大四次会议第20261066号《关于依托人工智能技术提升基层诊疗能力从源头降低群众就医综合成本的建议》的答复,https://www.pkulaw.com/lar/c14d08a2d8c3989fef7c87da69d76871bdfb.html,2026.03.17,山东省医疗保障局,地方工作文件,2026.03.17
地方法规,上海市财政局关于转发《财政部办公厅关于开展数智化背景下会计相关典型案例征集工作的通知》的通知,https://www.pkulaw.com/lar/a2eceea50691088100ccb7f3402d4ddfbdfb.html,2026.03.17,上海市财政局,地方工作文件,2026.03.17
地方法规,北京经济技术开发区信息技术产业局关于开展经开区2025年下半年“算力券”申报的通知,https://www.pkulaw.com/lar/e035da3e361d3ab0700dae759433c45fbdfb.html,2026.03.17,北京经济技术开发区信息技术产业局,地方工作文件,2026.03.17
地方法规,泸州市经济和信息化局关于组织开展第一批国家新兴产业发展示范基地创建工作的通知,https://www.pkulaw.com/lar/fc8424918fb964a1ba34eded7cc89a09bdfb.html,2026.03.17,泸州市经济和信息化局,地方工作文件,2026.03.17
地方法规,湖北省经济和信息化厅办公室关于开展第一批国家新兴产业发展示范基地申报工作的通知,https://www.pkulaw.com/lar/fd04b81dd2b1730822e91df9b3619f1abdfb.html,2026.03.17,湖北省经济和信息化厅,地方工作文件,2026.03.17
地方法规,中山市工业和信息化局关于开展2026年中小企业数字化转型城市试点数字化转型产品与服务目录征集的通知,https://www.pkulaw.com/lar/ecf5abe2fc75b8b7ba653df251e7a4c4bdfb.html,2026.03.17,中山市工业和信息化局,地方工作文件,2026.03.17
中央法规,中国互联网协会关于发布《企业“人工智能+”应用发展水平评估规范》团体标准立项的公告,https://www.pkulaw.com/chl/6e0b5dc8f8f9c582bdfb.html,2026.03.16,中国互联网协会,行业规定,2026.03.16
中央法规,中国互联网协会关于征集《安全可信政务领域人工智能大模型统一服务平台成熟度模型》团体标准参编单位的通知,https://www.pkulaw.com/chl/28d035c4be353558bdfb.html,2026.03.16,中国互联网协会,行业规定,2026.03.16
地方法规,哈尔滨市科学技术局关于发布航空航天领域人工智能技术需求清单的通知,https://www.pkulaw.com/lar/8a6c30b192b2340da2a00c97a078d27fbdfb.html,2026.03.16,哈尔滨市科学技术局,地方工作文件,2026.03.16
地方法规,漳州市商务局关于公布2026年数码和智能产品购新补贴活动第七批参与企业名单的通知,https://www.pkulaw.com/lar/6ade6acfe83a43911e942b0c7eb52ebbbdfb.html,2026.03.16,漳州市商务局,地方工作文件,2026.03.16
地方法规,青岛市住房和城乡建设局关于房屋建筑和市政工程招投标领域试点实施主观评标人工智能打分参考和打分偏离度实时提示机制的通知,https://www.pkulaw.com/lar/c509b52a4b3a9620e17d97747bd4f41fbdfb.html,2026.03.16,青岛市住房和城乡建设局(原青岛市城乡建设委员会),地方工作文件,2026.03.16
地方法规,呼和浩特市科学技术局转发关于发布2026年内蒙古自治区科技重大专项氢能、低空经济、人工智能+领域(第一批)项目申报指南的通知,https://www.pkulaw.com/lar/9b7887808c6ca6e21fc6fd95c0d24a91bdfb.html,2026.03.16,呼和浩特市科学技术局,地方工作文件,2026.03.16
地方法规,湖北省财政厅关于开展数智化背景下会计相关典型案例征集工作的通知,https://www.pkulaw.com/lar/f68347d13ed949da3580ff99daec6676bdfb.html,2026.03.16,湖北省财政厅,地方工作文件,2026.03.16
地方法规,宁波市数据局关于印发《2026年宁波市算力券发放实施细则》的通知,https://www.pkulaw.com/lar/93da06141bf99c4f00ac4d127ba728ecbdfb.html,2026.03.16,宁波市数据局,地方规范性文件,2026.03.16
地方法规,青岛市工业和信息化局关于印发《青岛市2025年度企业“算力券”奖补项目申报指南》的通知,https://www.pkulaw.com/lar/ae01d9a6527e6751d491f345e4d0ff5cbdfb.html,2026.03.16,青岛市工业和信息化局,地方工作文件,2026.03.16
地方法规,四川省经济和信息化厅办公室关于组织开展第一批国家新兴产业发展示范基地创建工作的通知,https://www.pkulaw.com/lar/7eb815c14757d7634d01bf5e6eee55a9bdfb.html,2026.03.16,四川省经济和信息化厅,地方工作文件,2026.03.16
地方法规,重庆市经济和信息化委员会转发《工业和信息化部办公厅关于开展第一批国家新兴产业发展示范基地创建遴选工作的通知》的通知,https://www.pkulaw.com/lar/d0c478ef7f1197f14c5f956d79b15ab1bdfb.html,2026.03.16,重庆市经济和信息化委员会,地方工作文件,2026.03.16
地方法规,宁波市经济和信息化局关于公布国家试点行业优秀数字化改造总承包商名单的通知,https://www.pkulaw.com/lar/69495321ea8369bd100a8e02cb15977fbdfb.html,2026.03.16,宁波市经济和信息化局,地方工作文件,2026.03.16
地方法规,安徽省科技厅关于开展2026年度安徽省人工智能场景创新项目申报的通知,https://www.pkulaw.com/lar/25de7ac51c99bc64c9f5bd900c061e16bdfb.html,2026.03.15,安徽省科学技术厅,地方工作文件,2026.03.15
地方法规,内蒙古自治区科学技术厅关于发布2026年内蒙古自治区科技重大专项氢能、低空经济、人工智能+领域(第一批)项目申报指南的通知,https://www.pkulaw.com/lar/799620d4dc6ab5d054d9fee99cf2c6e7bdfb.html,2026.03.15,内蒙古自治区科学技术厅,地方工作文件,2026.03.15
地方法规,江西省工业和信息化厅、江西省财政厅关于印发支持深化制造业数智化转型若干措施的通知,https://www.pkulaw.com/lar/5535951b46c7c6551cb7d85083520904bdfb.html,2026.03.15,江西省财政厅,地方规范性文件,2026.03.15
中央法规,第二十八届中国科协年会专题论坛——全球气候变化下的林草智能设计育种征文通知,https://www.pkulaw.com/chl/f9bfe9a29bc7d872bdfb.html,2026.03.13,中国林学会,团体规定,2026.03.13
地方法规,辽宁省工业和信息化厅关于2026年度辽宁省智能工厂梯度培育工作的通知,https://www.pkulaw.com/lar/b95605b68661fe4674af6b2cc54341e4bdfb.html,2026.03.13,辽宁省工业和信息化厅(原辽宁省工业和信息化委员会),地方工作文件,2026.03.13
地方法规,辽宁省互联网技术支撑中心关于开展人工智能服务安全能力评定工作的通知,https://www.pkulaw.com/lar/758e932ff54ee98703fb89bc9141cb6fbdfb.html,2026.03.13,辽宁省互联网技术支撑中心,地方工作文件,2026.03.13
地方法规,陕西省文化和旅游厅关于开展“人工智能+文化和旅游”应用场景申报推荐工作的通知,https://www.pkulaw.com/lar/5a2e5cb358cf7f39ea130e072fd723a9bdfb.html,2026.03.13,陕西省文化和旅游厅,地方工作文件,2026.03.13
地方法规,大连市商务局关于明确家电以旧换新、数码和智能产品购新交易审核工作相关事宜的通知,https://www.pkulaw.com/lar/b685ffd7baf952b90ca4e170d401f512bdfb.html,2026.03.13,大连市商务局,地方工作文件,2026.03.13
地方法规,辽宁省住房和城乡建设厅关于征集全省第二批智能建造新技术新产品创新应用案例的通知,https://www.pkulaw.com/lar/8cb7fffc640d64ab247c997e3387e0babdfb.html,2026.03.13,辽宁省住房和城乡建设厅,地方工作文件,2026.03.13
地方法规,珠海市科技创新局关于开展珠海市2026年“人工智能”产业领域指南建议征集和产业情况调查的通知,https://www.pkulaw.com/lar/0cf2ee7122dd533ba0cfdcc604dc81bbbdfb.html,2026.03.13,珠海市科技创新局,地方工作文件,2026.03.13
地方法规,宁波市经济和信息化局关于组织申报第一批国家新兴产业发展示范基地(园区、企业)的通知,https://www.pkulaw.com/lar/b65c54db96bb69fc3dda3426fe328591bdfb.html,2026.03.13,宁波市经济和信息化局,地方工作文件,2026.03.13
地方法规,新疆维吾尔自治区民政厅、新疆维吾尔自治区教育厅、新疆维吾尔自治区人力资源和社会保障厅、新疆维吾尔自治区住房城乡建设厅、新疆维吾尔自治区医保局、新疆维吾尔自治区数字化发展局关于印发《自治区高效办成社会救助“一件事”业务工作方案》的通知(2026),https://www.pkulaw.com/lar/d21f44b3d8a1d16956843bd27400f80dbdfb.html,2026.03.13,新疆维吾尔自治区数字化发展局,地方工作文件,2026.03.13
地方法规,烟台市人民政府办公室关于印发烟台市“人工智能+”三年行动方案的通知,https://www.pkulaw.com/lar/1868c7e5a2823c3243bccf9503f2b0adbdfb.html,2026.03.12,烟台市人民政府,地方工作文件,2026.03.12
地方法规,广东省发展改革委关于印发《广东省支持人工智能OPC创新发展行动方案(2026―2028年)》的通知,https://www.pkulaw.com/lar/849f74378e4eba067a25bca6e9d62970bdfb.html,2026.03.12,广东省发展和改革委员会,地方工作文件,2026.03.12
地方法规,上海市经济和信息化委员会关于征集“人工智能+新材料”垂类大模型建设和需求应用场景的通知,https://www.pkulaw.com/lar/2425e97cf9387251fb69537b5116ce81bdfb.html,2026.03.12,上海市经济和信息化委员会,地方工作文件,2026.03.12
地方法规,宁德市工信局转发福建省工信厅关于组织申报2026年省工业互联网技术创新重点攻关及产业化项目的通知,https://www.pkulaw.com/lar/dac92d14ec0523b61f20822200c9d6b1bdfb.html,2026.03.12,宁德市工业和信息局,地方工作文件,2026.03.12
中央法规,工业和信息化部办公厅关于开展第一批国家新兴产业发展示范基地创建遴选工作的通知,https://www.pkulaw.com/chl/a1ccc37ad23343d5bdfb.html,2026.03.12,工业和信息化部,部门规章；部门工作文件,2026.03.12
地方法规,泉州市工业和信息化局关于组织开展数字化转型成熟度测评服务的通知,https://www.pkulaw.com/lar/015494a8c6880bed9aca07d125165ecdbdfb.html,2026.03.12,泉州市工业和信息化局,地方工作文件,2026.03.12
地方法规,乐山市财政局关于下达2025年第二批交通专项资金(“大蜀道”交通基础设施数字化转型升级中央补助资金)的公告,https://www.pkulaw.com/lar/a861502d4f83ef5c313c87389c6f8008bdfb.html,2026.03.12,乐山市财政局,地方工作文件,2026.03.12
中央法规,国家药监局关于“人工智能+药品监管”的实施意见,https://www.pkulaw.com/chl/93d7a617b21c890ebdfb.html,2026.03.11,国家药品监督管理局(已变更),部门规章；部门规范性文件,2026.03.11
地方法规,(武清区)关于天津方越同辉智能科技有限公司年产12万辆自行车项目建设工程设计方案总平面图的公布,https://www.pkulaw.com/lar/7e492f04e1bfed85302740cc75892e8fbdfb.html,2026.03.11,天津市规划和自然资源局武清分局,地方工作文件,2026.03.11
地方法规,黑龙江省财政厅关于开展数智化背景下会计相关典型案例征集工作的通知,https://www.pkulaw.com/lar/59206d56f452ee8ce780845f942c3b5dbdfb.html,2026.03.11,黑龙江省财政厅,地方工作文件,2026.03.11
地方法规,江苏省财政厅转发财政部办公厅关于开展数智化背景下会计相关典型案例征集工作的通知,https://www.pkulaw.com/lar/754650cb38b462dfd03c7a3b38468d99bdfb.html,2026.03.11,江苏省财政厅,地方工作文件,2026.03.11
地方法规,福建省工业和信息化厅关于公布福建东南西北网络科技有限公司等48家福建省产业数字化服务商名单的通知,https://www.pkulaw.com/lar/25b251c863b1491270056dde09b67674bdfb.html,2026.03.11,福建省工业和信息化厅,地方工作文件,2026.03.11
地方法规,厦门市人力资源和社会保障局、厦门市应急管理局、厦门市卫生健康委员会关于开展安全精益数字化工伤预防培训的通知,https://www.pkulaw.com/lar/a1ba39cb5f59dedc4c4e9fad4bc04623bdfb.html,2026.03.11,厦门市卫生健康委员会,地方工作文件,2026.03.11
中央法规,中国证监会国际合作司关于浙江翼菲智能科技股份有限公司境外发行上市及境内未上市股份“全流通”备案通知书,https://www.pkulaw.com/chl/9d85d7e924251315bdfb.html,2026.03.10,中国证券监督管理委员会,部门规章；部门工作文件,2026.03.10
地方法规,武汉市科技创新局关于组织开展人工智能OPC生态社区申报的通知,https://www.pkulaw.com/lar/df3f9e14366c54a1ff86fdb1c90248a5bdfb.html,2026.03.10,武汉市科技创新局,地方工作文件,2026.03.10
地方法规,江苏省住房城乡建设厅关于公布省级智能建造试点县(市、区)的通知,https://www.pkulaw.com/lar/238b0775e998c5b7a041ae381558ef15bdfb.html,2026.03.10,江苏省住房和城乡建设厅,地方工作文件,2026.03.10
地方法规,南通市政府关于印发《南通市人工智能创新发展三年行动方案(2026—2028年)》的通知,https://www.pkulaw.com/lar/8af3e7ff1975269ef9c7e5bdfbf54340bdfb.html,2026.03.10,南通市人民政府,地方工作文件,2026.03.10
地方法规,深圳市工业和信息化局关于加强人工智能业务2025年统计年报和2026年定期统计报表工作的通知,https://www.pkulaw.com/lar/9898a0780d8f40500227a0cd17663be9bdfb.html,2026.03.10,深圳市工业和信息化局,地方工作文件,2026.03.10
地方法规,福州市商务局关于2026年政策接续期间第五批家电以旧换新、数码和智能产品购新补贴活动企业名单的公告,https://www.pkulaw.com/lar/e4805df8f26209b19b6fd6200c3ad0fdbdfb.html,2026.03.10,福州市商务局,地方工作文件,2026.03.10
地方法规,关于对江苏天海特种装备有限公司江苏天海二期智能化金属表面处理产线改造项目环境影响报告表的批复公告,https://www.pkulaw.com/lar/39e37394d815961624671558d6b96bcfbdfb.html,2026.03.10,镇江市生态环境局,地方工作文件,2026.03.10
地方法规,黑龙江省工业和信息化厅、黑龙江省财政厅关于开展2026年度高端智能农机装备制造项目贷款贴息政策兑现申报工作的通知,https://www.pkulaw.com/lar/a650ec33cd88a4a161ccadaef4e8bb5abdfb.html,2026.03.10,黑龙江省财政厅,地方工作文件,2026.03.10
地方法规,重庆市人力资源和社会保障局、重庆市经济和信息化委员会关于印发重庆市工程技术智能网联新能源汽车专业职称申报条件的通知,https://www.pkulaw.com/lar/3af21a692a8cc25fd697d1217752a211bdfb.html,2026.03.10,重庆市经济和信息化委员会,地方工作文件,2026.03.10
地方法规,大连市商务局、大连市发展和改革委员会、大连市财政局、大连市市场监管局、大连市邮政管理局关于印发《2026年大连市家电以旧换新数码和智能产品购新补贴实施细则》的通知,https://www.pkulaw.com/lar/eb8a842acd0a7fe58c639b6c4bcfbb94bdfb.html,2026.03.10,大连市邮政局,地方规范性文件,2026.03.10
地方法规,关于开展2026年《石景山区推动工业互联网产业高质量发展支持办法(试行)》首批政策兑现的通知,https://www.pkulaw.com/lar/786d85907902a1e7ca500b52f9c321c1bdfb.html,2026.03.10,北京市石景山区人民政府,地方规范性文件,2026.03.10
地方法规,南昌市中小企业服务局关于做好国家中小企业数字化转型试点企业数字化改造政策兑现工作(第三批次第一轮次)的通知,https://www.pkulaw.com/lar/14f5a472d8545c77f836de67ce348db1bdfb.html,2026.03.10,南昌市中小企业局,地方工作文件,2026.03.10
地方法规,宁波市经济和信息化局关于公布宁波市制造业企业数字化等级评价结果(第十二批)的通知,https://www.pkulaw.com/lar/d902441134db2154291da0de3ab3031dbdfb.html,2026.03.10,宁波市经济和信息化局,地方工作文件,2026.03.10
地方法规,长春市工业和信息化局关于开展长春市中小企业数字化转型城市试点奖补项目工作的通知,https://www.pkulaw.com/lar/9920044f6b0c8243dc36522513751a6dbdfb.html,2026.03.10,长春市工业和信息化局,地方工作文件,2026.03.10
地方法规,海口市科学技术和工业信息化局关于征集第二批海口市中小企业数字化转型城市试点典型标杆的通知,https://www.pkulaw.com/lar/cfd61273b1f1da2c008038b84b9b94d2bdfb.html,2026.03.10,海口市科学技术工业信息化局,地方工作文件,2026.03.10
地方法规,重庆市经济和信息化委员会关于组织开展重庆市第二批制造业产业链供应链数字化金融应用“揭榜挂帅”申报工作的通知,https://www.pkulaw.com/lar/4877591dd33959ca8ef02d27b517dc58bdfb.html,2026.03.10,重庆市经济和信息化委员会,地方工作文件,2026.03.10
地方法规,合肥市城乡建设局关于公布合肥市智能建造试点工程项目实施评价情况及智能建造技术应用典型案例的通知(第一批),https://www.pkulaw.com/lar/960cb631543e215f83739cbcaaf4bf24bdfb.html,2026.03.09,合肥市城乡建设局,地方工作文件,2026.03.09
地方法规,漳州市商务局关于公布2026年数码和智能产品购新补贴活动第六批参与企业名单的通知,https://www.pkulaw.com/lar/5e778f973e34b31b4b843946c8b1788fbdfb.html,2026.03.09,漳州市商务局,地方工作文件,2026.03.09
地方法规,广州市工业和信息化局关于委托协助开展广州市人工智能与数据治理支撑项目(2026年)的公告,https://www.pkulaw.com/lar/8a88f573f812d3ae0e0691471393c7bfbdfb.html,2026.03.09,广州市工业和信息化局,地方规范性文件,2026.03.09
地方法规,江苏省住房和城乡建设厅关于修订印发《关于推进江苏省智能建造发展的实施方案》的通知(2026),https://www.pkulaw.com/lar/f7e3029ab561b2b8a22ba8fbe9a147c8bdfb.html,2026.03.09,江苏省住房和城乡建设厅,地方工作文件,2026.03.09
地方法规,青岛市城市管理局关于印发《青岛市城市管理领域“人工智能+”社会治理行动计划(2026―2028年)》的通知,https://www.pkulaw.com/lar/2273fa75096f8e490ab2487448438783bdfb.html,2026.03.09,青岛市城市管理局,地方工作文件,2026.03.09
地方法规,广西壮族自治区生态环境厅关于广西术界智能医疗科技有限公司申请首次核发辐射安全许可证的批复,https://www.pkulaw.com/lar/5219bf4025e7007db9f605fc6a2d28b2bdfb.html,2026.03.09,广西壮族自治区生态环境厅,地方工作文件,2026.03.09
中央法规,中国内部审计协会数智化审计分会关于征集会员的通知,https://www.pkulaw.com/chl/4cc214a9c0432a91bdfb.html,2026.03.09,中国内部审计协会,行业规定,2026.03.09
地方法规,广州市文化广电旅游局关于印发《广州市2026年“AI赋能·精品微短剧”创作主题计划》的通知,https://www.pkulaw.com/lar/dc8b820ad2aac21a3772bd473521ea76bdfb.html,2026.03.09,广州市文化广电旅游局,地方工作文件,2026.03.09
中央法规,中国互联网协会关于发布《城市级数字化设施集约型运营中心第1部分：通用要求》团体标准立项的公告,https://www.pkulaw.com/chl/bb3791cd1c698f32bdfb.html,2026.03.09,中国互联网协会,行业规定,2026.03.09
地方法规,惠州市工业和信息化局关于公布惠州市省级中小企业数字化转型城市试点第五批数字化产品清单的通知,https://www.pkulaw.com/lar/3bc9e01df6ae7d3aa15f677dbcbe3aaabdfb.html,2026.03.09,惠州市工业和信息化局,地方工作文件,2026.03.09
地方法规,汕头市工业和信息化局关于印发《汕头市省级中小企业数字化转型城市试点专项资金项目(制造业数字化改造方向)入库申报指引(修订版)》《汕头市省级中小企业数字化转型城市试点专项资金项目(产业链供应链数字化转型行业平台方向)入库申报指引(修订版)》的通知(2026),https://www.pkulaw.com/lar/2993d6887164e8fa9273b435bdacfc03bdfb.html,2026.03.09,汕头市工业和信息化局,地方工作文件,2026.03.09
地方法规,汕头市工业和信息化局关于开展省级中小企业数字化转型城市试点专项资金(制造业数字化改造方向)第五批项目入库申报工作的通知,https://www.pkulaw.com/lar/e3086db963d6509ac0e037d6bb020936bdfb.html,2026.03.09,汕头市工业和信息化局,地方工作文件,2026.03.09
地方法规,鞍山市工业和信息化局关于征集中小企业数字化转型服务商的通知,https://www.pkulaw.com/lar/4c437e6ed8433da1aaf55e64305d729fbdfb.html,2026.03.09,鞍山市工业和信息化局,地方工作文件,2026.03.09
地方法规,西安市工业和信息化局关于2026年度常态化征集“链式”转型牵引单位和数字化转型服务商的通知,https://www.pkulaw.com/lar/3628654cb2401fc5df5aa13711edc8fcbdfb.html,2026.03.09,西安市工业和信息化局,地方工作文件,2026.03.09
地方法规,河北省工业和信息化厅、河北省数据和政务服务局、河北省科学技术厅、河北省通信管理局、中共河北省委金融委员会办公室关于进一步推动“产业集群数字化+金融”创新模式扩面推广的通知,https://www.pkulaw.com/lar/2de19b92168c710f16a546ba128a8d6bbdfb.html,2026.03.08,中共河北省委金融委员会办公室,地方规范性文件,2026.03.08
中央法规,上海证券交易所关于同意招商证券股份有限公司为南方上证科创板人工智能交易型开放式指数证券投资基金提供主做市服务的公告,https://www.pkulaw.com/chl/86fb75f01846292dbdfb.html,2026.03.06,上海证券交易所,行业规定,2026.03.06
地方法规,舟山市经济和信息化局关于组织申报“人工智能+制造业”创新示范应用场景、人工智能“数智优品”培育库的通知,https://www.pkulaw.com/lar/10bb65ab9e18307a31d44f3a07cc39afbdfb.html,2026.03.06,舟山市经济和信息化局,地方工作文件,2026.03.06
地方法规,辽宁省住房和城乡建设厅关于加快推动全省智能建造与新型建筑工业化协同发展的通知(2026修改),https://www.pkulaw.com/lar/91f0c6714d7f43e10488bbe763649906bdfb.html,2026.03.06,辽宁省住房和城乡建设厅,地方规范性文件「XP08」,2026.03.06
地方法规,江西省工业强省建设工作领导小组关于印发江西省深化制造业数智化转型行动计划(2026—2027年)的通知,https://www.pkulaw.com/lar/88d7f1a7f838539501e4183a852f0bd9bdfb.html,2026.03.06,江西省工业强省建设工作领导小组办公室,地方工作文件,2026.03.06
地方法规,新疆通信管理局关于组织开展算力互联互通节点建设主体和运营主体申报工作的通知,https://www.pkulaw.com/lar/c1631ac892a89738c8f6bf6f59133089bdfb.html,2026.03.06,新疆维吾尔自治区通信管理局,地方工作文件,2026.03.06
地方法规,汕头市工业和信息化局关于下达省级中小企业数字化转型城市试点专项资金(制造业数字化改造方向)第四批入库项目计划的通知,https://www.pkulaw.com/lar/04019b50a06ccf28e9a5bac78cb67783bdfb.html,2026.03.06,汕头市工业和信息化局,地方工作文件,2026.03.06
地方法规,靖江市政府办公室关于印发推进人工智能和靖江制造深度融合发展行动方案的通知,https://www.pkulaw.com/lar/7889ef567bdf72851113acc72cd78e88bdfb.html,2026.03.05,靖江市人民政府,地方工作文件,2026.03.05
地方法规,北京市发展和改革委员会关于征集2026年第一批供热管网更新及智能化改造项目的通知,https://www.pkulaw.com/lar/29ddb4a1819503f2caa0fa29184cf975bdfb.html,2026.03.05,北京市发展和改革委员会,地方工作文件,2026.03.05
地方法规,福州市商务局关于2026年政策接续期间第四批家电以旧换新、数码和智能产品购新补贴活动企业名单的公告,https://www.pkulaw.com/lar/9aa45c58954b9a5d4e34806f1f52a981bdfb.html,2026.03.05,福州市商务局,地方工作文件,2026.03.05
地方法规,黑龙江省科学技术厅、黑龙江省财政厅关于组织申报2026年省重点研发计划人工智能等4个前沿技术专项项目的通知,https://www.pkulaw.com/lar/e53220917c42a9dbc4ace23eb73274a2bdfb.html,2026.03.05,黑龙江省财政厅,地方工作文件,2026.03.05
地方法规,青岛市工业和信息化局关于印发《青岛市“算力券”奖补政策实施细则(修订)》的通知(2026),https://www.pkulaw.com/lar/5926afd52cbc9ee52a80707179d5833ebdfb.html,2026.03.05,青岛市工业和信息化局,地方规范性文件,2026.03.05
中央法规,中国支付清算协会关于印发《非银行支付机构数字化转型能力及成效评估指南》的通知,https://www.pkulaw.com/chl/591e4b088dbfec16bdfb.html,2026.03.05,中国支付清算协会,行业规定,2026.03.05
地方法规,广州市工业和信息化局关于广州市中小企业数字化转型城市试点数字化牵引单位动态调整的通知,https://www.pkulaw.com/lar/962ef8cb31ed97e991d0f61c19c3b3a0bdfb.html,2026.03.05,广州市工业和信息化局,地方工作文件,2026.03.05
地方法规,福建省工业和信息化厅关于组织开展数字化转型成熟度测评服务的通知,https://www.pkulaw.com/lar/79b2bda2098e2858dd1360af334dfd9abdfb.html,2026.03.05,福建省工业和信息化厅,地方工作文件,2026.03.05
地方法规,北京市文物局关于积极参加世界互联网大会文化遗产数字化案例征集的函,https://www.pkulaw.com/lar/991156f9b238fec14cdf07b4e3d09edcbdfb.html,2026.03.05,北京市文物局,地方工作文件,2026.03.05
地方法规,吉林省政务服务和数字化建设管理局关于印发《吉林省公共数据资源登记管理实施细则(试行)》的通知,https://www.pkulaw.com/lar/996ae14a81347aeb77a07e3f5f89d885bdfb.html,2026.03.05,吉林省政务服务和数字化建设管理局,地方规范性文件,2026.03.05
地方法规,河北省工业和信息化厅关于开展面向人工智能赋能的高质量行业数据集建设先行先试申报的通知,https://www.pkulaw.com/lar/0757b2b3e6bf8fa38d78a1be9ea1409ebdfb.html,2026.03.04,河北省工业和信息化厅,地方工作文件,2026.03.04
地方法规,黑龙江省工业和信息化厅、黑龙江省财政厅关于开展黑龙江省智能农机高质量发展专项政策申报工作的通知,https://www.pkulaw.com/lar/418eacd92638c0770414fa390686888abdfb.html,2026.03.04,黑龙江省财政厅,地方工作文件,2026.03.04
地方法规,厦门市工业和信息化局关于组织申报2026年工业互联网技术创新重点攻关及产业化项目的通知,https://www.pkulaw.com/lar/5d0421133b5a56a138a2332c913e104bbdfb.html,2026.03.04,厦门市工业和信息化局,地方工作文件,2026.03.04
地方法规,漳州市工业和信息化局转发省工信厅关于组织申报2026年省工业互联网技术创新重点攻关及产业化项目的通知,https://www.pkulaw.com/lar/76d03472bb5c285ef4789f4011c87f08bdfb.html,2026.03.04,漳州市工业和信息化局,地方工作文件,2026.03.04
中央法规,上海证券交易所关于同意东方证券股份有限公司为国泰上证科创板人工智能交易型开放式指数证券投资基金提供主做市服务的公告,https://www.pkulaw.com/chl/3c4b75afd5a7d1d2bdfb.html,2026.03.03,上海证券交易所,行业规定,2026.03.03
中央法规,上海证券交易所关于同意方正证券股份有限公司为南方上证科创板人工智能交易型开放式指数证券投资基金提供主做市服务的公告,https://www.pkulaw.com/chl/bd290f02e9ffde31bdfb.html,2026.03.03,上海证券交易所,行业规定,2026.03.03
地方法规,青海省工业和信息化厅关于开展2026年度智能工厂梯度培育工作的通知,https://www.pkulaw.com/lar/874b2efad6fe0304ffbec1fb520eb340bdfb.html,2026.03.03,青海省工业和信息化厅,地方工作文件,2026.03.03
地方法规,山东省工业和信息化厅关于征集山东省智能制造专家委员会委员建议人选的通知,https://www.pkulaw.com/lar/bce9172da852335b5f8403b9b7327b15bdfb.html,2026.03.03,山东省工业和信息化厅,地方工作文件,2026.03.03
地方法规,河南省交通运输厅关于印发河南省“人工智能＋交通运输”创新应用行动方案的通知,https://www.pkulaw.com/lar/db4d314b710e493c98389695526a8779bdfb.html,2026.03.03,河南省交通运输厅,地方工作文件,2026.03.03
地方法规,山东省工业和信息化厅关于组织开展2026年基础级、先进级智能工厂申报工作的通知,https://www.pkulaw.com/lar/ae09afacf9aeb3c29f8bcf87cc31bf28bdfb.html,2026.03.03,山东省工业和信息化厅,地方工作文件,2026.03.03
地方法规,资阳市商务局等5部门关于落实《四川省2026年家电以旧换新、数码和智能产品购新补贴实施细则》的通知,https://www.pkulaw.com/lar/255ded31f19dfc4e54429e67f746d2ecbdfb.html,2026.03.03,资阳市邮政管理局,地方规范性文件,2026.03.03
地方法规,鞍山市商务局关于2026年鞍山市家电以旧换新、数码和智能产品购新补贴活动第六批参与经营主体名单的公告,https://www.pkulaw.com/lar/fe432b0a1d9e50eaa918e21f13d2570dbdfb.html,2026.03.03,鞍山市商务局,地方工作文件,2026.03.03
地方法规,天津市工业和信息化局、天津市交通运输委、天津市公安局关于印发《在津开展智能网联汽车道路测试与示范应用活动管理流程》的通知,https://www.pkulaw.com/lar/05798625e5dac0a6f7163366bd4d10b9bdfb.html,2026.03.03,天津市公安局,地方工作文件,2026.03.03
地方法规,宁波市财政局关于开展数智化背景下会计相关典型案例征集工作的通知,https://www.pkulaw.com/lar/3e6999234e67b4cda0626716bb6580b7bdfb.html,2026.03.03,宁波市财政局,地方工作文件,2026.03.03
地方法规,重庆市大数据应用发展管理局关于开展2026年第一批算力券兑现工作的通知,https://www.pkulaw.com/lar/58455a9d11ad1b54bddeb4ddc85ecb43bdfb.html,2026.03.03,重庆市大数据应用发展管理局,地方工作文件,2026.03.03
地方法规,湖南省工业和信息化厅关于组织开展省级工业互联网平台发展情况摸底工作的通知,https://www.pkulaw.com/lar/9539d94a0c623f8a3c36df34daaad290bdfb.html,2026.03.03,湖南省工业和信息化厅,地方工作文件,2026.03.03
地方法规,青岛市工业和信息化局关于印发《青岛市新建工业互联网标识解析节点项目申报指南》的通知,https://www.pkulaw.com/lar/afc4f6e77bdcc2513111f4e222b32281bdfb.html,2026.03.03,青岛市工业和信息化局,地方工作文件,2026.03.03
地方法规,福州市工业和信息化局关于组织申报2026年省工业互联网技术创新重点攻关及产业化项目的通知,https://www.pkulaw.com/lar/ce4d3727a52050a5ab42773bef31f181bdfb.html,2026.03.03,福州市工业和信息化局,地方工作文件,2026.03.03
地方法规,青岛市工业和信息化局关于印发《2026年度青岛市工业互联网企业综合服务平台预算资金项目申报指南》的通知,https://www.pkulaw.com/lar/1c2ad0658e95447bbd581a9ad41ff337bdfb.html,2026.03.03,青岛市工业和信息化局,地方工作文件,2026.03.03
地方法规,辽宁省市场监督管理局关于终止《基于闪电区块链的工业互联网实时通信技术规范》等374项辽宁省地方标准立项计划的通告,https://www.pkulaw.com/lar/376bbeac5883f2af97c421472412de15bdfb.html,2026.03.03,辽宁省市场监督管理局,地方工作文件,2026.03.03
地方法规,宁德市工业和信息化局关于组织开展产业数字化服务商(第三批)申报工作的通知,https://www.pkulaw.com/lar/849ff3413716b48272b7f7cadbb4fc85bdfb.html,2026.03.03,宁德市工业和信息局,地方工作文件,2026.03.03
地方法规,区政府办公室关于印发《宿豫区中小企业数字化转型试点区建设实施方案》的通知,https://www.pkulaw.com/lar/32c0351732fadd0bbe83243109519ca6bdfb.html,2026.03.03,宿迁市宿豫区人民政府,地方工作文件,2026.03.03
地方法规,南京市工信局关于公布南京市中小企业数字化转型城市试点企业库(第二批)的通知,https://www.pkulaw.com/lar/e21a8d0536c60ab13bc497cf54206478bdfb.html,2026.03.03,南京市工业和信息化局,地方工作文件,2026.03.03
中央法规,深圳证券交易所关于将福州达华智能科技股份有限公司股票调出融资融券标的证券名单的公告,https://www.pkulaw.com/chl/b916e45e7869899abdfb.html,2026.03.02,深圳证券交易所,行业规定,2026.03.02
地方法规,珠海市智能网联汽车道路测试与示范应用工作专班办公室关于珠海市第一批智能网联汽车道路测试与示范应用拟开放路段的公告,https://www.pkulaw.com/lar/855c61fe52b80b16d7c817a8862acda8bdfb.html,2026.03.02,珠海市智能网联汽车道路测试与示范应用工作专班办公室,地方工作文件,2026.03.02
地方法规,武汉市经信局、武汉市教育局关于开展“人工智能+教育”创新应用征集的通知,https://www.pkulaw.com/lar/28b224de99a61a26a3d7433344486343bdfb.html,2026.03.02,武汉市教育局,地方工作文件,2026.03.02
地方法规,江苏省工业和信息化厅关于印发江苏省“人工智能＋制造”诊断工作方案(2026―2027)的通知,https://www.pkulaw.com/lar/dbe5649f94ca6c8fec35bf1d163fbbc3bdfb.html,2026.03.02,江苏省工业和信息化厅,地方工作文件,2026.03.02
地方法规,漳州市工业和信息化局转发省工信厅关于开展2026年省级人工智能项目申报工作的通知,https://www.pkulaw.com/lar/7e6e04b322a96a1e5a7014599049d044bdfb.html,2026.03.02,漳州市工业和信息化局,地方工作文件,2026.03.02
地方法规,深圳市商务局关于印发《深圳市2026年家电以旧换新、数码和智能产品购新补贴实施指引》的通知,https://www.pkulaw.com/lar/aacc6065b1d7cacab45f55dd864f7a4dbdfb.html,2026.03.02,深圳市商务局,地方工作文件,2026.03.02
地方法规,绵阳市商务局等5部门关于落实《四川省2026年家电以旧换新、数码和智能产品购新补贴实施细则》的通知,https://www.pkulaw.com/lar/3464e6b9e4eb1c47df3df00a8f81057bbdfb.html,2026.03.02,绵阳市邮政管理局,地方规范性文件,2026.03.02
地方法规,长沙市商务局、长沙市发展和改革委员会、长沙市财政局、长沙市市场监督管理局、长沙市邮政管理局关于印发《长沙市2026年家电以旧换新、数码和智能产品购新补贴实施细则》的通知,https://www.pkulaw.com/lar/afe3b6e894044e019b24be8723aebccbbdfb.html,2026.03.02,长沙市邮政管理局,地方规范性文件,2026.03.02
地方法规,福建省工业和信息化厅关于组织申报2026年省工业互联网技术创新重点攻关及产业化项目的通知,https://www.pkulaw.com/lar/168d98121ed4dc03823e800a6ae0ff2dbdfb.html,2026.03.02,福建省工业和信息化厅,地方工作文件,2026.03.02
地方法规,吉林省政务服务和数字化建设管理局关于2025年度法治政府建设情况的报告,https://www.pkulaw.com/lar/7dad91152036ed7ba1dd1ebdc69cdb7cbdfb.html,2026.03.02,吉林省政务服务和数字化建设管理局,地方工作文件,2026.03.02
地方法规,衡阳市人民政府办公室关于印发《衡阳市中小企业数字化转型城市试点工作方案(试行)》的通知,https://www.pkulaw.com/lar/269ada78635aa2ccda7d05061b01de14bdfb.html,2026.03.02,衡阳市人民政府,地方工作文件,2026.03.02
地方法规,广州市海珠区人工智能发展局广州市海珠区科技工业商务和信息化局关于印发广州市海珠区促进人工智能大模型应用实施细则的通知,https://www.pkulaw.com/lar/75b0608acdc2b470d2fe707e514971eebdfb.html,2026.03.01,广州市海珠区科技工业商务和信息化局,地方规范性文件,2026.03.01
地方法规,江苏省数据局关于征集2026年江苏省高质量数据集建设先行先试项目的通知,https://www.pkulaw.com/lar/d7590eaa7aa2e0ad179eda2939cfd73cbdfb.html,2026.03.01,江苏省数据局,地方工作文件,2026.03.01
中央法规,交通运输部、工业和信息化部、国务院国资委、市场监管总局关于印发《智能航运2030行动计划》的通知,https://www.pkulaw.com/chl/38a95802bfe8c6fabdfb.html,2026.02.28,国家市场监督管理总局,部门规章；部门工作文件,2026.02.28
地方法规,湖南省工业和信息化厅关于组织开展2026年度先进级智能工厂申报工作的通知,https://www.pkulaw.com/lar/b06ae090d36380d3c74ff4d123e6090bbdfb.html,2026.02.28,湖南省工业和信息化厅,地方工作文件,2026.02.28
地方法规,江苏省农业农村厅关于反馈江苏省补短板200马力及以上无级变速高端智能拖拉机申报审核第一批通过产品的函,https://www.pkulaw.com/lar/c10457bf11254436874445e4b892db23bdfb.html,2026.02.28,江苏省农业农村厅,地方工作文件,2026.02.28
地方法规,天津市通信管理局、天津市工业和信息化局关于国家算力互联互通区域、行业节点建设申报工作的通知,https://www.pkulaw.com/lar/e2faa35018eb913ec2af4b0f06d5fdfdbdfb.html,2026.02.28,天津市工业和信息化局,地方工作文件,2026.02.28
地方法规,山东省工业和信息化厅、山东省财政厅关于组织开展2026年度“工赋百景”制造业数字化转型揭榜挂帅项目申报的通知,https://www.pkulaw.com/lar/b4c76621044963e84d1277cf43113158bdfb.html,2026.02.28,山东省财政厅,地方工作文件,2026.02.28
地方法规,山东省工业和信息化厅、山东省财政厅关于开展2025年度“工赋百景”制造业数字化转型揭榜挂帅试点项目验收评审的通知,https://www.pkulaw.com/lar/6f569d1499645226243296150f9ef0b1bdfb.html,2026.02.28,山东省财政厅,地方工作文件,2026.02.28
地方法规,厦门市体育局关于成立体育领域场景建设应用和人工智能与具身,https://www.pkulaw.com/lar/e0f28aa32020a5a05b9d3e8ed56f6065bdfb.html,2026.02.27,厦门市体育局,地方工作文件,2026.02.27
地方法规,天津市科技局关于征集“天津市2026年度人工智能科技重大专项”指南建议的通知,https://www.pkulaw.com/lar/18e966d0d0468d8c4f269013bbb4b11bbdfb.html,2026.02.27,天津市科学技术局,地方工作文件,2026.02.27
地方法规,江西省工业和信息化厅关于组织开展2026年度省基础级与先进级智能工厂培育工作的通知,https://www.pkulaw.com/lar/0228b1152b2d02f90a23ae4691444d44bdfb.html,2026.02.27,江西省工业和信息化厅,地方工作文件,2026.02.27
地方法规,宁波市经济和信息化局关于开展2026年度宁波市新能源及智能网联汽车关键零部件强链补链产品认定申报的通知,https://www.pkulaw.com/lar/3d04aecfbb5f4f9e211ed293e3b9896abdfb.html,2026.02.27,宁波市经济和信息化局,地方工作文件,2026.02.27
地方法规,深圳市规划和自然资源局罗湖管理局关于公布深南东1号人工智能研发中心项目(暂定名)《建设工程规划许可证》及总平面图的通告,https://www.pkulaw.com/lar/40921dbef12702e1ceecb19292e5c40fbdfb.html,2026.02.27,深圳市规划和自然资源局罗湖管理局,地方工作文件,2026.02.27
地方法规,宁夏回族自治区商务厅、宁夏回族自治区发展和改革委员会、宁夏回族自治区公安厅、宁夏回族自治区财政厅、宁夏回族自治区市场监督管理厅、宁夏回族自治区邮政管理局、国家税务总局宁夏回族自治区税务局关于调整2026年宁夏回族自治区家电以旧换新、数码和智能产品购新补贴投放方式的公告,https://www.pkulaw.com/lar/ee84b091f486934c05d0fcafa3f2ef0dbdfb.html,2026.02.27,国家税务总局宁夏回族自治区税务局,地方工作文件,2026.02.27
地方法规,四川省财政厅关于开展数智化背景下会计相关典型案例征集工作的通知,https://www.pkulaw.com/lar/ef15c7a6dbd42a53265dd1b80353e845bdfb.html,2026.02.27,四川省财政厅,地方工作文件,2026.02.27
地方法规,江西省财政厅关于组织开展数智化背景下会计相关典型案例征集工作的通知,https://www.pkulaw.com/lar/5445d650f8c599efcbd26da3419dd78abdfb.html,2026.02.27,江西省财政厅,地方工作文件,2026.02.27
地方法规,天津市科技局关于征集“天津市2026年度未来产业科技重大专项”指南建议的通知,https://www.pkulaw.com/lar/c2e1b146f7cd2ac6fbde735ec52ee602bdfb.html,2026.02.27,天津市科学技术局,地方工作文件,2026.02.27
中央法规,上海证券交易所关于同意光大证券股份有限公司为华夏上证科创板人工智能交易型开放式指数证券投资基金提供主做市服务的公告,https://www.pkulaw.com/chl/de260438ee8be141bdfb.html,2026.02.26,上海证券交易所,行业规定,2026.02.26
地方法规,厦门市工业和信息化局关于开展2026年省级人工智能项目申报工作的通知,https://www.pkulaw.com/lar/e1adb6d475a12cea6cf09ac84ac0d25abdfb.html,2026.02.26,厦门市工业和信息化局,地方工作文件,2026.02.26
地方法规,宁德市工业和信息化局关于开展2026年省级人工智能项目申报工作的通知,https://www.pkulaw.com/lar/3a09038b9e963cc5c6c6edeb5c71d620bdfb.html,2026.02.26,宁德市工业和信息局,地方工作文件,2026.02.26
地方法规,龙港市人民政府关于印发《龙港市加快推进“人工智能+”行动实施方案(2026—2028年)》的通知,https://www.pkulaw.com/lar/2e61c4417328c056ec47f097d55a10c6bdfb.html,2026.02.26,龙港市人民政府,地方工作文件,2026.02.26
地方法规,黑龙江省工业和信息化厅关于开展2026年数字化车间和智能工厂认定申报工作的通知,https://www.pkulaw.com/lar/0ab090b71a61a0fbb384d3e1ffefa939bdfb.html,2026.02.26,黑龙江省工业和信息化厅,地方工作文件,2026.02.26
地方法规,漳州市商务局关于公布2026年数码和智能产品购新补贴活动第五批参与企业名单的通知,https://www.pkulaw.com/lar/4a260e2ef511fb94965634a039bfe434bdfb.html,2026.02.26,漳州市商务局,地方工作文件,2026.02.26
地方法规,中山市工业和信息化局关于下达2025年中山市中小企业数字化转型城市试点数字化改造项目(第七批)资助计划的通知,https://www.pkulaw.com/lar/824052d99e494739e48a2288a5f19c5bbdfb.html,2026.02.26,中山市工业和信息化局,地方工作文件,2026.02.26
地方法规,中山市工业和信息化局关于下达2026年中山市中小企业数字化转型城市试点数字化改造项目(第一批)资助计划的通知,https://www.pkulaw.com/lar/9050f91a93d62dad87283b8f4b3118b4bdfb.html,2026.02.26,中山市工业和信息化局,地方工作文件,2026.02.26
地方法规,惠州市工业和信息化局关于下达惠州市省级中小企业数字化转型城市试点专项资金(数字化改造项目专题)第五批入库项目资金安排计划的通知,https://www.pkulaw.com/lar/230d0222cb3e932dfec9f69853b69785bdfb.html,2026.02.26,惠州市工业和信息化局,地方工作文件,2026.02.26
地方法规,莆田市工业和信息化局关于征集市级产业数字化服务商的通知,https://www.pkulaw.com/lar/99b567bf721e98040cc0fa1428309714bdfb.html,2026.02.26,莆田市工业和信息化局,地方工作文件,2026.02.26
地方法规,徐州市工业和信息化局关于征集徐州市中小企业数字化转型城市试点企业的通知,https://www.pkulaw.com/lar/d75f9550b38dcc8bf420961f77cef72abdfb.html,2026.02.26,徐州市工业和信息化局,地方工作文件,2026.02.26
地方法规,上海市浦东新区发展和改革委员会关于浦东新区公安机关数字化执法办案中心及基层单位案管室一期项目可行性研究报告及概算的批复,https://www.pkulaw.com/lar/5ee656d339a5f248db3225c99c537b8dbdfb.html,2026.02.26,上海市浦东新区发展和改革委员会,地方工作文件,2026.02.26
中央法规,中国商业联合会关于邀请参加第十九届中国零售商大会暨零售商业智能设备及商品博览会的函,https://www.pkulaw.com/chl/ed3a7af185b83a15bdfb.html,2026.02.25,中国商业联合会,行业规定,2026.02.25
中央法规,深圳证券交易所关于为“南山区―高新投知识产权24号资产支持专项计划(智能制造)”提供转让服务的公告,https://www.pkulaw.com/chl/bd175766d8915d53bdfb.html,2026.02.25,深圳证券交易所,行业规定,2026.02.25
地方法规,新疆维吾尔自治区工业和信息化厅关于开展2026年度智能工厂梯度培育工作的通知,https://www.pkulaw.com/lar/5abe43a54a3e80cbcf0c15d3f9068d84bdfb.html,2026.02.25,新疆维吾尔自治区工业和信息化厅,地方工作文件,2026.02.25
地方法规,福建省工业和信息化厅关于福建骏驰轮胎有限公司高性能轮胎智能制造及综合利用项目节能报告的审查意见,https://www.pkulaw.com/lar/a0b8a4b4f50dcb705d6a4f6abb13eb2bbdfb.html,2026.02.25,福建省工业和信息化厅,地方工作文件,2026.02.25
地方法规,抚顺市人民政府关于抚顺望花新钢高炉低碳绿色智能化升级改造项目矿槽及槽前转运系统建安工程“10·24”一般高处坠落事故调查报告的批复,https://www.pkulaw.com/lar/a866b4ea9a08d7e9233719f84481c291bdfb.html,2026.02.25,抚顺市人民政府,地方工作文件,2026.02.25
地方法规,杭州市城乡建设委员会关于征集高质量数据集建设项目的通知,https://www.pkulaw.com/lar/032e827d35c4f812537d9798256b1fdfbdfb.html,2026.02.25,杭州市城乡建设委员会,地方工作文件,2026.02.25
地方法规,山东省通信管理局、山东省工业和信息化厅关于组织开展国家算力互联互通节点申报工作的通知,https://www.pkulaw.com/lar/bbe304bbf9ca83e77be9a75c2e315d31bdfb.html,2026.02.25,山东省工业和信息化厅,地方工作文件,2026.02.25
地方法规,中山市工业和信息化局关于开展2026年中山市中小企业数字化转型城市试点数字化项目(2―3月)入库申报的通知,https://www.pkulaw.com/lar/12405f01d15905db716d14abe416a7b9bdfb.html,2026.02.25,中山市工业和信息化局,地方工作文件,2026.02.25
中央法规,中国审计学会秘书处审计署审计科研所关于征集“人工智能时代的审计(2026)”专题研讨会论文的通知,https://www.pkulaw.com/chl/5fe4ecf109510159bdfb.html,2026.02.24,中国审计学会,行业规定,2026.02.24
地方法规,重庆市住房和城乡建设委员会关于印发重庆市智能建造经验做法清单(第一批)的通知,https://www.pkulaw.com/lar/d16aa6ba7e197a22ab290b3f75019c59bdfb.html,2026.02.24,重庆市住房和城乡建设委员会,地方工作文件,2026.02.24
地方法规,珠海市工业和信息化局关于组织2025年人工智能与机器人领域国家级制造业单项冠军企业项目入库工作的通知,https://www.pkulaw.com/lar/30217084c06988fe17ccc2b3b8adc8bdbdfb.html,2026.02.24,珠海市工业和信息化局,地方工作文件,2026.02.24
地方法规,福州市工业和信息化局关于福州京东方光电科技有限公司福州京东方产品升级智能化改造项目节能报告的审查意见,https://www.pkulaw.com/lar/dd33a915735b282818514648f1815161bdfb.html,2026.02.24,福州市工业和信息化局,地方工作文件,2026.02.24
地方法规,海南省人民政府办公厅关于印发《海南省推动“人工智能+”行动方案(2026—2028年)》的通知,https://www.pkulaw.com/lar/e655509b4d3f3f35bcf383c793d39bf9bdfb.html,2026.02.18,海南省人民政府,地方工作文件,2026.02.18
地方法规,河北省工业和信息化厅关于做好2026年度智能工厂梯度培育工作的通知,https://www.pkulaw.com/lar/6a437a28bde99dd1281938ba6d8a6cc1bdfb.html,2026.02.15,河北省工业和信息化厅,地方工作文件,2026.02.15
地方法规,武汉市人民政府办公厅关于印发武汉市推动“人工智能+”行动方案的通知,https://www.pkulaw.com/lar/84f14a03e370b2cd4785a650bba0446ebdfb.html,2026.02.15,武汉市人民政府,地方工作文件,2026.02.15
地方法规,厦门市人民政府办公厅关于印发厦门市进一步推动人工智能产业高质量发展若干措施的通知,https://www.pkulaw.com/lar/9fe13a5755798bebd7b7e2cb1b02cacdbdfb.html,2026.02.14,厦门市人民政府,地方规范性文件,2026.04.01
地方法规,黄山市人民政府办公室关于印发《杭黄绿色产业园新兴产业培育风险补偿资金池管理办法》的通知,https://www.pkulaw.com/lar/ad3c7a2d19aa541c008a910cbd22bfbdbdfb.html,2026.02.14,黄山市人民政府,地方规范性文件,2026.03.10
地方法规,黑龙江省人民政府关于印发《黑龙江省深入实施“人工智能+”行动的实施方案》的通知,https://www.pkulaw.com/lar/45f7cbf632afa65f24263295aa7b1e52bdfb.html,2026.02.14,黑龙江省人民政府,地方工作文件,2026.02.14
地方法规,丽水市教育局关于做好2026年上半年市级指令性(订单式)及人工智能素养提升培训项目报名工作的通知,https://www.pkulaw.com/lar/cc0d64f1a4859fd3fd331996b2b1f9d7bdfb.html,2026.02.14,丽水市教育局,地方工作文件,2026.02.14
地方法规,天津市规划和自然资源局西青分局关于公布三桥包装机械智能制造及研发基地项目总平面图的通知,https://www.pkulaw.com/lar/07aebf763634b38b2b0225482f1087c3bdfb.html,2026.02.14,天津市规划和自然资源局西青分局,地方工作文件,2026.02.14
地方法规,宿迁市商务局等5部门关于印发《2026年宿迁市家电以旧换新、数码和智能产品购新补贴活动实施细则》的通知,https://www.pkulaw.com/lar/96c567a510180ce4e9b5ababc6c2195fbdfb.html,2026.02.14,宿迁市邮政管理局,地方规范性文件,2026.02.14
地方法规,福州市商务局关于2026年政策接续期间第三批家电以旧换新、数码和智能产品购新补贴活动企业名单的公告,https://www.pkulaw.com/lar/b0187644f27cc46eb164b0ec51d4808dbdfb.html,2026.02.14,福州市商务局,地方工作文件,2026.02.14
地方法规,安徽省自然资源厅关于印发《安徽省新兴产业用地指导标准(2026年版)》的通知,https://www.pkulaw.com/lar/0b544888d45a91e272e2a3799b0af791bdfb.html,2026.02.14,安徽省自然资源厅,地方工作文件,2026.02.14
地方法规,汕头市工业和信息化局关于公布汕头市省级中小企业数字化转型城市试点数字化产品清单(第一、二批)的通知,https://www.pkulaw.com/lar/8fe66274abc0b70ebfaded3979048395bdfb.html,2026.02.14,汕头市工业和信息化局,地方工作文件,2026.02.14
地方法规,德阳市人民政府办公室关于印发《德阳市支持中小企业数字化转型城市试点若干政策措施》的通知,https://www.pkulaw.com/lar/08876236695c6ff3948c50685c345ec8bdfb.html,2026.02.13,德阳市人民政府,地方工作文件,2026.03.17
中央法规,中国证监会国际合作司关于北京深演智能科技股份有限公司境外发行上市及境内未上市股份“全流通”备案通知书,https://www.pkulaw.com/chl/cc25518b214fb5febdfb.html,2026.02.13,中国证券监督管理委员会,部门规章；部门工作文件,2026.02.13
地方法规,扬州市政府关于印发《扬州市“人工智能+”行动方案》的通知,https://www.pkulaw.com/lar/2274e95b0e2867eff7131cde7ae99160bdfb.html,2026.02.13,扬州市人民政府,地方工作文件,2026.02.13
地方法规,常州市自然资源和规划局关于“注射笔智能生产基地项目”临时使用林地的批复,https://www.pkulaw.com/lar/2ecf875101a628a62610b2644c476666bdfb.html,2026.02.13,常州市自然资源和规划局,地方工作文件,2026.02.13
地方法规,南阳市人民政府办公室关于印发南阳市推进“人工智能+”行动方案(2026—2028年)的通知,https://www.pkulaw.com/lar/8a226ad58ade8a62292d7fd540295c0abdfb.html,2026.02.13,南阳市人民政府,地方工作文件,2026.02.13
地方法规,黑龙江省人民政府办公厅关于印发《黑龙江省“人工智能＋”政务深化应用工作方案》的通知,https://www.pkulaw.com/lar/862b8eca0422a2907b9c8124e2fbd53cbdfb.html,2026.02.13,黑龙江省人民政府,地方工作文件,2026.02.13
地方法规,关于对镇江中瑞混凝土有限公司新型建材智能化生产线项目环境影响报告表的批复公告,https://www.pkulaw.com/lar/83f73b4749c6c96d08e0f03f80494be4bdfb.html,2026.02.13,镇江市生态环境局,地方工作文件,2026.02.13
地方法规,北京市医疗保险事务管理中心关于公开发布第七批智能审核规则库规则和知识点的通知,https://www.pkulaw.com/lar/61ca7520620060e3cfc760b1c45c5235bdfb.html,2026.02.13,北京市医疗保险事务管理中心,地方规范性文件,2026.02.13
地方法规,南京市商务局关于印发《2026年南京市家电以旧换新、数码和智能产品购新补贴活动实施细则》的通知,https://www.pkulaw.com/lar/31a7adf0fe8588b6957ed530ec617edfbdfb.html,2026.02.13,南京市商务局,地方规范性文件,2026.02.13
地方法规,河南省商务厅等6部门关于印发《河南省2026年家电以旧换新、数码和智能产品购新补贴实施细则》的通知,https://www.pkulaw.com/lar/4080253a8d67bd33206af966b3248665bdfb.html,2026.02.13,河南省邮政管理局,地方规范性文件,2026.02.13
地方法规,福建省商务厅等5部门关于印发《福建省2026年家电以旧换新、数码和智能产品购新补贴实施细则》的通知,https://www.pkulaw.com/lar/6d4791edf6cc5d0abfa8adf0d0e02ee8bdfb.html,2026.02.13,福建省邮政管理局,地方工作文件,2026.02.13
地方法规,成都市商务局等5部门关于落实《四川省2026年家电以旧换新、数码和智能产品购新补贴实施细则》的通知,https://www.pkulaw.com/lar/2dd509c730767a4a1691eeef1d7ef081bdfb.html,2026.02.13,成都市邮政管理局,地方规范性文件,2026.02.13
地方法规,常州市自然资源和规划局关于“恒丰高性能特种导体材料智能智造产业化及研发中心项目”临时使用林地的批复,https://www.pkulaw.com/lar/0d9ee9321346ad1d81b3dace90e1893abdfb.html,2026.02.13,常州市自然资源和规划局,地方工作文件,2026.02.13
地方法规,珠海市商务局关于印发《2026年珠海市家电以旧换新、数码和智能产品购新补贴活动工作方案》与《2026年珠海市汽车以旧换新补贴活动工作方案》的函,https://www.pkulaw.com/lar/7069deb3268ffea9c41cfe271a42557dbdfb.html,2026.02.13,珠海市商务局,地方工作文件,2026.02.13
中央法规,中华人民共和国工业和信息化部公告2026年第3号——关于批准《算力网络术语》等453项行业标准的公告,https://www.pkulaw.com/chl/45c9c54ee8a2d045bdfb.html,2026.02.13,工业和信息化部,部门规章；部门工作文件,2026.02.13
地方法规,广东省工业和信息化厅、广东省通信管理局关于开展国家算力互联互通行业节点申报工作的通知,https://www.pkulaw.com/lar/8e9f788d419fc7f1110640a48597660bbdfb.html,2026.02.13,广东省通信管理局,地方工作文件,2026.02.13
地方法规,汕头市工业和信息化局关于公布汕头市省级中小企业数字化转型城市试点专项资金(制造业数字化改造方向)第四批入库项目名单的通知,https://www.pkulaw.com/lar/badf9b37d9c9d4d1f3fc4cdd6b5d0caebdfb.html,2026.02.13,汕头市工业和信息化局,地方工作文件,2026.02.13
中央法规,工业和信息化部办公厅关于启动工业数据筑基行动开展面向人工智能赋能的高质量行业数据集建设先行先试的通知,https://www.pkulaw.com/chl/bd621234f925fad8bdfb.html,2026.02.12,工业和信息化部,部门规章；部门工作文件,2026.02.12
地方法规,福建省工业和信息化厅关于开展2026年省级人工智能项目申报工作的通知,https://www.pkulaw.com/lar/ac0d2c94c72dc9cc135c8a3470a49cdebdfb.html,2026.02.12,福建省工业和信息化厅,地方工作文件,2026.02.12
地方法规,天津市工业和信息化局关于2026年度智能工厂梯度培育有关工作安排的通知,https://www.pkulaw.com/lar/4f834120b4e9341e9039304e502542dabdfb.html,2026.02.12,天津市工业和信息化局,地方工作文件,2026.02.12
地方法规,成都市商务局关于实施2026年家电以旧换新、数码和智能产品购新补贴政策的公告,https://www.pkulaw.com/lar/308e2a0dd428c749e63a141ee4792208bdfb.html,2026.02.12,成都市商务局,地方工作文件,2026.02.12
地方法规,攀枝花市商务局关于实施2026年家电以旧换新、数码和智能产品购新补贴政策的公告,https://www.pkulaw.com/lar/75fb87a3aba0de84512ee29ddb1169afbdfb.html,2026.02.12,攀枝花市商务局,地方规范性文件,2026.02.12
地方法规,湖北省商务厅等8部门关于印发《2026年湖北省家电以旧换新和数码智能产品购新补贴工作方案》的通知,https://www.pkulaw.com/lar/f2bb91c5ea5aec48f692211a03b595b2bdfb.html,2026.02.12,湖北省供销合作总社,地方工作文件,2026.02.12
地方法规,广州市发展和改革委员会关于领为汽车智能视觉产品大湾区总部生产研发基地项目节能报告的审查意见,https://www.pkulaw.com/lar/3df7bbd55dac3cd0309c2b830f97baf7bdfb.html,2026.02.12,广州市发展和改革委员会,地方工作文件,2026.02.12
地方法规,甘肃省民政厅、甘肃省财政厅关于印发《甘肃省2026年度消费品以旧换新适老化智能家居补贴实施方案》的通知,https://www.pkulaw.com/lar/395c3651d330d778dc78385d60f07d3fbdfb.html,2026.02.12,甘肃省财政厅,地方工作文件,2026.02.12
地方法规,广西壮族自治区商务厅等5部门关于印发《2026年广西家电以旧换新、数码和智能产品购新补贴实施细则》的通知,https://www.pkulaw.com/lar/95b126c821f298b6161777e35b29b519bdfb.html,2026.02.12,广西壮族自治区邮政管理局,地方规范性文件,2026.02.12
地方法规,宁夏回族自治区商务厅关于2026年春节期间调整宁夏回族自治区家电以旧换新、数码和智能产品购新补贴有关事宜的公告,https://www.pkulaw.com/lar/d1aa672b11f2f76dc08c3a1e383984c0bdfb.html,2026.02.12,宁夏回族自治区商务厅,地方工作文件,2026.02.12
地方法规,长沙市住房和城乡建设局、长沙市财政局关于印发《长沙市建筑施工企业智能建造科技创新与新型建筑工业化引导奖补资金(建筑施工企业科技创新发展专项资金)管理办法》(试行)的通知,https://www.pkulaw.com/lar/d0fcb0a32e881327caa8b566cce27892bdfb.html,2026.02.12,长沙市财政局,地方规范性文件,2026.02.12
地方法规,合肥市工业和信息化局关于公布2025年度基础级智能工厂名单的通知,https://www.pkulaw.com/lar/250d14289d191a5d6f7807848719254fbdfb.html,2026.02.11,合肥市工业和信息化局,地方工作文件,2026.02.11
地方法规,内蒙古自治区工业和信息化厅关于开展2026年度自治区智能工厂梯度培育工作的通知,https://www.pkulaw.com/lar/5ebc827955bf88f033a647f19b607c7ebdfb.html,2026.02.11,内蒙古自治区工业和信息化厅,地方工作文件,2026.02.11
地方法规,苏州市市场监管局关于印发2026年度苏州市人工智能标准化计划项目申报指南的通知,https://www.pkulaw.com/lar/a2c6adc808776aa6041bebb2fff43bf4bdfb.html,2026.02.11,苏州市市场监督管理局,地方工作文件,2026.02.11
地方法规,湖南省住房和城乡建设厅关于发布《湖南省智能建造(建筑机器人)消耗量标准(试行)》的通知,https://www.pkulaw.com/lar/03189735cba071cedfe070440a00bcdbbdfb.html,2026.02.11,湖南省住房和城乡建设厅,地方工作文件,2026.02.11
地方法规,重庆市住房和城乡建设委员会关于征集2026年重庆市智能建造试点区县、企业和项目的通知,https://www.pkulaw.com/lar/6c9549316b52e67c288ff603dad5195bbdfb.html,2026.02.11,重庆市住房和城乡建设委员会,地方工作文件,2026.02.11
地方法规,大连数字智能粮食转运储备中心及食品深加工产业链项目填海竣工海域使用验收合格通知书,https://www.pkulaw.com/lar/c2b84c2a527b354b9cd10a1ed73e562abdfb.html,2026.02.11,辽宁省自然资源厅,地方工作文件,2026.02.11
地方法规,湖南省商务厅等5部门关于印发《湖南省2026年家电以旧换新、数码和智能产品购新补贴实施细则》的通知,https://www.pkulaw.com/lar/25f52ccccd68b406834719d0f793feabbdfb.html,2026.02.11,湖南省邮政管理局,地方规范性文件,2026.02.11
地方法规,四川省经济和信息化厅关于四川锦丰纸业股份有限公司绿色节能、智能制造技术改造项目的节能审查意见(2026),https://www.pkulaw.com/lar/5474dce6b815690de4092649f90d6677bdfb.html,2026.02.11,四川省经济和信息化厅,地方工作文件,2026.02.11
中央法规,财政部办公厅关于开展数智化背景下会计相关典型案例征集工作的通知,https://www.pkulaw.com/chl/4472286f316d16f6bdfb.html,2026.02.11,财政部,部门规章；部门工作文件,2026.02.11
地方法规,青岛市民营经济发展局、青岛市财政局关于公布青岛市中小企业数字化转型城市试点“‘链式’数字化转型典型案例”名单的通知,https://www.pkulaw.com/lar/a90011672abc27e5e9671919438f5fcfbdfb.html,2026.02.11,青岛市财政局,地方工作文件,2026.02.11
地方法规,丽水市经济和信息化局、丽水市财政局关于印发《丽水市中小企业数字化转型城市试点资金管理办法》的通知,https://www.pkulaw.com/lar/93471571e0611d20b1fde3936840b572bdfb.html,2026.02.11,丽水市财政局,地方规范性文件,2026.02.11
地方法规,漳州市商务局关于公布2026年数码和智能产品购新补贴活动第四批参与企业名单的通知,https://www.pkulaw.com/lar/fa3c018ac18313b8093355eaea4594a4bdfb.html,2026.02.10,漳州市商务局,地方工作文件,2026.02.10
地方法规,山西省商务厅关于调整春节期间家电以旧换新、数码和智能产品购新补贴活动的通告,https://www.pkulaw.com/lar/f935aaf4873028fd9ac6c1022abf4f54bdfb.html,2026.02.10,山西省商务厅,地方工作文件,2026.02.10
地方法规,银川市审批服务管理局关于印发《银川市“企业名称+经营范围”智能匹配便利化登记实施方案》的通知,https://www.pkulaw.com/lar/89be813affd227ea9864fcdd0bdf2869bdfb.html,2026.02.10,银川市审批服务管理局,地方工作文件,2026.02.10
地方法规,福州市商务局关于2026年政策接续期间第二批家电以旧换新、数码和智能产品购新补贴活动企业名单的公告,https://www.pkulaw.com/lar/c54e635639b49730d8ee4c0bd7e5bd7ebdfb.html,2026.02.10,福州市商务局,地方工作文件,2026.02.10
地方法规,湖南省工业和信息化厅、湖南省数据局关于开展湖南省算法产品、数据产品和人工智能高质量数据集摸排工作的通知,https://www.pkulaw.com/lar/c32ed870ec72cb7b69663c8b9b9ac705bdfb.html,2026.02.10,湖南省数据局,地方工作文件,2026.02.10
地方法规,重庆市人民政府办公厅关于印发《重庆市推进城市全域数字化转型行动计划》的通知,https://www.pkulaw.com/lar/0052612e5dc1056431f17d657c3e1fc5bdfb.html,2026.02.10,重庆市人民政府,地方工作文件,2026.02.10
地方法规,呼和浩特市工业和信息化局关于开展第四批中小企业数字化转型城市试点项目申报的通知,https://www.pkulaw.com/lar/3990f09f3a2c4780e962900254dbfc98bdfb.html,2026.02.10,呼和浩特市工业和信息化局,地方工作文件,2026.02.10
地方法规,漳州市工业和信息化局转发省工信厅关于开展2026年省级工业数字化转型项目申报工作的通知,https://www.pkulaw.com/lar/25f3abed4d865067c7decd2caa7dc9b0bdfb.html,2026.02.10,漳州市工业和信息化局,地方工作文件,2026.02.10
地方法规,上海市住房和城乡建设管理委员会关于批准《岩土工程监测数字化技术标准》为上海市工程建设规范的通知,https://www.pkulaw.com/lar/4b6e25689805a838a09457a2ea166407bdfb.html,2026.02.09,上海市住房和城乡建设管理委员会,地方工作文件,2026.08.01
地方法规,深圳市公安局交通管理局关于印发《深圳市公安局交通管理局智能网联汽车登记办法》的通知,https://www.pkulaw.com/lar/8c8223985dc989d4ad94aca34dd373ebbdfb.html,2026.02.09,深圳市公安局交通管理局,地方规范性文件,2026.03.01
中央法规,中国互联网协会关于发布《智能化穿透式监管技术能力要求》团体标准立项的公告,https://www.pkulaw.com/chl/ed4687e370eb471fbdfb.html,2026.02.09,中国互联网协会,行业规定,2026.02.09
中央法规,上海证券交易所关于同意国泰海通证券股份有限公司为国泰上证科创板人工智能交易型开放式指数证券投资基金提供主做市服务的公告,https://www.pkulaw.com/chl/009200d81e4a3527bdfb.html,2026.02.09,上海证券交易所,行业规定,2026.02.09
地方法规,(西青区)关于公布海源智能制造基地建设工程设计方案总平面图的通知,https://www.pkulaw.com/lar/c0422d147ceb04c2f6cf3ce7b2f0a2c8bdfb.html,2026.02.09,天津市规划和自然资源局西青分局,地方工作文件,2026.02.09
地方法规,深圳市工业和信息化局关于印发《深圳市“人工智能+”先进制造业行动计划(2026―2027年)》的通知,https://www.pkulaw.com/lar/f071dd5db77b2cdf8985fbc400c9ff38bdfb.html,2026.02.09,深圳市工业和信息化局,地方工作文件,2026.02.09
地方法规,佛山市住房和城乡建设局关于公布佛山市智能建造新技术新产品创新服务案例(第三批)的通知,https://www.pkulaw.com/lar/6cc94bd9690855cbd1cba7ed0a6df0f7bdfb.html,2026.02.09,佛山市住房和城乡建设局,地方工作文件,2026.02.09
地方法规,四川省商务厅等5部门关于印发《四川省2026年家电以旧换新、数码和智能产品购新补贴实施细则》的通知,https://www.pkulaw.com/lar/53da471443d95f77652840f88f10a281bdfb.html,2026.02.09,四川省邮政管理局,地方规范性文件,2026.02.09
地方法规,鞍山市商务局关于2026年鞍山市家电以旧换新、数码和智能产品购新补贴活动第五批拟参与经营主体名单的公告,https://www.pkulaw.com/lar/2f6dd7ade5b9dbbcce46eb12895e7c2ebdfb.html,2026.02.09,鞍山市商务局,地方工作文件,2026.02.09
地方法规,湖北省农业农村厅关于印发湖北省补短板200马力及以上无级变速高端智能拖拉机购置与应用补贴实施方案的通知,https://www.pkulaw.com/lar/951bfceed3696867df805678ae20f6e7bdfb.html,2026.02.09,湖北省农业农村厅,地方工作文件,2026.02.09
地方法规,南京市工信局关于公布南京市中小企业数字化转型城市试点数字化服务商(第二批)推荐名单的通知,https://www.pkulaw.com/lar/0314bfed6bd078447388cb07f864f753bdfb.html,2026.02.09,南京市工业和信息化局,地方工作文件,2026.02.09
地方法规,惠州市工业和信息化局关于组织开展惠州市省级中小企业数字化转型城市试点专项资金(数字化改造项目专题)第六批项目申报的通知,https://www.pkulaw.com/lar/5674bdc0dc091e3a48452a3f1f3e518fbdfb.html,2026.02.09,惠州市工业和信息化局,地方工作文件,2026.02.09
地方法规,广西壮族自治区科技厅关于公布2026年第一批广西行业垂类大模型数据训练基地名单的通知,https://www.pkulaw.com/lar/7a6dc64d7cc4aa2fa7f697b30e37455cbdfb.html,2026.02.07,广西壮族自治区科学技术厅,地方工作文件,2026.02.07
地方法规,北京市商务局关于印发《北京市2026年家电以旧换新、数码和智能产品购新补贴实施细则》的通知,https://www.pkulaw.com/lar/164944f56f0fab155e59c3ddae41b5adbdfb.html,2026.02.06,北京市商务局,地方规范性文件,2026.02.09
中央法规,国家发展改革委等部门关于加快招标投标领域人工智能推广应用的实施意见,https://www.pkulaw.com/chl/27b45d8de0898f33bdfb.html,2026.02.06,国务院国有资产监督管理委员会,部门规章；部门规范性文件,2026.02.06
中央法规,中国专利保护协会关于筹备中国专利保护协会人才培养专业委员会及AIoT智能生态专业委员会的通知,https://www.pkulaw.com/chl/56b3ffabba1236b2bdfb.html,2026.02.06,中国专利保护协会,行业规定,2026.02.06
地方法规,重庆市经济和信息化委员会关于开展2026年重庆市基础级智能工厂(数字化车间)和先进级智能工厂申报工作的通知,https://www.pkulaw.com/lar/c3ce52fb5d63339bd7b68b15cb3b226ebdfb.html,2026.02.06,重庆市经济和信息化委员会,地方工作文件,2026.02.06
地方法规,贵州省教育厅办公室关于征集全省人工智能+教育应用案例短视频的通知,https://www.pkulaw.com/lar/dfd0474bbdc1a6b6a90daf9a91e48771bdfb.html,2026.02.06,贵州省教育厅,地方工作文件,2026.02.06
地方法规,北京市经济和信息化局关于组织开展2026年度北京市先进级智能工厂(第一批)申报工作的通知,https://www.pkulaw.com/lar/9090eb6f0f748436c87a951c034f8ff1bdfb.html,2026.02.06,北京市经济和信息化局,地方工作文件,2026.02.06
地方法规,漳州市工业和信息化局转发省工信厅关于征集“小快轻准”数字化产品的通知,https://www.pkulaw.com/lar/baa61550d79e79f82ab2291e794a36a7bdfb.html,2026.02.06,漳州市工业和信息化局,地方工作文件,2026.02.06
地方法规,厦门市工业和信息化局关于开展2026年省级工业数字化转型项目申报工作的通知,https://www.pkulaw.com/lar/b4995805f4c32df73244caa00707e4f0bdfb.html,2026.02.06,厦门市工业和信息化局,地方工作文件,2026.02.06
地方法规,银川市工业和信息化局关于银川市中小企业数字化转型试点项目奖补资金申领条件的通知,https://www.pkulaw.com/lar/fcb1dd5fa124a6f73dcb0ea0315bbb4ebdfb.html,2026.02.06,银川市工业和信息化局,地方工作文件,2026.02.06
地方法规,中山市工业和信息化局关于开展2026年中山市中小企业数字化转型城市试点“链式”转型及任务达标激励项目申报的通知,https://www.pkulaw.com/lar/22f212226f1dbcee476c00bf787737eabdfb.html,2026.02.06,中山市工业和信息化局,地方工作文件,2026.02.06
地方法规,南京市工业和信息化局关于组织开展人工智能终端产品征集推广行动的通知,https://www.pkulaw.com/lar/bc15cd216aac270aaa037e0a6b4bc2c1bdfb.html,2026.02.05,南京市工业和信息化局,地方工作文件,2026.02.05
地方法规,深圳市商务局关于延长2025年全球智能机械与电子产品博览会项目申报受理时间的通知,https://www.pkulaw.com/lar/5fcbefa26df2b56d2b50fff086535e97bdfb.html,2026.02.05,深圳市商务局,地方工作文件,2026.02.05
地方法规,山东省医疗保障局对省政协十三届四次会议第13040024号《关于制定＜山东省人工智能医疗应用管理条例＞的建议》的答复,https://www.pkulaw.com/lar/6f55d79dbc0ff40bfd9f60a21e0bcb67bdfb.html,2026.02.05,山东省医疗保障局,地方工作文件,2026.02.05
地方法规,山东省教育厅、山东省科学技术厅、山东省工业和信息化厅、山东省大数据局关于印发《人工智能赋能高校科学研究高质量发展的若干措施》的通知,https://www.pkulaw.com/lar/84632bd7122db2dfe8a60c753e335a9abdfb.html,2026.02.05,山东省大数据局,地方规范性文件,2026.02.05
地方法规,深圳市工业和信息化局关于发布2026年企业技术改造扶持计划传统优势产业数字化转型项目申报指南的通知,https://www.pkulaw.com/lar/8593065d638bb1a99d69248886a99998bdfb.html,2026.02.05,深圳市工业和信息化局,地方工作文件,2026.02.05
地方法规,乌海市工业和信息化局、乌海市财政局、乌海市能源局关于印发《乌海市中小企业数字化转型城市试点专项资金使用管理办法(试行)》的通知,https://www.pkulaw.com/lar/8235591ca8d808b07e2aeb71b413263abdfb.html,2026.02.05,乌海市能源局,地方规范性文件,2026.02.05
地方法规,福建省工业和信息化厅关于印发福建省人工智能项目实施方案的通知,https://www.pkulaw.com/lar/21dfa9f40d34d6698e739c4d13803a36bdfb.html,2026.02.04,福建省工业和信息化厅,地方规范性文件,2026.02.04
地方法规,区政府办公室关于印发《武进区促进人工智能创新发展若干措施(试行)》的通知,https://www.pkulaw.com/lar/e40e36e3ddf602dcc3632efc951af5c1bdfb.html,2026.02.04,常州市武进区人民政府,地方规范性文件,2026.02.04
地方法规,厦门市工业和信息化局关于组织开展2026年先进级智能工厂申报工作的通知,https://www.pkulaw.com/lar/e3e2f6a4b6c09ef55d2aac1d8b1180c1bdfb.html,2026.02.04,厦门市工业和信息化局,地方工作文件,2026.02.04
地方法规,漳州市商务局关于公布2026年数码和智能产品购新补贴活动第三批参与企业名单的通知,https://www.pkulaw.com/lar/c8ed76efe31b922d80392d8e7f20f02dbdfb.html,2026.02.04,漳州市商务局,地方工作文件,2026.02.04
地方法规,天津市商务局关于2026年天津市家电以旧换新、数码和智能产品购新补贴活动开通线上补贴渠道的公告,https://www.pkulaw.com/lar/2b293ea964c90ea36b7f3181f1f204d9bdfb.html,2026.02.04,天津市商务局,地方工作文件,2026.02.04
地方法规,鞍山市商务局关于2026年鞍山市家电以旧换新、数码和智能产品购新补贴活动第四批参与经营主体名单的公告,https://www.pkulaw.com/lar/8352385cc2332ae2300867a364356c5abdfb.html,2026.02.04,鞍山市商务局,地方工作文件,2026.02.04
地方法规,上海市商务委等5部门关于印发《上海市2026年落实国家家电以旧换新、数码和智能产品购新补贴政策实施细则》的通知,https://www.pkulaw.com/lar/f47941f51ddcb03ed2b30bee9408e2a8bdfb.html,2026.02.04,上海市邮政管理局,地方规范性文件,2026.02.04
地方法规,上海市静安区人民政府关于批转区人力资源社会保障局《静安区关于加快推进人力资源服务业数智化转型发展的实施方案》的通知,https://www.pkulaw.com/lar/54028ad9d9e827434c35fd5709249014bdfb.html,2026.02.04,上海市静安区人民政府,地方工作文件,2026.02.04
中央法规,中国互联网协会关于发布《基于医疗健康画像的大模型能力效果评估方法》等3个团体标准立项的公告,https://www.pkulaw.com/chl/42040baae608d4ddbdfb.html,2026.02.04,中国互联网协会,行业规定,2026.02.04
地方法规,大连商品交易所关于上线会员出证申请数字化功能的通知,https://www.pkulaw.com/lar/6d9b930c04857aafced45d5e3d213a0fbdfb.html,2026.02.04,大连商品交易所,地方工作文件,2026.02.04
地方法规,南宁市工业和信息化局转发自治区工业和信息化厅关于开展2026年广西智能制造标杆企业、智能工厂(先进级智能工厂)和数字化车间(基础级智能工厂)认定工作的通知,https://www.pkulaw.com/lar/eb714f96ae6ce12e5ee82c5a3695516abdfb.html,2026.02.03,南宁市工业和信息化局,地方工作文件,2026.02.03
地方法规,北京市农业机械试验鉴定推广站关于征集蔬菜生产机械化智能化适用农机装备的通知,https://www.pkulaw.com/lar/b3036aff83685663a08bf0ced291aab8bdfb.html,2026.02.03,北京市农业机械试验鉴定推广站,地方工作文件,2026.02.03
地方法规,内蒙古自治区人力资源和社会保障厅转发关于在技工院校和职业培训机构做好《人工智能通识》教材使用工作的通知,https://www.pkulaw.com/lar/75406fe35736e0d5b1f025c88334057bbdfb.html,2026.02.03,内蒙古自治区人力资源和社会保障厅,地方工作文件,2026.02.03
地方法规,淄博市工业和信息化局关于开展淄博市第二批中小企业数字化改造服务商及数字化产品遴选工作的通知,https://www.pkulaw.com/lar/2c23bd9de1377b27fd0e035a987074a6bdfb.html,2026.02.03,淄博市工业和信息化局,地方工作文件,2026.02.03
地方法规,泉州市工业和信息化局、泉州市财政局关于组织开展泉州市中小企业数字化转型试点城市第五批试点企业申报工作的通知,https://www.pkulaw.com/lar/d2b4f4efb9a864a6f8b2eb1a86771a1cbdfb.html,2026.02.03,泉州市财政局,地方工作文件,2026.02.03
地方法规,济南市住房和城乡建设局关于加强全市房屋建筑工程关键岗位人员到岗履职数字化监管的通知,https://www.pkulaw.com/lar/059c0eec485a1ecb7d77339c8cc14ce3bdfb.html,2026.02.02,济南市住房和城乡建设局,地方工作文件,2026.03.26
地方法规,大连市律师协会关于为全市律师开通北大法宝法律检索数据库及智能产品“律AI多”账号的通知,https://www.pkulaw.com/lar/e52aaff40a07e47e03419dfd40cc7e5fbdfb.html,2026.02.02,大连市律师协会,地方工作文件,2026.02.02
地方法规,重庆市经济和信息化委员会、重庆市财政局关于印发重庆市促进实数融合推动“人工智能+制造”若干政策的通知,https://www.pkulaw.com/lar/4ff3d850a11ed13086e401bec74e932dbdfb.html,2026.02.02,重庆市财政局,地方规范性文件,2026.02.02
地方法规,江西省工业强省建设工作领导小组办公室关于公布2025年江西省未来产业先导试验区认定与培育名单的通知,https://www.pkulaw.com/lar/297b5b56e2a42d5b149d12917d7f083abdfb.html,2026.02.02,江西省工业强省建设工作领导小组办公室,地方工作文件,2026.02.02
地方法规,温州市经济和信息化局关于公布第二批温州市中小企业数字化改造服务商名单的通知,https://www.pkulaw.com/lar/d67b1f7f975567cb40c350431295dd23bdfb.html,2026.02.02,温州市经济和信息化局,地方工作文件,2026.02.02
地方法规,江苏省住房和城乡建设厅关于江苏省工程建设数字化监管系统合同归集等模块上线运行的通知,https://www.pkulaw.com/lar/d5f0c67dca675391c4441aed240faa49bdfb.html,2026.02.02,江苏省住房和城乡建设厅,地方工作文件,2026.02.02
地方法规,中山市工业和信息化局关于印发中山市中小企业数字化转型城市试点专项资金项目实施细则(2026年版)的通知,https://www.pkulaw.com/lar/2215c24a07db3a6cc5a6e73267691609bdfb.html,2026.02.02,中山市工业和信息化局,地方规范性文件,2026.02.02
地方法规,漳州市商务局关于优化线上家电以旧换新、数码和智能产品购新补贴券发放方式的公告,https://www.pkulaw.com/lar/33cee3e9938f711c7b63dc954fe739ecbdfb.html,2026.02.01,漳州市商务局,地方工作文件,2026.02.01
地方法规,长春市科学技术局关于开展“普法千问”AI数字人公益讲堂——“法治迎新春平安过大年”全民学法活动的通知,https://www.pkulaw.com/lar/997c15078c1f16a55a6c39a3378cd41abdfb.html,2026.02.01,长春市科学技术局,地方工作文件,2026.02.01
中央法规,市场监管总局公布五起人工智能领域不正当竞争典型案例,https://www.pkulaw.com/chl/3466feadab9268c3bdfb.html,2026.02,国家市场监督管理总局,部门规章；部门工作文件,2026.02
地方法规,江苏省制造业领域人工智能应用安全防护工作参考指引(2026年版),https://www.pkulaw.com/lar/e7f4cf4d1609f5d30d0fda3d26113dc7bdfb.html,2026.02,江苏省工业和信息化厅,地方工作文件,2026.02
地方法规,北京未来科学城管理委员会办公室北京市昌平区人民政府办公室关于印发《昌平区“人工智能+医药健康”产业发展实施方案(2026―2028年)》的通知,https://www.pkulaw.com/lar/48ae1ee4ef592f8ba1dd9c08a49a3890bdfb.html,2026.01.31,北京市昌平区人民政府,地方工作文件,2026.01.31
地方法规,许昌市人民政府办公室关于印发许昌市中小企业数字化转型城市试点工作方案的通知,https://www.pkulaw.com/lar/b3083aa979940045c12373e51c99d721bdfb.html,2026.01.31,许昌市人民政府,地方工作文件,2026.01.31
地方法规,贵州省大数据局关于印发贵州算力券管理办法的通知(2026修订),https://www.pkulaw.com/lar/cf43d7f0713e01265a5e9da6d31fa882bdfb.html,2026.01.30,贵州省大数据发展管理局,地方规范性文件,2026.04.01
中央法规,上海证券交易所关于同意国信证券股份有限公司为南方上证科创板人工智能交易型开放式指数证券投资基金提供主做市服务的公告,https://www.pkulaw.com/chl/46292c8d37425da1bdfb.html,2026.01.30,上海证券交易所,行业规定,2026.01.30
中央法规,上海证券交易所关于同意中国国际金融股份有限公司为南方上证科创板人工智能交易型开放式指数证券投资基金提供主做市服务的公告,https://www.pkulaw.com/chl/7feb82011dc30ca3bdfb.html,2026.01.30,上海证券交易所,行业规定,2026.01.30
地方法规,唐山市行政审批局关于准予唐山市智能制造协会成立登记的公告,https://www.pkulaw.com/lar/2d9a422a7332d92e73dd47797caa0e7bbdfb.html,2026.01.30,唐山市行政审批局,地方工作文件,2026.01.30
地方法规,天津市商务局关于2026年天津市数码和智能产品购新补贴活动细则的公告,https://www.pkulaw.com/lar/96876c19cc781b65f0a7d2c5bb43075ebdfb.html,2026.01.30,天津市商务局,地方规范性文件,2026.01.30
地方法规,宿迁市政府办公室关于印发宿迁市人工智能应用示范场景建设清单的通知,https://www.pkulaw.com/lar/03ae97be6ff02512ca1992fcd74aeb86bdfb.html,2026.01.30,宿迁市人民政府,地方工作文件,2026.01.30
地方法规,天津市商务局关于印发2026年天津市家电以旧换新、数码和智能产品购新补贴活动参与主体须知的通知,https://www.pkulaw.com/lar/ba3964c25cd2782a8cff52808ff14ee7bdfb.html,2026.01.30,天津市商务局,地方工作文件,2026.01.30
地方法规,佛山市禅城区人民政府关于张槎街道莲江路南侧、佛开高速西侧地块(村尾村顺景智能科技园)“三旧”改造项目实施方案的批复,https://www.pkulaw.com/lar/681aeef62be72bbbb861f4717337520ebdfb.html,2026.01.30,佛山市禅城区人民政府,地方工作文件,2026.01.30
地方法规,宁德市工业和信息化局关于开展2026年省级工业数字化转型项目申报工作的通知,https://www.pkulaw.com/lar/5fe4eca262cef50332f01d3f408c52d9bdfb.html,2026.01.30,宁德市工业和信息局,地方工作文件,2026.01.30
地方法规,福州市工业和信息化局关于开展2026年省级工业数字化转型项目申报工作的通知,https://www.pkulaw.com/lar/eabba29cdf6f29c914c21d4890e26f44bdfb.html,2026.01.30,福州市工业和信息化局,地方工作文件,2026.01.30
地方法规,徐州市工业和信息化局关于建立徐州市中小企业数字化转型城市试点专家库并征集入库专家的通知,https://www.pkulaw.com/lar/0db3803b7950a74468b8be09521d11cbbdfb.html,2026.01.30,徐州市工业和信息化局,地方工作文件,2026.01.30
中央法规,国家能源局综合司关于印发煤矿智能化技术升级应用试点项目名单的通知,https://www.pkulaw.com/chl/e8e6d05dfc33640dbdfb.html,2026.01.29,国家能源局,部门规章；部门工作文件,2026.01.29
地方法规,湖南省工业和信息化厅关于印发《湖南省级人工智能终端产品认定管理办法(试行)》的通知,https://www.pkulaw.com/lar/a0427c9ae35fdcd84e73f39caa4cfca0bdfb.html,2026.01.29,湖南省工业和信息化厅,地方规范性文件,2026.01.29
地方法规,漳州市商务局关于公布2026年数码和智能产品购新补贴活动第二批参与企业名单的通知,https://www.pkulaw.com/lar/e3dc3f7f98fb1e0fa09f6d4378fd37b7bdfb.html,2026.01.29,漳州市商务局,地方工作文件,2026.01.29
地方法规,重庆市交通运输委员会关于印发《重庆市“人工智能+交通运输”创新应用行动方案》的通知,https://www.pkulaw.com/lar/057d3f901567badceda20c2103bfcef9bdfb.html,2026.01.29,重庆市交通运输委员会,地方工作文件,2026.01.29
地方法规,关于对江苏海徽智能科技有限公司年产200万件五金压铸件项目环境影响报告表的批复公告,https://www.pkulaw.com/lar/628add271aace898348a7786bcbe514ebdfb.html,2026.01.29,镇江市生态环境局,地方工作文件,2026.01.29
地方法规,昆山市政府办公室关于印发昆山市推进新型工业化暨人工智能创新发展2026年行动方案的通知,https://www.pkulaw.com/lar/66d39d4a721e7ed339463526a2630ed3bdfb.html,2026.01.29,昆山市人民政府,地方工作文件,2026.01.29
地方法规,合肥市绿色智能建筑发展中心关于公布《合肥市新型墙体材料生产企业名单》的通知(2026年1月更新),https://www.pkulaw.com/lar/c7bd9f08672689b8ef4f98f2f69abefebdfb.html,2026.01.29,合肥市绿色智能建筑发展中心,地方工作文件,2026.01.29
地方法规,北京经济技术开发区管理委员会印发《关于进一步加快建设全域人工智能之城的实施方案(2026—2027年)》的通知,https://www.pkulaw.com/lar/3c799b2f45b586aa5e63b775a1c01140bdfb.html,2026.01.29,北京市经济技术开发区管理委员会,地方工作文件,2026.01.29
地方法规,重庆市商务委员会关于印发《重庆市2026年汽车以旧换新、家电以旧换新、数码和智能产品购新补贴资金审核兑付流程指引》的通知,https://www.pkulaw.com/lar/d246e2d274a3f3e5f64390074f7df6dcbdfb.html,2026.01.29,重庆市商务委员会,地方工作文件,2026.01.29
地方法规,广州市工业和信息化局关于邀请参加广东省“制造业公益法律服务万里行”活动启动仪式暨人工智能与机器人产业合规专题普法宣讲活动的通知,https://www.pkulaw.com/lar/77778d9206b299b2af7ceb00b5291eb5bdfb.html,2026.01.29,广州市工业和信息化局,地方工作文件,2026.01.29
中央法规,深圳证券交易所关于为无锡市梁溪科技城园区发展集团有限公司2026年面向专业投资者非公开发行科技创新公司债券(第一期)(专项用于未来产业)提供转让服务有关事项的通知,https://www.pkulaw.com/chl/2bc319d8b6debffdbdfb.html,2026.01.29,深圳证券交易所,行业规定,2026.01.29
地方法规,湖北省经信厅关于认定工业母机智能数控系统等省级制造业创新中心的通知,https://www.pkulaw.com/lar/cdde983cc568997ebb2a70ffb7d074edbdfb.html,2026.01.28,湖北省经济和信息化厅,地方工作文件,2026.01.28
地方法规,龙岩市工业和信息化局转发关于组织开展2026年先进级智能工厂申报工作的通知,https://www.pkulaw.com/lar/47b99f8d09865f4e264828c3bd0863e3bdfb.html,2026.01.28,龙岩市工业和信息化局,地方工作文件,2026.01.28
地方法规,鞍山市商务局关于2026年鞍山市家电以旧换新、数码和智能产品购新补贴活动第三批参与经营主体名单的公告,https://www.pkulaw.com/lar/c7ad4b9f4a0a1e7b031d506240c543f7bdfb.html,2026.01.28,鞍山市商务局,地方工作文件,2026.01.28
地方法规,重庆市交通运输委员会关于发布中心城区巡游出租汽车车载智能终端配置指引及检测指南等有关事项的通知,https://www.pkulaw.com/lar/71e5b4e74ed1f0e8abd6b3ef5cbcd2dcbdfb.html,2026.01.28,重庆市交通运输委员会,地方工作文件,2026.01.28
地方法规,青岛市民营经济发展局、青岛市财政局关于公布青岛市中小企业数字化转型城市试点“深度改造标杆企业、优秀服务商、中小企业数字化优秀解决方案和产品”名单的通知,https://www.pkulaw.com/lar/214f7cd21b72b3994a89697e9436661dbdfb.html,2026.01.28,青岛市财政局,地方工作文件,2026.01.28
地方法规,东营市工业和信息化局、东营市财政局关于印发《东营市中小企业数字化转型城市试点工作专项资金管理办法》的通知,https://www.pkulaw.com/lar/b8ff7dd2a2849d190618b9db2e2c9b37bdfb.html,2026.01.28,东营市财政局,地方规范性文件,2026.01.28
中央法规,中国互联网协会关于发布《高速公路智能安全管控系统施工与调试技术规范》团体标准立项的公告,https://www.pkulaw.com/chl/9d5f93b60e0cd73fbdfb.html,2026.01.27,中国互联网协会,行业规定,2026.01.27
地方法规,漳州市工业和信息化局转发省工信厅关于组织开展2026年先进级智能工厂申报工作的通知,https://www.pkulaw.com/lar/e351a36507043ba01c2ac80ce4cf4905bdfb.html,2026.01.27,漳州市工业和信息化局,地方工作文件,2026.01.27
地方法规,福州市商务局关于优化线上家电以旧换新、数码和智能产品购新补贴券发放方式的公告,https://www.pkulaw.com/lar/da32cf4be30f4487ed273f0f91c4c0fabdfb.html,2026.01.27,福州市商务局,地方工作文件,2026.01.27
地方法规,鞍山市商务局关于2026年鞍山市家电以旧换新、数码和智能产品购新补贴活动第二批参与经营主体名单的公告,https://www.pkulaw.com/lar/32a888a167391058147023012860e2a0bdfb.html,2026.01.27,鞍山市商务局,地方工作文件,2026.01.27
地方法规,宁波市经济和信息化局关于开展宁波市第一批高质量数据集建设揭榜挂帅申报工作的通知,https://www.pkulaw.com/lar/6ec435d52f68b7d141f014cfb54c1496bdfb.html,2026.01.27,宁波市经济和信息化局,地方工作文件,2026.01.27
中央法规,工业和信息化部办公厅关于组织开展国家算力互联互通节点建设工作的通知,https://www.pkulaw.com/chl/d918b827544ad410bdfb.html,2026.01.27,工业和信息化部,部门规章；部门工作文件,2026.01.27
地方法规,济南市工业和信息化局、济南市财政局关于中小企业数字化转型试点城市企业数字化转型项目奖补申报的通知,https://www.pkulaw.com/lar/edee25d89cdf9684df177ea84b8893b0bdfb.html,2026.01.27,济南市财政局,地方工作文件,2026.01.27
地方法规,区政府办公室关于印发宿城区“人工智能+”行动方案的通知,https://www.pkulaw.com/lar/09f4d4f6b69fa08387300b12fe329ca3bdfb.html,2026.01.26,宿迁市宿城区人民政府,地方工作文件,2026.01.26
地方法规,重庆市住房和城乡建设委员会关于征集重庆市智能施工装备专项试点的通知,https://www.pkulaw.com/lar/a60617562602d64559e262f76f20050dbdfb.html,2026.01.26,重庆市住房和城乡建设委员会,地方工作文件,2026.01.26
地方法规,北京市医疗保险事务管理中心关于公开发布第六批智能审核规则库规则和知识点的通知,https://www.pkulaw.com/lar/d051cb05e042ba0f872b13979e829f8bbdfb.html,2026.01.26,北京市医疗保险事务管理中心,地方工作文件,2026.01.26
地方法规,广东省生态环境厅关于广州优飞智能设备有限公司核技术利用迁建项目环境影响报告表的批复,https://www.pkulaw.com/lar/69f58c85c20b2f7d80a511e5f4fa6c82bdfb.html,2026.01.26,广东省生态环境厅,地方工作文件,2026.01.26
地方法规,泉州市工业和信息化局、泉州市财政局关于泉州荣祺食品有限公司等18家企业退出中小企业数字化转型试点城市试点企业的通知,https://www.pkulaw.com/lar/68022955281894389ec1a1c2f535f288bdfb.html,2026.01.26,泉州市财政局,地方工作文件,2026.01.26
地方法规,马鞍山市人民政府办公室关于印发《马鞍山市中小企业数字化转型城市试点工作方案》的通知,https://www.pkulaw.com/lar/b4eb708392a2e655bd81ed15cda045eebdfb.html,2026.01.25,马鞍山市人民政府,地方工作文件,2026.01.25
地方法规,山东省人民政府关于青岛特色芯片与智能仪器山东省实验室建设方案的批复,https://www.pkulaw.com/lar/77e8752829c910b1d0e34bd0fc6a2759bdfb.html,2026.01.24,山东省人民政府,地方工作文件,2026.01.24
中央法规,交通运输部办公厅关于印发综合交通运输大模型智能体创新应用典型案例名单(第一批)的通知,https://www.pkulaw.com/chl/2beac51d0ad6b5efbdfb.html,2026.01.23,交通运输部,部门规章；部门工作文件,2026.01.23
地方法规,广西壮族自治区工业和信息化厅关于开展2026年广西智能制造标杆企业、智能工厂(先进级智能工厂)和数字化车间(基础级智能工厂)认定工作的通知,https://www.pkulaw.com/lar/52538fb38d4f8529eff6b9f38f34bf2abdfb.html,2026.01.23,广西壮族自治区工业和信息化厅,地方工作文件,2026.01.23
地方法规,区政府办公室关于印发通州区人工智能产业发展三年行动方案(2026―2028年)的通知,https://www.pkulaw.com/lar/b32412bdcc4a84ad772fcfae19ee139dbdfb.html,2026.01.23,南通市通州区人民政府,地方工作文件,2026.01.23
地方法规,深圳市商务局关于开展《2025年全球智能机械与电子产品博览会项目》申报工作的通知,https://www.pkulaw.com/lar/81c037bd5a23daee69b01439a97317e9bdfb.html,2026.01.23,深圳市商务局,地方工作文件,2026.01.23
地方法规,厦门市商务局关于征集意向参加2026年家电以旧换新、数码和智能产品购新补贴活动参与主体的通知,https://www.pkulaw.com/lar/4cfa0ec4ef26c2d23b05008dc94654f1bdfb.html,2026.01.23,厦门市商务局,地方工作文件,2026.01.23
地方法规,厦门市人力资源和社会保障局关于批准确认洪毅强等7人工程系列人工智能专业高级专业技术职务任职资格的通知,https://www.pkulaw.com/lar/f755db019a4f08b7bb1c57d43637c9b7bdfb.html,2026.01.23,厦门市人力资源和社会保障局,地方工作文件,2026.01.23
地方法规,安徽省发展和改革委员会关于开展2026年度财政与金融协同支持新兴产业专项“免申即享”工作的通知,https://www.pkulaw.com/lar/dec7faad7aa800e34f3148b4a7f8ed76bdfb.html,2026.01.23,安徽省发展和改革委员会,地方工作文件,2026.01.23
地方法规,北京市教育委员会关于公布首届北京市大学生“人工智能+”创新大赛获奖名单的通知,https://www.pkulaw.com/lar/5752baa3c8705c6cf2d7b197e264c5abbdfb.html,2026.01.22,北京市教育委员会,地方工作文件,2026.01.22
地方法规,漳州市商务局关于公布2026年数码和智能产品购新补贴活动第一批参与企业名单的通知,https://www.pkulaw.com/lar/72d48ca8785974c2c86524a75ac7f7f5bdfb.html,2026.01.22,漳州市商务局,地方工作文件,2026.01.22
地方法规,佛山市住房和城乡建设局关于公布佛山市智能建造新技术新产品创新服务案例(第二批)的通知,https://www.pkulaw.com/lar/1b3be285b4096e08a4847807e9f1ba5bbdfb.html,2026.01.22,佛山市住房和城乡建设局,地方工作文件,2026.01.22
地方法规,滨州市商务局等5部门关于印发《滨州市2026年家电以旧换新、数码和智能产品购新补贴实施细则》的通知,https://www.pkulaw.com/lar/eb6bb60d74fd46931b693396221ea4b8bdfb.html,2026.01.22,滨州市邮政管理局,地方规范性文件,2026.01.22
地方法规,新疆维吾尔自治区工业和信息化厅关于公布自治区工业数智化转型服务商资源池入选单位名单(第一批)的通告,https://www.pkulaw.com/lar/38aabe2e55627bf70378202e13c82a3abdfb.html,2026.01.22,新疆维吾尔自治区工业和信息化厅,地方工作文件,2026.01.22
地方法规,湖南省工业和信息化厅关于组织全省规上工业企业开展制造业数字化转型通用评估的通知,https://www.pkulaw.com/lar/16b7bad7368180924f95b3cf949a8334bdfb.html,2026.01.22,湖南省工业和信息化厅,地方工作文件,2026.01.22
地方法规,佛山市应急管理局关于佛山市铝加工(深井铸造)企业安全生产数字化改造复核名单的公告(第九批),https://www.pkulaw.com/lar/3175dd74ebae401acaba266a6e0edfdcbdfb.html,2026.01.22,佛山市应急管理局,地方工作文件,2026.01.22
地方法规,上饶市工业和信息化局、上饶市财政局关于印发《上饶市中小企业数字化转型城市试点专项资金管理办法(暂行)》的通知,https://www.pkulaw.com/lar/8033c011d90c1299a0535bdaf54a700ebdfb.html,2026.01.22,上饶市财政局,地方规范性文件,2026.01.22
地方法规,天津市住房城乡建设委关于发布《天津市轨道交通工程智能建造技术规程》的通知,https://www.pkulaw.com/lar/f11df370cb9cbd2b465db52cc3f8595cbdfb.html,2026.01.21,天津市住房和城乡建设委员会(原天津市住房和城乡建设局),地方工作文件,2026.06.01
中央法规,中国互联网协会关于发布《人工智能企业动态分阶段综合评价规范》等4项团体标准立项的公告,https://www.pkulaw.com/chl/afcee938a5804cc6bdfb.html,2026.01.21,中国互联网协会,行业规定,2026.01.21
地方法规,江苏省住房和城乡建设厅关于公布第四批江苏省智能建造试点项目名单的通知,https://www.pkulaw.com/lar/b4a90cba51c66ae634bc0dec6bb7e88ebdfb.html,2026.01.21,江苏省住房和城乡建设厅,地方工作文件,2026.01.21
地方法规,南宁市工业和信息化局转发关于征集2026年广西“人工智能+制造”十大引领应用场景的通知,https://www.pkulaw.com/lar/20977bda9d6fce8f00545fade053cfb0bdfb.html,2026.01.21,南宁市工业和信息化局,地方工作文件,2026.01.21
地方法规,鞍山市商务局关于2026年鞍山市家电以旧换新、数码和智能产品购新补贴活动第一批参与经营主体名单的公告,https://www.pkulaw.com/lar/b065b8e53cacba57e5abdb03f5376c24bdfb.html,2026.01.21,鞍山市商务局,地方工作文件,2026.01.21
地方法规,北京市丰台区科学技术和信息化局关于开展丰台区支持人工智能科技创新和产业创新融合发展支持政策申报(第一批)的通知,https://www.pkulaw.com/lar/73b3c62addf9ac15a7dc89de4dd1d7a6bdfb.html,2026.01.21,北京市丰台区科学技术和信息化局,地方工作文件,2026.01.21
地方法规,广西壮族自治区商务厅关于限期补全2025“AI尚广西·金秋国际消费季”新车购车补贴申请材料的公告,https://www.pkulaw.com/lar/ae5091e9870ed16e9937c8ddbeb77f81bdfb.html,2026.01.21,广西壮族自治区商务厅,地方工作文件,2026.01.21
地方法规,北京市经济和信息化局关于征集北京市制造业数字化转型服务套餐的通知,https://www.pkulaw.com/lar/563a833d8784745738dcc410b8058fbbbdfb.html,2026.01.21,北京市经济和信息化局,地方工作文件,2026.01.21
地方法规,北京市教育委员会关于公布首批北京市人工智能应用场景标杆学校培育名单的通知,https://www.pkulaw.com/lar/a1dabd82322a5561e0a12485ae43a811bdfb.html,2026.01.20,北京市教育委员会,地方工作文件,2026.01.20
地方法规,辽宁省商务厅等5部门关于做好全省2026年家电以旧换新、数码和智能产品购新补贴工作的通知,https://www.pkulaw.com/lar/58c3c12611cfc5c0a9118561db418e8abdfb.html,2026.01.20,辽宁省邮政管理局,地方工作文件,2026.01.20
地方法规,珠海市人民政府办公室关于印发《关于依托珠海具身智能应用创新中心培育产业生态的若干措施(试行)》的通知,https://www.pkulaw.com/lar/3bb20a0a16cfc11c45b62037d7ed350bbdfb.html,2026.01.20,珠海市人民政府,地方规范性文件,2026.01.20
地方法规,黑龙江省商务厅等5部门关于印发《2026年黑龙江省家电以旧换新、数码和智能产品购新补贴实施细则》的通知,https://www.pkulaw.com/lar/54cca0f7e9fe2d4d47d0eefaca5c2a5abdfb.html,2026.01.20,黑龙江省邮政管理局,地方规范性文件,2026.01.20
地方法规,北京市人民政府办公厅关于印发《北京市全面深化“一网通办”推进政务服务数智化发展行动计划(2026—2027年)》的通知,https://www.pkulaw.com/lar/614426ca0c3cb5c7318d20e4cb96cb9dbdfb.html,2026.01.20,北京市人民政府,地方工作文件,2026.01.20
地方法规,重庆市住房和城乡建设委员会关于发布住建领域AI应用典型案例(第二批)的通知,https://www.pkulaw.com/lar/0e714254f6056f10ce42df63fb65a89fbdfb.html,2026.01.20,重庆市住房和城乡建设委员会,地方工作文件,2026.01.20
地方法规,宁波市经济和信息化局关于印发《宁波市高质量数据集建设评价体系指引(试行)》的通知,https://www.pkulaw.com/lar/202df95e4db8f0b78ec7307536af4bf8bdfb.html,2026.01.20,宁波市经济和信息化局,地方工作文件,2026.01.20
中央法规,中国证监会关于同意南昌三瑞智能科技股份有限公司首次公开发行股票注册的批复,https://www.pkulaw.com/chl/a97b44357178f1dcbdfb.html,2026.01.19,中国证券监督管理委员会,部门规章；行政许可批复,2026.01.19
地方法规,佛山市住房和城乡建设局关于表扬有关单位积极推广应用智能建造技术的通知,https://www.pkulaw.com/lar/5a4947d789b8bc7b5e0528299bf9c627bdfb.html,2026.01.19,佛山市住房和城乡建设局,地方工作文件,2026.01.19
地方法规,北京市教育委员会关于公布第二批高等教育人工智能典型应用场景培育名单的通知,https://www.pkulaw.com/lar/adb7512601933b66f4ff5f2b7a763b96bdfb.html,2026.01.19,北京市教育委员会,地方工作文件,2026.01.19
地方法规,泉州市自然资源和规划局关于变更匹克体育智能制造基地项目建设工程规划许可的函,https://www.pkulaw.com/lar/aeac0e81ecbbd757b8e2edcab3bf47fabdfb.html,2026.01.19,泉州市自然资源和规划局,地方工作文件,2026.01.19
地方法规,广州市黄埔区工业和信息化局关于组织申报新量产上市车型扶持(智能网联与新能源汽车产业政策)的通知,https://www.pkulaw.com/lar/094b38223bfb55dcc14b770da52fe35abdfb.html,2026.01.19,广州市黄埔区工业和信息化局,地方规范性文件,2026.01.19
地方法规,河北省工业和信息化厅关于开展人工智能产业摸底调查的通知,https://www.pkulaw.com/lar/5e0d5b110b980c149424e79a04ae9ef5bdfb.html,2026.01.18,河北省工业和信息化厅,地方工作文件,2026.01.18
地方法规,南通市政府办公室关于印发南通市推进“人工智能+制造”行动方案的通知,https://www.pkulaw.com/lar/68c72e262068c36a9a5b1205740be609bdfb.html,2026.01.18,南通市人民政府,地方工作文件,2026.01.18
地方法规,武汉市商务局关于启动2026年家电、数码智能产品消费品以旧换新补贴活动的公告,https://www.pkulaw.com/lar/b44fd9b2a37ab80c18eece0520073014bdfb.html,2026.01.16,武汉市商务局,地方工作文件,2026.01.16
地方法规,天津市商务局关于公开征集2026年天津市家电以旧换新、数码和智能产品购新补贴活动品牌方的通知,https://www.pkulaw.com/lar/f4da79fdcbab9b929f0c240d49e07457bdfb.html,2026.01.16,天津市商务局,地方工作文件,2026.01.16
地方法规,天津市商务局关于公开征集2026年天津市家电以旧换新、数码和智能产品购新补贴活动销售主体的通知,https://www.pkulaw.com/lar/1c0ea46235177500e905c83233ed94a2bdfb.html,2026.01.16,天津市商务局,地方工作文件,2026.01.16
地方法规,宁夏回族自治区商务厅关于调整宁夏回族自治区2026年家电以旧换新、数码和智能产品购新补贴方式有关事宜的公告,https://www.pkulaw.com/lar/7b625ad90665f1ac7aabdcf10c87fb9bbdfb.html,2026.01.16,宁夏回族自治区商务厅,地方工作文件,2026.01.16
地方法规,淄博市商务局、淄博市发展和改革委员会、淄博市财政局、淄博市市场监督管理局、淄博市邮政管理局关于印发《淄博市2026年家电以旧换新、数码和智能产品购新补贴实施细则》的通知,https://www.pkulaw.com/lar/20ba1fd6e05a4cb60beab3463dc81567bdfb.html,2026.01.16,淄博市邮政管理局,地方规范性文件,2026.01.16
地方法规,扬州市生态环境局关于扬州新东~云谷、仪征~电信T接中耘220千伏线路工程(扬州中耘文化数字化绿色算力基地项目配套220千伏接入工程)环境影响报告表的批复,https://www.pkulaw.com/lar/24d6aa49b03028d55ae0dfbff7c851afbdfb.html,2026.01.16,扬州市生态环境局,地方工作文件,2026.01.16
地方法规,上饶市工业和信息化局关于印发《上饶市中小企业数字化转型城市试点服务商管理办法》的通知,https://www.pkulaw.com/lar/bdc05473f43eeb89411b96e7f7d2eeb8bdfb.html,2026.01.16,上饶市工业和信息化局,地方规范性文件,2026.01.16
中央法规,上海证券交易所关于同意国泰海通证券股份有限公司为摩根中证科创创业人工智能交易型开放式指数证券投资基金提供主做市服务的公告,https://www.pkulaw.com/chl/7cfba6c2c1d6b5ecbdfb.html,2026.01.15,上海证券交易所,行业规定,2026.01.15
地方法规,南京市人工智能(软件)产业攻坚办(南京市工业和信息化局)南京市数据局、南京市发展和改革委员会关于开展2026年南京市“人工智能+”典型应用场景征集工作的通知,https://www.pkulaw.com/lar/6e0db49f5bf687e81f0ed01c425c8a4dbdfb.html,2026.01.15,南京市发展和改革委员会,地方工作文件,2026.01.15
地方法规,南京市工业和信息化局关于组织开展2026年省先进级智能工厂申报工作的通知,https://www.pkulaw.com/lar/2c983329d127c08544af5469d81401e0bdfb.html,2026.01.15,南京市工业和信息化局,地方工作文件,2026.01.15
地方法规,北京市经济和信息化局关于发布2025年北京市先进级智能工厂(第三批)名单的通知,https://www.pkulaw.com/lar/04853f93a5c8405855482bafc38c8299bdfb.html,2026.01.15,北京市经济和信息化局,地方工作文件,2026.01.15
地方法规,淄博市商务局关于公布淄博市2026年家电以旧换新数码和智能产品购新政策参与主体名单的公告,https://www.pkulaw.com/lar/d44e87081d2b0f5d82b0fe83d67b8e2abdfb.html,2026.01.15,淄博市商务局,地方工作文件,2026.01.15
地方法规,山东省工业和信息化厅关于开展2026年度领航级、卓越级和先进级智能工厂入库培育工作的通知,https://www.pkulaw.com/lar/8285a38c3e624795d4f7ae97540b3b14bdfb.html,2026.01.15,山东省工业和信息化厅,地方工作文件,2026.01.15
地方法规,内蒙古自治区商务厅、内蒙古自治区发展和改革委员会、内蒙古自治区财政厅、内蒙古自治区市场监督管理局、内蒙古自治区邮政管理局关于印发《内蒙古自治区家电以旧换新、数码和智能产品购新补贴实施细则》的通知,https://www.pkulaw.com/lar/7b6f2e50a5a1510af025746fda44c309bdfb.html,2026.01.15,内蒙古自治区邮政管理局,地方规范性文件,2026.01.15
地方法规,乌兰察布市人民政府办公室关于印发《乌兰察布市制造业数字化转型试点项目实施方案》的通知,https://www.pkulaw.com/lar/9b140c469961a43daff166786c545352bdfb.html,2026.01.15,乌兰察布市人民政府,地方工作文件,2026.01.15
地方法规,云南省医疗保障局关于公开发布第二批智能监管“两库”规则和知识点的公告,https://www.pkulaw.com/lar/81196e16c25660bbeaf113e01229e6bdbdfb.html,2026.01.14,云南省医疗保障局,地方工作文件,2026.01.14
地方法规,江苏省工业和信息化厅关于组织开展2026年江苏省先进级智能工厂申报工作的通知,https://www.pkulaw.com/lar/d5a0251ecf0063b1b97a4c57ba1e7b8fbdfb.html,2026.01.14,江苏省工业和信息化厅,地方工作文件,2026.01.14
地方法规,深圳市工业和信息化局关于印发《深圳市打造人工智能OPC创业生态引领地行动计划(2026—2027年)》的通知,https://www.pkulaw.com/lar/628172e58059546582edfbd5fee01a5dbdfb.html,2026.01.14,深圳市工业和信息化局,地方工作文件,2026.01.14
地方法规,上海市浦东新区发展和改革委员会关于张江人工智能岛慢行系统智慧河人行桥新建工程项目概算的批复,https://www.pkulaw.com/lar/f545c2a899728677d50a73020581d615bdfb.html,2026.01.14,上海市浦东新区发展和改革委员会,地方工作文件,2026.01.14
地方法规,宁夏回族自治区商务厅等7部门关于印发《宁夏回族自治区2026年家电以旧换新、数码和智能产品购新补贴实施细则》的通知,https://www.pkulaw.com/lar/824e3ced29dd94d36de4b0ba2ed974b4bdfb.html,2026.01.14,国家税务总局宁夏回族自治区税务局,地方规范性文件,2026.01.14
地方法规,鸡西市推动中小企业数字化转型工作专班办公室关于第三批遴选中小企业数字化转型改造服务商的通知,https://www.pkulaw.com/lar/5213854378ea822ceed6715d829a4a96bdfb.html,2026.01.14,鸡西市推动中小企业数字化转型工作专班办公室,地方工作文件,2026.01.14
地方法规,中山市工业和信息化局关于下达2025年中山市中小企业数字化转型城市试点数字化改造项目(第六批)资助计划的通知,https://www.pkulaw.com/lar/1f05a9b8fde89afa9ba4e0ea4717208abdfb.html,2026.01.14,中山市工业和信息化局,地方工作文件,2026.01.14
地方法规,杭州市经济和信息化局(杭州市数字经济局)关于印发杭州市加快发展人工智能终端产业行动方案(2026—2027年)的通知,https://www.pkulaw.com/lar/ce08b5c50fb2ac2d82dc4433ee293cfabdfb.html,2026.01.13,杭州市数字经济局,地方工作文件,2026.03.13
地方法规,北京市医疗保险事务管理中心关于公开发布第五批智能审核规则库规则和知识点的通知,https://www.pkulaw.com/lar/4fa329da35ece418f6fa265fbc998240bdfb.html,2026.01.13,北京市医疗保险事务管理中心,地方工作文件,2026.01.13
地方法规,南宁市律师协会转发广西律师协会关于组建律师行业人工智能建设委员会仲裁与调解专业委员会的通知,https://www.pkulaw.com/lar/1d41ba89888a3156ef1904e7f367f1bbbdfb.html,2026.01.13,南宁市律师协会,地方工作文件,2026.01.13
地方法规,浙江省人民政府关于同意设立宁波职业技术大学萨拉曼卡智能工程联合学院等2个中外合作办学机构的批复,https://www.pkulaw.com/lar/ec0de5d72af9215cc92543705a57d73dbdfb.html,2026.01.13,浙江省人民政府,地方工作文件,2026.01.13
地方法规,广东省生态环境厅关于戴世智能(广东)服饰有限公司等14家企业危险废物跨省转移事项的批复(江门市嘉盛环保有限公司),https://www.pkulaw.com/lar/02f646acd03120e31f54f88ce7fda67ebdfb.html,2026.01.13,广东省生态环境厅,地方规范性文件,2026.01.13
地方法规,广东省生态环境厅关于戴世智能(广东)服饰有限公司等14家企业危险废物跨省转移事项的批复(中科(广东)炼化有限公司),https://www.pkulaw.com/lar/5fd4be133b56083fc254a53ac6b475f8bdfb.html,2026.01.13,广东省生态环境厅,地方规范性文件,2026.01.13
地方法规,广东省生态环境厅关于戴世智能(广东)服饰有限公司等14家企业危险废物跨省转移事项的批复(佛山市壹悟环保科技有限公司),https://www.pkulaw.com/lar/6428772e26cc12027f14676a50881581bdfb.html,2026.01.13,广东省生态环境厅,地方规范性文件,2026.01.13
地方法规,广东省生态环境厅关于戴世智能(广东)服饰有限公司等14家企业危险废物跨省转移事项的批复(韶关市晟沣环境科技有限公司),https://www.pkulaw.com/lar/376ce0601835abe84e3d9e480638cd08bdfb.html,2026.01.13,广东省生态环境厅,地方规范性文件,2026.01.13
地方法规,广东省生态环境厅关于戴世智能(广东)服饰有限公司等14家企业危险废物跨省转移事项的批复(惠州市宏裕晟环境科技有限公司),https://www.pkulaw.com/lar/913d7b1e13de8db121291672a116089fbdfb.html,2026.01.13,广东省生态环境厅,地方规范性文件,2026.01.13
地方法规,广东省生态环境厅关于戴世智能(广东)服饰有限公司等14家企业危险废物跨省转移事项的批复(广东飞南资源利用股份有限公司),https://www.pkulaw.com/lar/31a976f3e604b6ff62dd56245d58ffd9bdfb.html,2026.01.13,广东省生态环境厅,地方工作文件,2026.01.13
地方法规,广东省生态环境厅关于戴世智能(广东)服饰有限公司等14家企业危险废物跨省转移事项的批复(广东红荔枝新材料科技有限公司),https://www.pkulaw.com/lar/f75a696abdaf68035bf45508026f3b1cbdfb.html,2026.01.13,广东省生态环境厅,地方规范性文件,2026.01.13
地方法规,广东省生态环境厅关于戴世智能(广东)服饰有限公司等14家企业危险废物跨省转移事项的批复(河源德润钢铁有限公司(业务办理号：HW202512180101359)),https://www.pkulaw.com/lar/24ddedd7f202e83e056e0df9399c2019bdfb.html,2026.01.13,广东省生态环境厅,地方规范性文件,2026.01.13
地方法规,上海市经济信息化委关于组织开展上海市未来产业试验场和加速器申报工作的通知,https://www.pkulaw.com/lar/0e660eaab26fb2e24ac98a1b7da1260bbdfb.html,2026.01.13,上海市经济和信息化委员会,地方工作文件,2026.01.13
地方法规,南昌市中小企业服务局关于做好国家中小企业数字化转型试点企业数字化改造政策兑现工作(第二批第三轮次)的通知,https://www.pkulaw.com/lar/1470b049b6c5c50ce24b20ecf48e8831bdfb.html,2026.01.13,南昌市中小企业局,地方工作文件,2026.01.13
地方法规,佛山市工业和信息化局关于印发佛山市中小企业数字化转型城市试点专项资金项目实施细则的通知,https://www.pkulaw.com/lar/6cc82a1961e03e142a6f795ac6f77e6bbdfb.html,2026.01.13,佛山市工业和信息化局,地方规范性文件,2026.01.13
中央法规,全国网络安全标准化技术委员会秘书处关于发布《网络安全标准实践指南——人工智能加速芯片安全功能技术规范》的通知,https://www.pkulaw.com/chl/f3eb972f8c019129bdfb.html,2026.01.12,全国网络安全标准化技术委员会,部门规章；部门工作文件,2026.01.12
地方法规,关于联宏智能科技(江苏)有限公司年产100整套智能轮胎装备制造项目环境影响报告表的批复,https://www.pkulaw.com/lar/27ce62f6f530e838fba23f6ab1f73872bdfb.html,2026.01.12,淮安市洪泽区人民政府（原洪泽县人民政府）,地方工作文件,2026.01.12
地方法规,南宁市自然资源局关于停止广西正确智能科技股份有限公司测绘活动的通告,https://www.pkulaw.com/lar/a783a6e70faa94986c32b717137c29f6bdfb.html,2026.01.12,南宁市自然资源局,地方工作文件,2026.01.12
地方法规,太原市商务局关于开展2026年家电以旧换新和数码智能产品购新参与主体征集工作的补充通知,https://www.pkulaw.com/lar/4c22492930bd8b6a660cc043dd071a78bdfb.html,2026.01.12,太原市商务局,地方工作文件,2026.01.12
地方法规,广西壮族自治区律师协会关于组建律师行业人工智能建设委员会仲裁与调解专业委员会的通知,https://www.pkulaw.com/lar/c9520b7c16289ef73620e67b7fa5afb3bdfb.html,2026.01.12,广西壮族自治区律师协会,地方工作文件,2026.01.12
地方法规,合肥市科学技术局关于组织申报合肥市2025年度第二批科技攻关“揭榜挂帅”人工智能领域项目的通知,https://www.pkulaw.com/lar/86880ebf3bc4d1831afa20f86972d98fbdfb.html,2026.01.12,合肥市科学技术局,地方工作文件,2026.01.12
地方法规,漳州市商务局关于征集漳州市2026年家电以旧换新、数码和智能产品购新补贴活动参与企业的公告,https://www.pkulaw.com/lar/87ef661f989502ccfe5f23fd1f45de2abdfb.html,2026.01.12,漳州市商务局,地方工作文件,2026.01.12
地方法规,中山市工业和信息化局、中山市公安局、中山市交通运输局关于印发中山市智能网联汽车道路测试与示范应用实施细则(试行)的通知,https://www.pkulaw.com/lar/aa56cd83a261062068884af484bcbcc8bdfb.html,2026.01.12,中山市交通运输局,地方规范性文件,2026.01.12
地方法规,中山市工业和信息化局关于开展2026年中山市中小企业数字化转型城市试点数字化改造项目备案工作的通知,https://www.pkulaw.com/lar/9236417c7c564c60696d8324b218af45bdfb.html,2026.01.12,中山市工业和信息化局,地方工作文件,2026.01.12
地方法规,湖南省工业和信息化厅关于公布湖南省中小企业数字化转型典型案例(2025)名单的通知,https://www.pkulaw.com/lar/14a3828574e0a40fb94c3c3d90dc52ffbdfb.html,2026.01.12,湖南省工业和信息化厅,地方工作文件,2026.01.12
地方法规,河北省工业和信息化厅关于公布河北省制造业数字化转型服务商资源池名单(2026年)的通知,https://www.pkulaw.com/lar/8c375ea0706e61ced2cf999a59f915e7bdfb.html,2026.01.12,河北省工业和信息化厅,地方工作文件,2026.01.12
地方法规,金华市经济和信息化局关于印发《金华市中小企业数字化转型城市试点中央资金预拨付实施指引》的通知,https://www.pkulaw.com/lar/d68e6117a75dc1ea8e23bf3738917477bdfb.html,2026.01.12,金华市经济和信息化局,地方工作文件,2026.01.12
中央法规,民用无人驾驶航空器空域信息数字化技术要求第1部分：编码及使用,https://www.pkulaw.com/chl/082d86aec4d7262dbdfb.html,2026.01.11,中国民用航空局,部门规章；部门工作文件,2026.02.01
地方法规,上海市经济信息化委关于组织2026年上海市制造业智能化发展项目申报的通知,https://www.pkulaw.com/lar/45821c079add45bf1900812390cd7fd9bdfb.html,2026.01.10,上海市经济和信息化委员会,地方工作文件,2026.01.10
地方法规,广东省人民政府办公厅关于印发广东省人工智能赋能交通运输高质量发展若干政策措施的通知,https://www.pkulaw.com/lar/66f4d730a4b31a09f0a0dfd880472a8ebdfb.html,2026.01.10,广东省人民政府,地方规范性文件,2026.01.10
中央法规,中国互联网协会、中国老龄产业协会、中国助残志愿者协会关于征集共建中国互联网惠老助残智能应用生态合作伙伴的通知,https://www.pkulaw.com/chl/59253cfc171b3730bdfb.html,2026.01.09,中国助残志愿者协会,团体规定,2026.01.09
地方法规,上海市经济信息化委关于印发《2025年度上海市先进级智能工厂名单》的通知,https://www.pkulaw.com/lar/33f54a888f8c4814c6a5a7328e10bb0bbdfb.html,2026.01.09,上海市经济和信息化委员会,地方工作文件,2026.01.09
地方法规,佛山市住房和城乡建设局关于公布佛山市智能建造新技术新产品创新服务案例(第一批)的通知,https://www.pkulaw.com/lar/6b3b3069ed5b97acec6ff764fc2f419bbdfb.html,2026.01.09,佛山市住房和城乡建设局,地方工作文件,2026.01.09
地方法规,扬州市生态环境局关于海同智能科技(扬州)有限公司新建固定式X射线探伤项目环境影响报告表的批复,https://www.pkulaw.com/lar/1cddafcb070eb73672f08ae6f5ea3955bdfb.html,2026.01.09,扬州市生态环境局,地方工作文件,2026.01.09
地方法规,广西壮族自治区商务厅关于将停止上传2025“AI尚广西·金秋国际消费季”新车购车补贴活动材料的公告,https://www.pkulaw.com/lar/e253b12d1368656f946303df738fe13cbdfb.html,2026.01.09,广西壮族自治区商务厅,地方工作文件,2026.01.09
地方法规,重庆市经济和信息化委员会、中共重庆市委金融委员会办公室、重庆市发展和改革委员会、重庆市教育委员会、重庆市科学技术局、重庆市财政局、重庆市人力资源和社会保障局、重庆市国有资产监督管理委员会、重庆市知识产权局、中国人民银行重庆市分行关于印发重庆市未来产业培育发展若干政策措施的通知,https://www.pkulaw.com/lar/21d6e43437636834f69f2dd6d720618dbdfb.html,2026.01.09,中国人民银行重庆市分行,地方规范性文件,2026.01.09
地方法规,蚌埠市促进智能传感产业发展条例,https://www.pkulaw.com/lar/97d8ea7de10d5483783874bb5717e351bdfb.html,2026.01.08,蚌埠市人大(含常委会),地方性法规；设区的市地方性法规,2026.03.01
地方法规,山西省2026年家电以旧换新、数码和智能产品购新补贴通告,https://www.pkulaw.com/lar/960e23bf76c46f9b00b14d63129a4578bdfb.html,2026.01.08,山西省商务厅,地方工作文件,2026.01.08
地方法规,哈尔滨市科学技术局关于征集航空航天领域人工智能技术应用需求清单的通知,https://www.pkulaw.com/lar/b4a11b60229802495d6a42a2f8cccb72bdfb.html,2026.01.08,哈尔滨市科学技术局,地方工作文件,2026.01.08
地方法规,崇左市服务业和商务口岸局关于启动2026年家电以旧换新和数码智能产品购新补贴活动的公告,https://www.pkulaw.com/lar/f410283c4e377094866cc641134ff42ebdfb.html,2026.01.08,崇左市服务业和商务口岸局,地方工作文件,2026.01.08
地方法规,大连市商务局关于征集2026年度大连市实施家电以旧换新、数码和智能产品购新补贴活动参与商户的通知,https://www.pkulaw.com/lar/9c91f1b664bbd894ea32d228ebbf8404bdfb.html,2026.01.08,大连市商务局,地方工作文件,2026.01.08
地方法规,重庆市大数据应用发展管理局、重庆市科学技术局关于发布重庆市2025年度人工智能应用场景典型案例的公告,https://www.pkulaw.com/lar/840a0ea8da98ca32c5b0599c4e933be7bdfb.html,2026.01.08,重庆市科学技术局(原重庆市科学技术委员会),地方工作文件,2026.01.08
地方法规,漳州市工业和信息化局关于公布漳州市中小企业数字化转型城市试点第一批数字化服务商名单的通知,https://www.pkulaw.com/lar/3102906da830522669e8c8966233f834bdfb.html,2026.01.08,漳州市工业和信息化局,地方工作文件,2026.01.08
地方法规,南昌市中小企业服务局关于公布南昌市中小企业数字化转型城市试点样板企业名单的通知,https://www.pkulaw.com/lar/45a0651c0b377789c4a107d489657ae7bdfb.html,2026.01.08,南昌市中小企业局,地方工作文件,2026.01.08
地方法规,漳州市工业和信息化局关于公布漳州市第一批中小企业数字化转型试点城市试点企业的通知,https://www.pkulaw.com/lar/6a1770e5793291458b7d5fc822976ae2bdfb.html,2026.01.08,漳州市工业和信息化局,地方工作文件,2026.01.08
地方法规,漳州市工业和信息化局关于常态化开展中小企业数字化转型试点城市试点企业项目备案的通知,https://www.pkulaw.com/lar/3db466de355d8d76911e8516bcacb8c0bdfb.html,2026.01.08,漳州市工业和信息化局,地方工作文件,2026.01.08
地方法规,珠海市科技创新局关于开展珠海市人工智能产业情况调查的通知,https://www.pkulaw.com/lar/95146c4598287f2b4bd601fc51858955bdfb.html,2026.01.07,珠海市科技创新局,地方工作文件,2026.01.07
地方法规,佛山市交通运输局关于智能网联汽车远程示范应用区域、时段的公告(第二批),https://www.pkulaw.com/lar/50739674398abc70e0f8b9265c43a8dfbdfb.html,2026.01.07,佛山市交通运输局,地方工作文件,2026.01.07
地方法规,北京市经济和信息化局关于征集人工智能赋能新型工业化高质量数据集需求的通知,https://www.pkulaw.com/lar/a8705beecb3b2366ce5a07d148eb39cdbdfb.html,2026.01.07,北京市经济和信息化局,地方工作文件,2026.01.07
地方法规,烟台市商务局关于征集烟台市2026年数码和智能产品购新补贴活动参与市场主体的通知,https://www.pkulaw.com/lar/7b2c225f0b816ebebbe0697d829c8772bdfb.html,2026.01.07,烟台市商务局,地方工作文件,2026.01.07
地方法规,广西壮族自治区工业和信息化厅关于征集2026年广西“人工智能＋制造”十大引领应用场景的通知,https://www.pkulaw.com/lar/a96237d28ac09a374a158e92b25f15efbdfb.html,2026.01.07,广西壮族自治区工业和信息化厅,地方工作文件,2026.01.07
地方法规,合肥市科学技术局关于下达2025年第一批科技攻关“揭榜挂帅”人工智能领域项目立项计划的通知,https://www.pkulaw.com/lar/3644154c8e4f8af588aaa9ffc2325dbbbdfb.html,2026.01.07,合肥市科学技术局,地方工作文件,2026.01.07
地方法规,厦门市发展和改革委员会关于厦门新建智能化两片罐生产基地项目电力外线工程可行性研究报告带概算的批复,https://www.pkulaw.com/lar/d7972580d3c0b119f71f65437bca7a50bdfb.html,2026.01.07,厦门市发展和改革委员会,地方工作文件,2026.01.07
地方法规,海南省科学技术厅关于省院士创新平台科研项目“长寿命智能FRP海水海砂混凝土结构关键技术”等2个项目验收结果的通知,https://www.pkulaw.com/lar/ad7e373c1898c3fd135cc0e0382bd9debdfb.html,2026.01.07,海南省科学技术厅,地方工作文件,2026.01.07
地方法规,中关村科技园区朝阳园管理委员会(北京市朝阳区科学技术和信息化局)关于印发《北京市朝阳区促进智能机器人产业创新发展若干措施》的通知,https://www.pkulaw.com/lar/00f1ce35e7f63459af2e4d824fc4320abdfb.html,2026.01.07,中关村科技园区朝阳园管理委员会,地方规范性文件,2026.01.07
地方法规,青岛市民营经济发展局关于延长申报青岛市中小企业数字化转型城市试点“深度改造标杆企业、优秀服务商、中小企业数字化优秀解决方案和产品、‘链式’数字化转型典型案例”的通知,https://www.pkulaw.com/lar/5b4072ad1fcc5b8be336237602046ff0bdfb.html,2026.01.07,青岛市民营经济发展局,地方工作文件,2026.01.07
地方法规,南京市工业和信息化局关于明确南京市中小企业数字化转型城市试点企业第一批奖补时间节点等要求的通知,https://www.pkulaw.com/lar/aeed22d3a4ff7ca82a4eaa8dd9bae5e5bdfb.html,2026.01.07,南京市工业和信息化局,地方工作文件,2026.01.07
地方法规,甘肃省人民政府关于印发深入实施“人工智能+”行动方案的通知,https://www.pkulaw.com/lar/a0acf24772f9b8ee16e8c8e8ac764818bdfb.html,2026.01.06,甘肃省人民政府,地方工作文件,2026.01.06
地方法规,济宁市商务局关于征集家电以旧换新、数码和智能产品购新活动参与主体的通知,https://www.pkulaw.com/lar/0e1b844acad23ee74864ecaa136d93a1bdfb.html,2026.01.06,济宁市商务局,地方工作文件,2026.01.06
地方法规,宁波市经济和信息化局关于开展2025年度宁波市智能工厂、数字化车间评定工作的通知,https://www.pkulaw.com/lar/2add3ded554638e8c91ae90a80d9b21fbdfb.html,2026.01.06,宁波市经济和信息化局,地方工作文件,2026.01.06
地方法规,广东省生态环境厅关于戴世智能(广东)服饰有限公司等14家企业危险废物跨省转移事项的批复,https://www.pkulaw.com/lar/5e20cc62f439ed3d1af84f54c4f0d085bdfb.html,2026.01.06,广东省生态环境厅,地方工作文件,2026.01.06
地方法规,深圳市发展和改革委员会关于印发《深圳市发展和改革委员会战略性新兴产业专项资金操作规程》的通知,https://www.pkulaw.com/lar/84a1249e78d74de406026d4059e99516bdfb.html,2026.01.06,深圳市发展和改革委员会,地方规范性文件,2026.01.19
地方法规,汕头市工业和信息化局关于征集汕头市省级中小企业数字化转型城市试点数字化产品(第四批)的通知,https://www.pkulaw.com/lar/bb65037be1add0a9089d2e895e579188bdfb.html,2026.01.06,汕头市工业和信息化局,地方工作文件,2026.01.06
地方法规,西安市工业和信息化局关于组织数字化转型改造试点企业(项目)入库工作的通知,https://www.pkulaw.com/lar/e6dc8b08507bc7ca14966e9a26631074bdfb.html,2026.01.06,西安市工业和信息化局,地方工作文件,2026.01.06
地方法规,重庆市商务委员会关于调整2026年春节前后家电以旧换新、数码和智能产品购新补贴资格券发放规则的通知,https://www.pkulaw.com/lar/941e132547a149946306afa1c983d20abdfb.html,2026.01.05,重庆市商务委员会,地方工作文件,2026.01.09
中央法规,工业和信息化部办公厅、国家药品监督管理局综合和规划财务司关于公布2025年人工智能医疗器械创新任务揭榜挂帅入围单位的通知,https://www.pkulaw.com/chl/1943e2efaaf11f52bdfb.html,2026.01.05,国家药品监督管理局(已变更),部门规章；部门工作文件,2026.01.05
中央法规,上海证券交易所关于同意国泰海通证券股份有限公司为工银瑞信中证科创创业人工智能交易型开放式指数证券投资基金提供主做市服务的公告,https://www.pkulaw.com/chl/9029f73595ef37b2bdfb.html,2026.01.05,上海证券交易所,行业规定,2026.01.05
地方法规,安徽省科技厅关于征集人工智能等领域技术攻关需求的通知,https://www.pkulaw.com/lar/507b70db2bb7a5b733d37f89b7fa345dbdfb.html,2026.01.05,安徽省科学技术厅,地方工作文件,2026.01.05
地方法规,临沂市人民政府关于印发《临沂市推动实施“人工智能+”行动方案》的通知,https://www.pkulaw.com/lar/d2be736560fb1904e659e7f4b324b11cbdfb.html,2026.01.05,临沂市人民政府,地方工作文件,2026.01.05
地方法规,宁德市工业和信息化局关于做好2026年省市重点技改项目和数字化转型企业入库申报工作的通知,https://www.pkulaw.com/lar/47e71d4d65d917c836242fc6675e5b3bbdfb.html,2026.01.05,宁德市工业和信息局,地方工作文件,2026.01.05
地方法规,重庆市经济和信息化委员会关于征集具身智能方向第三批“揭榜挂帅”项目需求的通知,https://www.pkulaw.com/lar/06ab55f66943fa9fa4d51538f281ffe6bdfb.html,2026.01.04,重庆市经济和信息化委员会,地方工作文件,2026.01.04
地方法规,广西壮族自治区教育厅关于公布2025年人工智能赋能教育创新应用大赛获奖名单的通知,https://www.pkulaw.com/lar/4ae2f49d175c39c160aacc8c96631742bdfb.html,2026.01.04,广西壮族自治区教育厅,地方工作文件,2026.01.04
地方法规,江苏省住房和城乡建设厅关于开展“人工智能+住房城乡建设”应用场景摸底调查的通知,https://www.pkulaw.com/lar/dfd1516645beaf4abfbc10e9bcb3da21bdfb.html,2026.01.04,江苏省住房和城乡建设厅,地方工作文件,2026.01.04
地方法规,山东省商务厅等5部门关于印发《山东省2026年家电以旧换新、数码和智能产品购新补贴实施方案》的通知,https://www.pkulaw.com/lar/bb2d03fdf935b625a4e47de992a2829ebdfb.html,2026.01.04,山东省邮政管理局,地方工作文件,2026.01.04
地方法规,中山市工业和信息化局、中山市政务服务和数据管理局关于印发中山市人工智能算力券补贴实施细则的通知,https://www.pkulaw.com/lar/2ff7cb7c5ae5481d744d6541b3ce716bbdfb.html,2026.01.04,中山市政务服务数据管理局,地方规范性文件,2026.01.04
地方法规,中山市工业和信息化局、中山市政务服务和数据管理局关于印发中山市人工智能赋能平台管理办法的通知,https://www.pkulaw.com/lar/60be1491b776036b968670742af24496bdfb.html,2026.01.04,中山市政务服务数据管理局,地方规范性文件,2026.01.04
地方法规,河南省市场监督管理局关于河南省煤矿智能防突钻探标准化试点等7个省级工业试点项目考核评估合格的通知,https://www.pkulaw.com/lar/ce5db255dc44c834094b5f0bb2b5237ebdfb.html,2026.01.04,河南省市场监督管理局,地方工作文件,2026.01.04
中央法规,中国互联网协会关于发布《企业级大模型和应用全栈服务能力》等2项团体标准立项的公告,https://www.pkulaw.com/chl/59fd4537de2813a5bdfb.html,2026.01.04,中国互联网协会,行业规定,2026.01.04
地方法规,白山市政务服务和数字化建设管理局关于白山市民政局网站永久下线的公告,https://www.pkulaw.com/lar/629a861e6def79827d6a95f8f2ad65f0bdfb.html,2026.01.04,白山市政务服务和数字化建设管理局,地方工作文件,2026.01.04
地方法规,宁波市经济和信息化局关于开展国家试点行业优秀数字化改造总承包商申报的通知,https://www.pkulaw.com/lar/cd30ce93d35c70c039e49e7362ddb8f4bdfb.html,2026.01.04,宁波市经济和信息化局,地方工作文件,2026.01.04
地方法规,宜昌市人民政府办公室关于推进招投标数智化应用的意见,https://www.pkulaw.com/lar/5ad0734c15c435819f2b8d39ba947019bdfb.html,2026.01.01,宜昌市人民政府,地方工作文件,2026.01.01
中央法规,国家医保局关于更新发布有关智能监管“两库”规则和知识点的公告,https://www.pkulaw.com/chl/77d2c6e424985105bdfb.html,2026.01,国家医疗保障局,部门规章；部门规范性文件,2026.01
中央法规,国家医保局关于公开发布第八批智能监管“两库”规则和知识点的公告,https://www.pkulaw.com/chl/701c71e5a966653ebdfb.html,2026.01,国家医疗保障局,部门规章；部门工作文件,2026.01
地方法规,浙江省经济和信息化厅、浙江省人力资源和社会保障厅关于印发物联网、机器人、工业互联网和智能制造等四个专业高级职称改革工作实施方案的通知,https://www.pkulaw.com/lar/644ca004161d8e741eed89519663bfbabdfb.html,2025.12.31,浙江省人力资源和社会保障厅,地方工作文件,2026.03.01
地方法规,泉州市人民政府办公室关于印发泉州市支持人工智能产业发展若干措施的通知(2025),https://www.pkulaw.com/lar/cff69026b073151b205da2ab6434f902bdfb.html,2025.12.31,泉州市人民政府,地方规范性文件,2026.02.01
地方法规,新疆维吾尔自治区数字化发展局关于印发《新疆维吾尔自治区公共数据资源授权运营实施细则(试行)》的通知,https://www.pkulaw.com/lar/94a7d57df20cafd7d5dbe31c00407457bdfb.html,2025.12.31,新疆维吾尔自治区数字化发展局,地方规范性文件,2026.02.01
中央法规,中国证监会国际合作司关于无锡先导智能装备股份有限公司境外发行上市备案通知书,https://www.pkulaw.com/chl/982a5c9fcb50d079bdfb.html,2025.12.31,中国证券监督管理委员会,部门规章；部门工作文件,2025.12.31
中央法规,商务部等5部门办公厅(室)关于做好2026年家电以旧换新、数码和智能产品购新补贴工作的通知,https://www.pkulaw.com/chl/5116a23a86fcebc1bdfb.html,2025.12.31,国家邮政局,部门规章；部门工作文件,2025.12.31
中央法规,上海证券交易所关于同意方正证券股份有限公司为摩根中证科创创业人工智能交易型开放式指数证券投资基金提供主做市服务的公告,https://www.pkulaw.com/chl/5bc79bee5121d1aebdfb.html,2025.12.31,上海证券交易所,行业规定,2025.12.31
中央法规,上海证券交易所关于同意华泰证券股份有限公司为摩根中证科创创业人工智能交易型开放式指数证券投资基金提供一般做市服务的公告,https://www.pkulaw.com/chl/b8ba312bb82ce40abdfb.html,2025.12.31,上海证券交易所,行业规定,2025.12.31
中央法规,上海证券交易所关于同意广发证券股份有限公司为鹏华中证科创创业人工智能交易型开放式指数证券投资基金提供主做市服务的公告,https://www.pkulaw.com/chl/470ea69dbc624b89bdfb.html,2025.12.31,上海证券交易所,行业规定,2025.12.31
中央法规,上海证券交易所关于同意广发证券股份有限公司为摩根中证科创创业人工智能交易型开放式指数证券投资基金提供主做市服务的公告,https://www.pkulaw.com/chl/ed3d64100822321fbdfb.html,2025.12.31,上海证券交易所,行业规定,2025.12.31
中央法规,上海证券交易所关于同意中信建投证券股份有限公司为摩根中证科创创业人工智能交易型开放式指数证券投资基金提供主做市服务的公告,https://www.pkulaw.com/chl/643a0ec4a0dc8706bdfb.html,2025.12.31,上海证券交易所,行业规定,2025.12.31
中央法规,上海证券交易所关于同意中国国际金融股份有限公司为摩根中证科创创业人工智能交易型开放式指数证券投资基金提供主做市服务的公告,https://www.pkulaw.com/chl/eb361b2fb988be1ebdfb.html,2025.12.31,上海证券交易所,行业规定,2025.12.31
地方法规,广州市工业和信息化局关于发布《2025年广州市“人工智能+”典型案例名单》和《2025年广州市“人工智能+”典型案例集》的通知,https://www.pkulaw.com/lar/c8209b111edf86b4c5df107cef74a0a3bdfb.html,2025.12.31,广州市工业和信息化局,地方工作文件,2025.12.31
地方法规,烟台市2026年家电以旧换新与数码智能产品购新补贴活动公告,https://www.pkulaw.com/lar/caef9c9008b09965633f572cab937a42bdfb.html,2025.12.31,烟台市商务局,地方工作文件,2025.12.31
地方法规,山东省2026年家电以旧换新、数码和智能产品购新补贴活动公告,https://www.pkulaw.com/lar/5cb55ac137fa5973e6d2a814990a09e1bdfb.html,2025.12.31,山东省商务厅,地方工作文件,2025.12.31
地方法规,南宁市科技局关于开展2026年度人工智能科技专项项目申报的通知,https://www.pkulaw.com/lar/b1944e1ddd46d45fdc0ae492167d2f7abdfb.html,2025.12.31,南宁市科学技术局,地方工作文件,2025.12.31
地方法规,郑州市城乡建设局关于印发《智能建造(建筑机器人)补充定额》(试行)的通知,https://www.pkulaw.com/lar/c938d278594f2df3dc4270cca015176ebdfb.html,2025.12.31,郑州市城乡建设局,地方工作文件,2025.12.31
地方法规,河北省住房和城乡建设厅关于发布《燃气管道智能监测技术标准》的公告,https://www.pkulaw.com/lar/e8e2f02b770811fc846862342cc0acabbdfb.html,2025.12.31,河北省住房和城乡建设厅,地方工作文件,2025.12.31
地方法规,佛山市交通运输局关于智能网联汽车道路测试路段、时段的公告(第一批),https://www.pkulaw.com/lar/a318148f0ae358844b7a477f1e1f1268bdfb.html,2025.12.31,佛山市交通运输局,地方工作文件,2025.12.31
地方法规,南京市工业和信息化局关于组织开展智能光伏典型案例征集工作的通知,https://www.pkulaw.com/lar/c0a1c60d169e829a6d8869252de7fa06bdfb.html,2025.12.31,南京市工业和信息化局,地方工作文件,2025.12.31
地方法规,安徽省人民政府办公厅关于印发《安徽省“人工智能+万物”应用行动方案》的通知,https://www.pkulaw.com/lar/71e4cf8a7661d2157a55bda5c00bbc6cbdfb.html,2025.12.31,安徽省人民政府,地方工作文件,2025.12.31
地方法规,贵州省教育厅关于印发《贵州省推进人工智能赋能教育行动方案(2026―2030年)》的通知,https://www.pkulaw.com/lar/1fb12fb949c3c57d185d1d68a8557af6bdfb.html,2025.12.31,贵州省教育厅,地方工作文件,2025.12.31
地方法规,广西壮族自治区交通运输厅关于印发《广西“人工智能+交通运输”行动方案》的通知,https://www.pkulaw.com/lar/c86132da24959dc2876aa6b23f8c4370bdfb.html,2025.12.31,广西壮族自治区交通运输厅,地方工作文件,2025.12.31
地方法规,重庆市教育委员会等8部门关于印发重庆市推动“人工智能+教育”行动方案的通知,https://www.pkulaw.com/lar/dccb311ee24cbbe4bd8172351fc6e5abbdfb.html,2025.12.31,重庆市通信管理局,地方工作文件,2025.12.31
地方法规,苏州市政府关于印发苏州市进一步加快建设“人工智能+”城市的若干措施(2026年版)的通知,https://www.pkulaw.com/lar/b012c6a6a496a7598a712767200f1a31bdfb.html,2025.12.30,苏州市人民政府,地方规范性文件,2026.01.31
地方法规,重庆市经济和信息化委员会、重庆市财政局、中共重庆市委金融委员会办公室、国家金融监督管理总局重庆监管局、重庆市商务委员会关于印发《重庆市支持智能网联新能源商用车产业发展政策措施(2025—2027年)》的通知,https://www.pkulaw.com/lar/bd1b574becb022b2504afcd9acbbb364bdfb.html,2025.12.30,重庆市商务委员会,地方规范性文件,2026.01.29
中央法规,工业和信息化部办公厅关于印发《工业互联网和人工智能融合赋能行动方案》的通知,https://www.pkulaw.com/chl/e03028342c39bf07bdfb.html,2025.12.30,工业和信息化部,部门规章；部门工作文件,2025.12.30
中央法规,深圳证券交易所关于为“南山区―高新投知识产权23号资产支持专项计划(人工智能)”提供转让服务的公告,https://www.pkulaw.com/chl/57a6837d4d0a9201bdfb.html,2025.12.30,深圳证券交易所,行业规定,2025.12.30
地方法规,辽宁省工业和信息化厅关于公布2025年第二批辽宁省先进级智能工厂的通知,https://www.pkulaw.com/lar/1ac2e6362189770706d828904acc24febdfb.html,2025.12.30,辽宁省工业和信息化厅(原辽宁省工业和信息化委员会),地方工作文件,2025.12.30
地方法规,甘肃省教育厅关于印发《人工智能赋能甘肃基础教育实施方案(2025―2030年)》的通知,https://www.pkulaw.com/lar/e82a5518e018eadbfadce0d27d99bbc8bdfb.html,2025.12.30,甘肃省教育厅,地方工作文件,2025.12.30
地方法规,北京市医疗保险事务管理中心关于公开发布第四批智能审核规则库规则和知识点的通知,https://www.pkulaw.com/lar/bb082ce75af179982d8733e63daf8dcebdfb.html,2025.12.30,北京市医疗保险事务管理中心,地方工作文件,2025.12.30
地方法规,江苏省市场监督管理局关于批准发布档案智能开放审核工作规范等63项江苏省地方标准的公告,https://www.pkulaw.com/lar/cab4e30d509502769a559e5c29838bf8bdfb.html,2025.12.30,江苏省市场监督管理局,地方工作文件,2025.12.30
地方法规,浙江省经济和信息化厅等五部门关于印发《浙江省推进人工智能终端产业发展行动计划》的通知,https://www.pkulaw.com/lar/df1957ac5aa8b51cec6d2e04aa1610d8bdfb.html,2025.12.30,浙江省市场监督管理局,地方工作文件,2025.12.30
地方法规,重庆市经济和信息化委员会关于印发《重庆市促进实数融合推动“人工智能+制造”实施方案》的通知,https://www.pkulaw.com/lar/56c54cca010e4ccb79d98733d3d98720bdfb.html,2025.12.30,重庆市经济和信息化委员会,地方工作文件,2025.12.30
地方法规,北京市卫生健康委员会关于印发《北京市支持医疗健康领域人工智能应用发展行动计划(2026―2027年)》的通知,https://www.pkulaw.com/lar/008f20e88edc8c47e32cb10b6b3098b9bdfb.html,2025.12.30,北京市卫生健康委员会,地方工作文件,2025.12.30
地方法规,沈阳市人民政府办公厅关于印发沈阳市推进制造业智能化改造数字化转型行动方案(2026—2027年)的通知,https://www.pkulaw.com/lar/9cb80c29c72c4cf8d4db9da55851059bbdfb.html,2025.12.30,沈阳市人民政府,地方工作文件,2025.12.30
地方法规,北京市卫生健康委员会关于印发《北京市医疗健康领域支持人工智能产业创新发展若干措施(2026―2027年)》的通知,https://www.pkulaw.com/lar/16e40800a14640381df7b7a34e08a141bdfb.html,2025.12.30,北京市卫生健康委员会,地方工作文件,2025.12.30
地方法规,北京市卫生健康委员会关于同意首都医科大学附属北京友谊医院为人工智能辅助治疗技术培训基地的批复,https://www.pkulaw.com/lar/d603c2141f91a71fb6ab7e1541481680bdfb.html,2025.12.30,北京市卫生健康委员会,地方工作文件,2025.12.30
地方法规,东莞市人民代表大会常务委员会关于批准《促进人工智能赋能制造业大力驱动新质生产力发展的议案》结案的决议,https://www.pkulaw.com/lar/da926b6283d913f3ef1d0a597f90d769bdfb.html,2025.12.30,东莞市人大(含常委会),地方工作文件,2025.12.30
地方法规,河北省住房和城乡建设厅关于发布《工程建设全过程图纸数字化管理标准》的公告,https://www.pkulaw.com/lar/fd75875fe138bc1b839995679c3a8cddbdfb.html,2025.12.29,河北省住房和城乡建设厅,地方工作文件,2026.06.01
中央法规,国家发展改革委关于印发《国家新兴产业创新中心管理办法》的通知,https://www.pkulaw.com/chl/43ce0074e07986a0bdfb.html,2025.12.29,国家发展和改革委员会(含原国家发展计划委员会、原国家计划委员会),部门规章；部门规范性文件,2026.02.01
中央法规,上海证券交易所关于同意广发证券股份有限公司为富国中证智能汽车主题交易型开放式指数证券投资基金提供主做市服务的公告,https://www.pkulaw.com/chl/69961dfee1893840bdfb.html,2025.12.29,上海证券交易所,行业规定,2025.12.29
中央法规,上海证券交易所关于同意东海证券股份有限公司为易方达上证科创板人工智能交易型开放式指数证券投资基金提供主做市服务的公告,https://www.pkulaw.com/chl/3526c75d3f371cbabdfb.html,2025.12.29,上海证券交易所,行业规定,2025.12.29
中央法规,上海证券交易所关于同意中国银河证券股份有限公司为工银瑞信中证科创创业人工智能交易型开放式指数证券投资基金提供主做市服务的公告,https://www.pkulaw.com/chl/7b3abf984bc36210bdfb.html,2025.12.29,上海证券交易所,行业规定,2025.12.29
地方法规,江苏省政府关于印发江苏省“人工智能＋”行动方案的通知,https://www.pkulaw.com/lar/4dd463dc8e4a55bbce1e82f91bf0e381bdfb.html,2025.12.29,江苏省人民政府,地方工作文件,2025.12.29
地方法规,江西省工业和信息化厅关于公布2025年制造业人工智能典型应用场景名单的通知,https://www.pkulaw.com/lar/7ed6ae1414f37b1c7c5a0da12b36be16bdfb.html,2025.12.29,江西省工业和信息化厅,地方工作文件,2025.12.29
地方法规,北京市医疗保险事务管理中心关于公开发布第三批智能审核规则库规则和知识点的通知,https://www.pkulaw.com/lar/b62d48d1a08e59331f8909130ebf914ebdfb.html,2025.12.29,北京市医疗保险事务管理中心,地方工作文件,2025.12.29
地方法规,广东省生态环境厅关于广州市赛皓达智能科技有限公司工业X射线移动式探伤项目环境影响报告表的批复,https://www.pkulaw.com/lar/3e9a6a6a0acc843112dab561277e9265bdfb.html,2025.12.29,广东省生态环境厅,地方工作文件,2025.12.29
地方法规,新疆维吾尔自治区人民政府办公厅转发自治区住房城乡建设厅《关于推动自治区智能建造发展的实施意见》的通知,https://www.pkulaw.com/lar/f3c75842e365912879196c6ecda08987bdfb.html,2025.12.29,新疆维吾尔自治区人民政府,地方工作文件,2025.12.29
地方法规,广州市花都区人民政府办公室关于印发花都区促进新能源汽车与智能网联汽车产业高质量发展若干措施的通知,https://www.pkulaw.com/lar/f66104b719ca01d2c7aee7e2c2c5a7f1bdfb.html,2025.12.29,广州市花都区人民政府,地方规范性文件,2025.12.29
地方法规,南宁市工业和信息化局关于公布南宁市中小企业数字化转型第一批“复制推广智能制造及工业互联网场景”清单的通知,https://www.pkulaw.com/lar/c9c2eacd62385cc5ed122401721b6540bdfb.html,2025.12.29,南宁市工业和信息化局,地方工作文件,2025.12.29
地方法规,天津市工业和信息化局、天津市发展改革委、天津市财政局、天津市国资委、天津市市场监督管理委员会、天津市数据局关于公布2025年卓越级智能工厂名单的通知,https://www.pkulaw.com/lar/631bb8fff8a0babddcdbcc2a22f29db2bdfb.html,2025.12.29,天津市数据局,地方工作文件,2025.12.29
地方法规,中国—东盟国家人工智能应用合作中心关于发布2025年广西壮族自治区“人工智能+”行动开放场景清单(第三批)的通知,https://www.pkulaw.com/lar/735194888a16a399b44b517465208325bdfb.html,2025.12.28,广西壮族自治区发展和改革委员会,地方工作文件,2025.12.28
地方法规,四川省人民政府办公厅关于印发《四川省人工智能赋能新型工业化三年行动方案(2025—2027年)》的通知,https://www.pkulaw.com/lar/708ff139268438334b52e025bc2f9021bdfb.html,2025.12.28,四川省人民政府,地方工作文件,2025.12.28
地方法规,山东省人民政府关于设立德州智能技术职业学院的批复,https://www.pkulaw.com/lar/fee8b0bef878019dcdbedf73695b34aabdfb.html,2025.12.27,山东省人民政府,地方工作文件,2025.12.27
地方法规,广西壮族自治区人民政府办公厅关于印发《广西深入实施“人工智能＋”三年行动方案(2026—2028年)》的通知,https://www.pkulaw.com/lar/e967a8448175e082202c4291435e41d9bdfb.html,2025.12.27,广西壮族自治区人民政府,地方工作文件,2025.12.27
地方法规,福建省住房和城乡建设厅关于发布《福建省建筑智能照明系统工程技术标准》等10项工程建设地方标准的通知,https://www.pkulaw.com/lar/bb86919d18153ce294e83da4e7437848bdfb.html,2025.12.26,福建省住房和城乡建设厅,地方工作文件,2026.04.01
地方法规,杭州市经济和信息化局(杭州市数字经济局)、杭州市财政局关于印发杭州市具身智能机器人“强链补链”行动方案(2026—2027年)的通知,https://www.pkulaw.com/lar/00a852094af28f22026c02559383dfc6bdfb.html,2025.12.26,杭州市财政局,地方工作文件,2026.02.01
中央法规,中国互联网协会关于发布《人工智能企业综合实力评估通用框架》团体标准立项的公告,https://www.pkulaw.com/chl/3da66533d6d488bcbdfb.html,2025.12.26,中国互联网协会,行业规定,2025.12.26
中央法规,中国互联网协会关于批准发布《智能采购平台成熟度分级指南》等7项团体标准的公告,https://www.pkulaw.com/chl/cd512e7fd6da99c8bdfb.html,2025.12.26,中国互联网协会,行业规定,2025.12.26
中央法规,工业和信息化部办公厅、市场监管总局办公厅关于印发2025年度智能制造系统解决方案“揭榜挂帅”项目名单的通知,https://www.pkulaw.com/chl/68dc9599b5edf613bdfb.html,2025.12.26,国家市场监督管理总局,部门规章；部门工作文件,2025.12.26
中央法规,上海证券交易所关于同意中国国际金融股份有限公司为工银瑞信中证科创创业人工智能交易型开放式指数证券投资基金提供主做市服务的公告,https://www.pkulaw.com/chl/e52bde74022ca8a0bdfb.html,2025.12.26,上海证券交易所,行业规定,2025.12.26
中央法规,上海证券交易所关于同意国信证券股份有限公司为工银瑞信中证科创创业人工智能交易型开放式指数证券投资基金提供主做市服务的公告,https://www.pkulaw.com/chl/8b40c273313be33abdfb.html,2025.12.26,上海证券交易所,行业规定,2025.12.26
中央法规,上海证券交易所关于同意招商证券股份有限公司为工银瑞信中证科创创业人工智能交易型开放式指数证券投资基金提供主做市服务的公告,https://www.pkulaw.com/chl/4dca4e2b32c2ae64bdfb.html,2025.12.26,上海证券交易所,行业规定,2025.12.26
中央法规,上海证券交易所关于同意广发证券股份有限公司为工银瑞信中证科创创业人工智能交易型开放式指数证券投资基金提供主做市服务的公告,https://www.pkulaw.com/chl/79a02eb253a575e1bdfb.html,2025.12.26,上海证券交易所,行业规定,2025.12.26
地方法规,中山市人工智能产业发展办公室关于发布“人工智能+”创新清单(第三批)的通知,https://www.pkulaw.com/lar/d755357bc857fe49129b467eb7329bb9bdfb.html,2025.12.26,中山市人工智能产业发展办公室,地方工作文件,2025.12.26
地方法规,山西省住房和城乡建设厅关于公布第二批智能建造应用场景目录的通知,https://www.pkulaw.com/lar/34ae36377bab0a7d290cf3f51a44abdfbdfb.html,2025.12.26,山西省住房和城乡建设厅,地方工作文件,2025.12.26
地方法规,河北区人民政府关于废止《河北区支持人工智能产业发展十条措施(2024年修订版)》的通知,https://www.pkulaw.com/lar/9ae73b3fbcc3b54f42690fc798e3fca5bdfb.html,2025.12.26,天津市河北区人民政府,地方规范性文件,2025.12.26
地方法规,南京市玄武区人民政府关于印发《玄武区加快实施“人工智能+”行动方案(2025―2027年)》的通知,https://www.pkulaw.com/lar/6b9c2bcf0395899a8058462e92e495f5bdfb.html,2025.12.26,南京市玄武区人民政府,地方工作文件,2025.12.26
地方法规,南宁市工业和信息化局关于发布南宁市“人工智能+制造”应用场景“机会清单”和“能力清单”(第二批)的通知,https://www.pkulaw.com/lar/1a116b5b69a657c1802d8f911eb2f1fdbdfb.html,2025.12.26,南宁市工业和信息化局,地方工作文件,2025.12.26
地方法规,重庆市大数据应用发展管理局关于公布邓芳芳等239人工程技术大数据智能化专业中、初级职称评审结果的通知,https://www.pkulaw.com/lar/2db5f66f6761772a286096a8d96a81a2bdfb.html,2025.12.26,重庆市大数据应用发展管理局,地方工作文件,2025.12.26
地方法规,河北省交通运输厅、河北省工业和信息化厅、河北省公安厅关于发布指定部分高速公路路段作为智能网联汽车道路测试与示范应用道路的通告,https://www.pkulaw.com/lar/6d874cbda1fc092fca5889279bd461bdbdfb.html,2025.12.26,河北省公安厅,地方工作文件,2025.12.26
中央法规,深圳证券交易所关于招商创业板人工智能交易型开放式指数证券投资基金上市交易的公告,https://www.pkulaw.com/chl/9f3aaa3553fd8d53bdfb.html,2025.12.25,深圳证券交易所,行业规定,2025.12.25
中央法规,中华人民共和国工业和信息化部公告2025年第44号——关于公布第一届工业和信息化部人形机器人与具身智能标准化技术委员会委员名单的公告,https://www.pkulaw.com/chl/ea83d0f53b3c79f5bdfb.html,2025.12.25,工业和信息化部,部门规章；部门工作文件,2025.12.25
中央法规,工业和信息化部、中央网信办、国家发展改革委、教育部、商务部、国务院国资委、市场监管总局、国家数据局关于印发《“人工智能+制造”专项行动实施意见》的通知,https://www.pkulaw.com/chl/bd758655758b40b6bdfb.html,2025.12.25,国家数据局,部门规章；部门规范性文件,2025.12.25
地方法规,湖南省工业和信息化厅关于组织征集智能光伏典型案例的通知,https://www.pkulaw.com/lar/71cd39eab4328dddf58e5f04a82c93a6bdfb.html,2025.12.25,湖南省工业和信息化厅,地方工作文件,2025.12.25
地方法规,深圳市工业和信息化局关于开展智能光伏典型案例申报工作的通知,https://www.pkulaw.com/lar/84046f28d7b96cb57211cc1d9175346cbdfb.html,2025.12.25,深圳市工业和信息化局,地方工作文件,2025.12.25
地方法规,温州市科学技术局关于组织申报全市重点实验室(人工智能领域)的通知,https://www.pkulaw.com/lar/3b9c6761e0ad2556b198a47052a909a5bdfb.html,2025.12.25,温州市科学技术局,地方工作文件,2025.12.25
地方法规,威海市教育局等11部门关于印发《威海市“人工智能+教育”工作方案》的通知,https://www.pkulaw.com/lar/8a65d04a8d6802277a19d91de92c0363bdfb.html,2025.12.25,山东省通信管理局威海市信息通信发展办公室,地方工作文件,2025.12.25
地方法规,内蒙古自治区工业和信息化厅关于转发《智能工厂梯度培育管理办法(暂行)》的通知,https://www.pkulaw.com/lar/9bfe9809af3c97877d3f5cc0daafecebbdfb.html,2025.12.25,内蒙古自治区工业和信息化厅,地方工作文件,2025.12.25
中央法规,矿山智能化建设相关激励政策,https://www.pkulaw.com/chl/8a40ac5a8a8568bcbdfb.html,2025.12.24,国家矿山安全监察局,部门规章；部门规范性文件,2025.12.24
中央法规,中国施工企业管理协会关于召开2026年智能建造(台州)观摩会的通知,https://www.pkulaw.com/chl/ec67190614f74b18bdfb.html,2025.12.24,中国施工企业管理协会,行业规定,2025.12.24
地方法规,辽宁省住房和城乡建设厅关于公布辽宁省智能建造典型应用项目名单的通知,https://www.pkulaw.com/lar/f5edba8a060dbda0268900636a7f1e79bdfb.html,2025.12.24,辽宁省住房和城乡建设厅,地方工作文件,2025.12.24
地方法规,金华市婺城区人民政府关于印发婺城区推动人工智能创新发展行动方案的通知,https://www.pkulaw.com/lar/a585851324a565611a988c78f3aca3ebbdfb.html,2025.12.24,金华市婺城区人民政府,地方工作文件,2025.12.24
地方法规,(西青区)关于公布航达盛世智能空分制氮制氧装备生产基地建设工程设计方案总平面图的通知,https://www.pkulaw.com/lar/7a5aa642fd67331874b4a48d30bfc20bbdfb.html,2025.12.24,天津市规划和自然资源局西青分局,地方工作文件,2025.12.24
地方法规,重庆市住房和城乡建设委员会关于公布重庆市第四批智能建造示范企业和第五批试点项目名单的通知,https://www.pkulaw.com/lar/7292f1ce2a243eb4572780bc3c29036cbdfb.html,2025.12.24,重庆市住房和城乡建设委员会,地方工作文件,2025.12.24
地方法规,广西壮族自治区工业和信息化厅关于公布2025年第三批广西“人工智能+制造”产品和典型应用场景名单的通知,https://www.pkulaw.com/lar/eb7d1831b99615e4b00cc848f80a7d52bdfb.html,2025.12.24,广西壮族自治区工业和信息化厅,地方工作文件,2025.12.24
地方法规,陕西省科学技术厅关于征集秦创原产业创新聚集区(光子、氢能、智能网联、新材料、富硒、中医药)“四链”融合项目的通知,https://www.pkulaw.com/lar/22dcc238ecc0ab9226d2f2701dd8ce35bdfb.html,2025.12.24,陕西省科学技术厅,地方工作文件,2025.12.24
地方法规,杭州市经信局(市数字经济局)关于公布2025年杭州市人工智能大模型在制造业细分领域实现首用的优秀解决方案名单的通知,https://www.pkulaw.com/lar/0ca8c9fd060c5bac39a65bebe2e3e6c3bdfb.html,2025.12.24,杭州市数字经济局,地方工作文件,2025.12.24
地方法规,广西壮族自治区工业和信息化厅关于公布2025年广西“人工智能+制造”和制造业数字化转型产业生态供给资源池单位名单的通知,https://www.pkulaw.com/lar/7ef34a7ac3dd4d1ae15e4f2ee53a6c69bdfb.html,2025.12.24,广西壮族自治区工业和信息化厅,地方工作文件,2025.12.24
中央法规,中国建筑业协会关于开展建筑业人工智能应用调研的通知,https://www.pkulaw.com/chl/08bb00eba656d106bdfb.html,2025.12.23,中国建筑业协会,行业规定,2025.12.23
中央法规,中国建筑业协会中小企业与供应链分会关于征集建筑业人工智能专家的通知,https://www.pkulaw.com/chl/545d33e4893f9148bdfb.html,2025.12.23,中国建筑业协会,行业规定,2025.12.23
地方法规,青岛市人民政府办公厅关于印发《青岛市支持人工智能和具身智能机器人产业发展若干政策措施》的通知,https://www.pkulaw.com/lar/cdabed86967205dfb3ac6cd22470f7f1bdfb.html,2025.12.23,青岛市人民政府,地方规范性文件,2025.12.23
地方法规,安徽省能源局关于安徽省煤矿智能化建设验收结果(第五批)的公告,https://www.pkulaw.com/lar/88832380bf1d64d1f0dfbce2df6e8488bdfb.html,2025.12.23,安徽省能源局,地方工作文件,2025.12.23
地方法规,福建省卫生健康委员会关于遴选和培育“人工智能+医疗卫生”应用场景创新项目的通知,https://www.pkulaw.com/lar/b0426e431a69e827bf2a09afc6883661bdfb.html,2025.12.23,福建省卫生健康委员会,地方工作文件,2025.12.23
地方法规,玉政办发〔2025〕37号玉环市人民政府关于印发玉环市具身智能机器人产业培育发展规划的通知,https://www.pkulaw.com/lar/87244908b9d32b8bfc331f24b0ef59d3bdfb.html,2025.12.23,玉环市人民政府,地方工作文件,2025.12.23
地方法规,河北省住房和城乡建设厅关于公布河北省建筑工程智能建造骨干企业和示范项目(第二批)的通知,https://www.pkulaw.com/lar/c718a96741ff1d9df87893ca411bda7ebdfb.html,2025.12.23,河北省住房和城乡建设厅,地方工作文件,2025.12.23
地方法规,合肥市科学技术局关于合肥市2025年度第二批科技攻关“揭榜挂帅”人工智能领域榜单发布的通知,https://www.pkulaw.com/lar/bf6db023e992faa94fb7762880c855a5bdfb.html,2025.12.23,合肥市科学技术局,地方工作文件,2025.12.23
地方法规,广州市住房和城乡建设局关于公布广州市智能建造新技术新产品创新服务典型案例(第二批)的通知,https://www.pkulaw.com/lar/201a9ce2238c86a6e0c16af5463c8f87bdfb.html,2025.12.23,广州市住房和城乡建设局,地方工作文件,2025.12.23
地方法规,嘉兴市秀洲区人民政府办公室关于印发《秀洲区推进人工智能产业高质量发展专项行动实施方案(试行)》的通知,https://www.pkulaw.com/lar/2375a9dfed67cbef190bb6e1a63125c2bdfb.html,2025.12.23,嘉兴市秀洲区人民政府,地方工作文件,2025.12.23
地方法规,佛山市住房和城乡建设局关于表扬广东鼎耀工程技术有限公司等2家企业积极推广应用智能建造技术的通知,https://www.pkulaw.com/lar/276646c67d4335dfb98f82fc1c1457cdbdfb.html,2025.12.23,佛山市住房和城乡建设局,地方工作文件,2025.12.23
地方法规,珠海市交通运输局、珠海市公安局、珠海市工业和信息化局、珠海市城市管理和综合执法局、珠海市投资服务署、珠海市邮政管理局关于印发《珠海市智能网联汽车道路测试与示范应用实施细则(试行)》的通知,https://www.pkulaw.com/lar/d2b4c89e4fb224aa6a0c2b17704025d8bdfb.html,2025.12.23,珠海市邮政管理局,地方规范性文件,2025.12.23
地方法规,深圳市龙华区人民政府办公室关于印发《深圳市龙华区智能传感器产业集群高质量发展若干措施》的通知,https://www.pkulaw.com/lar/4b1eaa210d2421d2b8ff0a03442924fcbdfb.html,2025.12.22,深圳市龙华区人民政府,地方规范性文件,2026.01.10
地方法规,浙江省经信厅关于组织申报智能光伏典型案例的通知,https://www.pkulaw.com/lar/c0ebeff11e99b166fb8e43a949a89b8cbdfb.html,2025.12.22,浙江省经济和信息化厅,地方工作文件,2025.12.22
地方法规,北京市经济和信息化局关于征集智能光伏典型案例的通知,https://www.pkulaw.com/lar/d4756745b327b6c4a355cea4156f8350bdfb.html,2025.12.22,北京市经济和信息化局,地方工作文件,2025.12.22
地方法规,长沙市人民政府关于印发《长沙市“人工智能+”行动方案》的通知,https://www.pkulaw.com/lar/cbdeef744b9a19c15af6ae65c8ea86a0bdfb.html,2025.12.22,长沙市人民政府,地方工作文件,2025.12.22
地方法规,江苏省住房和城乡建设厅关于公布第二批江苏省智能建造试点企业、智能建造技术服务试点企业及第一批建筑机器人辅助劳务试点企业名单的通知,https://www.pkulaw.com/lar/59af216e95c328803d977ac6c0c6d4f6bdfb.html,2025.12.22,江苏省住房和城乡建设厅,地方工作文件,2025.12.22
地方法规,江西省住房和城乡建设厅关于公布江西省2025年智能建造典型案例的通知,https://www.pkulaw.com/lar/56ba7ac5c0af2b4958f8815a25d58f32bdfb.html,2025.12.22,江西省住房和城乡建设厅,地方工作文件,2025.12.22
地方法规,温州市数据局(市人工智能局)关于公布公共数据资源整体授权运营单位的通告,https://www.pkulaw.com/lar/2c9aac81ba3bee4e3a5c2d9a3a983123bdfb.html,2025.12.22,温州市数据局,地方工作文件,2025.12.22
地方法规,深圳市住房和建设局关于公布深圳市第二批全屋智能建筑应用试点项目的通知,https://www.pkulaw.com/lar/99d6eceb54e4c0ff14a0e605c8f38a61bdfb.html,2025.12.22,深圳市住房和建设局,地方工作文件,2025.12.22
地方法规,商丘市人民政府办公室关于印发商丘市加快人工智能赋能新型工业化行动方案的通知,https://www.pkulaw.com/lar/1257ce7601093fbe0b20a7f80af9c339bdfb.html,2025.12.22,商丘市人民政府,地方工作文件,2025.12.22
地方法规,北京市经济和信息化局关于发布国家重点研发计划“智能机器人”等重点专项2025年度项目申报指南的通知,https://www.pkulaw.com/lar/9e006cf613267fdc6331d7bff30ab3c3bdfb.html,2025.12.22,北京市经济和信息化局,地方工作文件,2025.12.22
地方法规,黑龙江省工业和信息化厅、黑龙江省财政厅关于印发《黑龙江省智能农机高质量发展专项政策实施细则》的通知,https://www.pkulaw.com/lar/368fe289c1867469afdf60d3c0745987bdfb.html,2025.12.22,黑龙江省财政厅,地方规范性文件,2025.12.22
地方法规,北京市科学技术委员会、中关村科技园区管理委员会关于开展2026年第一季度“智领未来”北京人工智能系列品牌活动征集的通知,https://www.pkulaw.com/lar/e507e705898604d4463e79027a1f2723bdfb.html,2025.12.22,北京市中关村科技园区管理委员会,地方工作文件,2025.12.22
地方法规,黑龙江省工业和信息化厅、黑龙江省农业农村厅、黑龙江省财政厅关于印发《黑龙江省高端智能农机装备典型应用场景奖励政策实施细则》的通知,https://www.pkulaw.com/lar/a876f759bd619a248bc7a071a75a57afbdfb.html,2025.12.22,黑龙江省财政厅,地方规范性文件,2025.12.22
地方法规,黑龙江省工业和信息化厅、黑龙江省财政厅关于印发《黑龙江省高端智能农机装备制造项目贷款贴息政策实施细则》的通知,https://www.pkulaw.com/lar/59265e3310fbd06657242d38774bd774bdfb.html,2025.12.21,黑龙江省财政厅,地方规范性文件,2025.12.21
地方法规,黑龙江省工业和信息化厅、黑龙江省农业农村厅、黑龙江省财政厅关于印发《黑龙江省支持高端智能农机装备拓展市场扩大规模奖励政策实施细则》的通知,https://www.pkulaw.com/lar/2d592383bff65c1f9c7bd8d7ff330516bdfb.html,2025.12.21,黑龙江省财政厅,地方规范性文件,2025.12.21
中央法规,上海证券交易所关于同意广发证券股份有限公司为广发上证科创板人工智能交易型开放式指数证券投资基金提供主做市服务的公告,https://www.pkulaw.com/chl/962923750b1b3e72bdfb.html,2025.12.19,上海证券交易所,行业规定,2025.12.19
地方法规,云南省人民政府办公厅关于印发《云南省全面实施“人工智能+”行动计划》的通知,https://www.pkulaw.com/lar/1810556645e44cc1d164c5282551edcfbdfb.html,2025.12.19,云南省人民政府,地方工作文件,2025.12.19
地方法规,绍兴市柯桥区人民政府办公室关于印发柯桥区人工智能赋能制造业实施方案的通知,https://www.pkulaw.com/lar/72040414ec838ffb7380b33b76cee22cbdfb.html,2025.12.19,绍兴市柯桥区人民政府,地方工作文件,2025.12.19
地方法规,长沙市人民政府办公室关于印发《长沙市加快人工智能产业高质量发展若干政策》的通知,https://www.pkulaw.com/lar/ae8acba994cbe9831be362f869c4e913bdfb.html,2025.12.19,长沙市人民政府,地方规范性文件,2025.12.19
地方法规,辽宁省发展改革委关于印发《辽宁省“人工智能+能源”'创新发展行动方案(2026一2028年)》的通知,https://www.pkulaw.com/lar/231f86533c2edd368b835d19ae8dd3c1bdfb.html,2025.12.19,辽宁省发展和改革委员会,地方工作文件,2025.12.19
地方法规,宁波市住房和城乡建设局关于公布宁波市住建领域人工智能应用典型案例(第一批)的通知,https://www.pkulaw.com/lar/ac398df76b3cf36cc4ed61d574faf879bdfb.html,2025.12.19,宁波市住房和城乡建设局,地方工作文件,2025.12.19
地方法规,佛山市住房和城乡建设局关于对《佛山市智能建造技术目录(第一批)》参编单位通报表扬的通知,https://www.pkulaw.com/lar/5295ef6d29a904ae10eaa3c990a67dbabdfb.html,2025.12.19,佛山市住房和城乡建设局,地方工作文件,2025.12.19
地方法规,广州市工业和信息化局关于组织开展人工智能+生物医药研发端和制造端需求(第二批)“揭榜”工作的通知,https://www.pkulaw.com/lar/3f004da9d00fc2296a12867fca7e2e95bdfb.html,2025.12.19,广州市工业和信息化局,地方工作文件,2025.12.19
地方法规,江苏省工业和信息化厅、江苏省发展和改革委员会关于印发《加快人工智能终端产业发展的实施意见》的通知,https://www.pkulaw.com/lar/e1d69794522fa8098c6f14f83f47e13abdfb.html,2025.12.19,江苏省发展和改革委员会,地方规范性文件,2025.12.19
地方法规,平远县自然资源局关于《广东省平远县智能制造产业园基础配套设施建设(一期)项目临时用地土地复垦方案》通过审查的公告,https://www.pkulaw.com/lar/8d58a1f0a956413b52e812457ccb3733bdfb.html,2025.12.19,平远县自然资源局,地方工作文件,2025.12.19
地方法规,湖南省工业和信息化厅关于公布2025年度湖南省工业互联网平台、“5G+工业互联网”标杆工厂、人工智能赋能新型工业化典型应用场景名单的通知,https://www.pkulaw.com/lar/1c6182f28a6c4c587e7e1c0394abf3a0bdfb.html,2025.12.19,湖南省工业和信息化厅,地方工作文件,2025.12.19
中央法规,教育部关于发布《教育数据分类分级指南》和《大屏幕交互式智能教学终端通用要求》两项教育行业标准的通知,https://www.pkulaw.com/chl/b9f473c7e6dfa7c6bdfb.html,2025.12.18,教育部,部门规章；部门工作文件,2025.12.18
地方法规,江西省人民政府关于印发《江西省“人工智能+”行动方案》的通知,https://www.pkulaw.com/lar/c4c29d616779905adc6b8c04caa09394bdfb.html,2025.12.18,江西省人民政府,地方工作文件,2025.12.18
地方法规,武清区人民政府办公室关于印发武清区促进人工智能高质量发展行动方案(2025—2027年)(试行)的通知,https://www.pkulaw.com/lar/13a58dec10f2bbd69533ad6079f12ccdbdfb.html,2025.12.18,天津市武清区人民政府,地方工作文件,2025.12.18
中央法规,上海证券交易所关于同意广发证券股份有限公司为汇添富上证科创板人工智能交易型开放式指数证券投资基金提供主做市服务的公告,https://www.pkulaw.com/chl/d56fdbbd1b193571bdfb.html,2025.12.17,上海证券交易所,行业规定,2025.12.17
中央法规,上海证券交易所关于同意广发证券股份有限公司为鹏华上证科创板人工智能交易型开放式指数证券投资基金提供主做市服务的公告,https://www.pkulaw.com/chl/6025a68d1596dfdbbdfb.html,2025.12.17,上海证券交易所,行业规定,2025.12.17
中央法规,上海证券交易所关于同意广发证券股份有限公司为华夏上证科创板人工智能交易型开放式指数证券投资基金提供主做市服务的公告,https://www.pkulaw.com/chl/0428d8cc762a44e8bdfb.html,2025.12.17,上海证券交易所,行业规定,2025.12.17
中央法规,上海证券交易所关于同意广发证券股份有限公司为华宝上证科创板人工智能交易型开放式指数证券投资基金提供主做市服务的公告,https://www.pkulaw.com/chl/88f22f7778aea2d6bdfb.html,2025.12.17,上海证券交易所,行业规定,2025.12.17
地方法规,合肥市农业农村局关于组织申报2025年支持数字农业、智慧农业和智能装备建设项目的通知,https://www.pkulaw.com/lar/56d78da897cf90f2b2a89123a24ca7b7bdfb.html,2025.12.17,合肥市农业农村局,地方工作文件,2025.12.17
地方法规,扬州市交通运输局、扬州市人力资源和社会保障局关于同意马裕程等47人具备交通运输工程、数字经济(智能交通)工程中、初级专业技术资格的通知,https://www.pkulaw.com/lar/6e4ebb0986e23571b3665fe7d3b0aa6fbdfb.html,2025.12.17,扬州市人力资源和社会保障局,地方工作文件,2025.12.17
地方法规,山东省工业和信息化厅、山东省公安厅、山东省交通运输厅关于印发《山东省智能网联汽车道路测试与示范应用管理办法(试行)》的通知,https://www.pkulaw.com/lar/e84ca7ffa5e8a256630283644b4c2eb7bdfb.html,2025.12.16,山东省交通运输厅,地方规范性文件,2026.02.01
地方法规,大连市工业和信息化局、大连市公安局、大连市交通运输局、大连市数据局关于印发《大连市智能网联汽车道路测试、示范应用与商业化试点管理实施细则(试行)》的通知,https://www.pkulaw.com/lar/734ea4b7d9522180b0d30c9def3ae04abdfb.html,2025.12.16,大连市数据局,地方规范性文件,2026.01.15
中央法规,国家知识产权局办公室关于发布“人工智能+”知识产权公共服务应用场景建设名单的通知,https://www.pkulaw.com/chl/38075878617c0d89bdfb.html,2025.12.16,国家知识产权局,部门规章；部门工作文件,2025.12.16
地方法规,(西青区)关于公布天津宏仁堂数字化智能提取项目总平面图的通知,https://www.pkulaw.com/lar/58d1e5d702baa389ce8a7ef682b54101bdfb.html,2025.12.16,天津市规划和自然资源局西青分局,地方工作文件,2025.12.16
地方法规,深圳市工业和信息化局关于开展“人工智能能力清单”征集工作的通知,https://www.pkulaw.com/lar/a4156852c4961e7cd7fdd5428c3ee5c1bdfb.html,2025.12.16,深圳市工业和信息化局,地方工作文件,2025.12.16
地方法规,杭州市城乡建设委员会关于征集建设领域“人工智能+”应用场景的通知,https://www.pkulaw.com/lar/782568b4105ef9e35243cce8776b0618bdfb.html,2025.12.16,杭州市城乡建设委员会,地方工作文件,2025.12.16
地方法规,廊坊市人民政府办公室关于印发廊坊市人工智能产业聚集区建设方案的通知,https://www.pkulaw.com/lar/c2161ae860c405e223132b38eea8ecc2bdfb.html,2025.12.16,廊坊市人民政府,地方工作文件,2025.12.16
地方法规,云南省能源局转发国家能源局综合司关于组织开展“人工智能+”能源试点工作的通知,https://www.pkulaw.com/lar/5a21eb9676b3676fe24d4514c62aed5ebdfb.html,2025.12.16,云南省能源局,地方工作文件,2025.12.16
地方法规,新疆维吾尔自治区医疗保障局关于公开发布《新疆维吾尔自治区医疗保障局智能监管规则库》的公告,https://www.pkulaw.com/lar/5283748c859806c2b18f99cab8ba0966bdfb.html,2025.12.16,新疆维吾尔自治区医疗保障局,地方规范性文件,2025.12.16
地方法规,广东省生态环境厅关于广东东博智能装备股份有限公司核技术利用迁扩建项目环境影响报告表的批复及公告,https://www.pkulaw.com/lar/d128cdd16f05801a9e6abb9c368cd32cbdfb.html,2025.12.16,广东省生态环境厅,地方工作文件,2025.12.16
地方法规,山东省工业和信息化厅、中共山东省委组织部、中共山东省委金融委员会办公室、山东省发展和改革委员会、山东省教育厅、山东省科学技术厅、山东省财政厅、山东省商务厅、山东省市场监督管理局、山东省大数据局关于印发《山东省人工智能终端创新发展行动方案》的通知,https://www.pkulaw.com/lar/c2228f4a0d444e515b07f56b93f1bba2bdfb.html,2025.12.16,山东省大数据局,地方工作文件,2025.12.16
中央法规,教育部办公厅关于公布第二批中小学人工智能教育基地名单的通知,https://www.pkulaw.com/chl/c0d19867db0dc833bdfb.html,2025.12.15,教育部,部门规章；部门工作文件,2025.12.15
中央法规,中国期货业协会关于举办2025年度期货公司“人工智能应用”专题直播培训的通知,https://www.pkulaw.com/chl/43d9fdb1a2499c42bdfb.html,2025.12.15,中国期货业协会,行业规定,2025.12.15
中央法规,中国证监会国际合作司关于美格智能技术股份有限公司境外发行上市备案通知书,https://www.pkulaw.com/chl/8365a37ae30001babdfb.html,2025.12.15,中国证券监督管理委员会,部门规章；部门工作文件,2025.12.15
地方法规,长沙市住房和城乡建设局关于印发《长沙市智能建造项目评价技术导则》的通知,https://www.pkulaw.com/lar/5fbb9e58356bac997fa0c7d9d8c48dd4bdfb.html,2025.12.15,长沙市住房和城乡建设局,地方工作文件,2025.12.15
地方法规,深圳市教育局“全国校外教育培训监管与服务综合平台―深圳市智能综合服务模块”项目招标公告,https://www.pkulaw.com/lar/1ac2f18846427cea096748ab9733b45bbdfb.html,2025.12.15,深圳市教育局,地方工作文件,2025.12.15
地方法规,宁德市生态环境局关于宁德新能源科技五里洋锂电池智能生产园区(一期工程)环境影响报告表的批复,https://www.pkulaw.com/lar/1d56ebb75dec2fc4847106d3d1feab6bbdfb.html,2025.12.15,宁德市生态环境局,地方工作文件,2025.12.15
地方法规,重庆市人民政府办公厅关于印发《重庆市推动“人工智能+”行动方案》的通知,https://www.pkulaw.com/lar/ff2e336cf96579ad615bd42ecd3e3e61bdfb.html,2025.12.13,重庆市人民政府,地方工作文件,2025.12.13
地方法规,杭州市人民政府办公厅印发关于支持类脑智能未来产业创新发展的若干措施的通知,https://www.pkulaw.com/lar/f89e17101cb1c9249b8326f4d98d90ccbdfb.html,2025.12.12,杭州市人民政府,地方规范性文件,2026.02.12
地方法规,湖北省市场监管局关于印发《湖北省“互联网+AI明厨亮灶”网上巡查监管实施办法(试行)》的通知,https://www.pkulaw.com/lar/0e722524a3ad36d82b14616c1bc9314cbdfb.html,2025.12.12,湖北省市场监督管理局,地方规范性文件,2026.01.01
中央法规,深圳证券交易所关于华泰柏瑞中证科创创业人工智能交易型开放式指数证券投资基金上市交易的公告,https://www.pkulaw.com/chl/da42d4c85dc41d23bdfb.html,2025.12.12,深圳证券交易所,行业规定,2025.12.12
地方法规,江苏省交通运输厅关于印发《“人工智能+交通运输”行动方案》的通知,https://www.pkulaw.com/lar/2aadbb503e0293d74291442aa5dbe54abdfb.html,2025.12.12,江苏省交通运输厅,地方工作文件,2025.12.12
地方法规,宿迁市住房和城乡建设局关于印发《关于加快推进智能建造的实施方案》的通知,https://www.pkulaw.com/lar/5f70f7ea88ce8d4af03dc1cff162fd6cbdfb.html,2025.12.12,宿迁市住房和城乡建设局,地方工作文件,2025.12.12
地方法规,中山市人民政府关于中山市大涌镇现代智能家居产业园片区(1602单元)03街区B1―03等地块控制性详细规划局部调整(2025)成果的批复,https://www.pkulaw.com/lar/4e566b08420eb0f6f2cf24fd2297d9e0bdfb.html,2025.12.12,中山市人民政府,地方工作文件,2025.12.12
中央法规,国家矿山安全监察局综合司关于印发《金属非金属矿山智能化建设指南(2025年版)》的通知,https://www.pkulaw.com/chl/b09bbc209c8c3302bdfb.html,2025.12.11,国家矿山安全监察局,部门规章；部门工作文件,2025.12.11
中央法规,深圳证券交易所关于易方达中证科创创业人工智能交易型开放式指数证券投资基金上市交易的公告,https://www.pkulaw.com/chl/8f705a592357cdb1bdfb.html,2025.12.11,深圳证券交易所,行业规定,2025.12.11
地方法规,济南市工业和信息化局关于征集人工智能创新应用先进案例的通知,https://www.pkulaw.com/lar/c36e04ed27727d9aa1007187b4e9c78dbdfb.html,2025.12.11,济南市工业和信息化局,地方工作文件,2025.12.11
地方法规,龙岩市工业和信息化局关于公布2025年度龙岩市人工智能典型应用场景名单的通知,https://www.pkulaw.com/lar/55acc5ac6432bb92114cdadd0b0d4abdbdfb.html,2025.12.11,龙岩市工业和信息化局,地方工作文件,2025.12.11
地方法规,百色市人民政府办公室关于印发《百色市人工智能与数字经济高质量发展实施方案》的通知,https://www.pkulaw.com/lar/df7458b01150078762b8afba8a33a30fbdfb.html,2025.12.11,百色市人民政府,地方工作文件,2025.12.11
地方法规,山东省工业和信息化厅、中共山东省委网络安全和信息化委员会办公室、中共山东省委金融委员会办公室、山东省发展和改革委员会、山东省科学技术厅、山东省财政厅、山东省商务厅、山东省通信管理局关于印发《山东省人工智能产业高质量发展行动计划(2025―2027年)》的通知,https://www.pkulaw.com/lar/b061269d61a3e2bf76645bfca713230abdfb.html,2025.12.11,山东省通信管理局,地方工作文件,2025.12.11
中央法规,工业和信息化部办公厅、住房和城乡建设部办公厅、交通运输部办公厅、农业农村部办公厅、国家能源局综合司关于征集智能光伏典型案例的通知,https://www.pkulaw.com/chl/61711d822cda55cdbdfb.html,2025.12.10,国家能源局,部门规章；部门工作文件,2025.12.10
地方法规,北京市发展和改革委员会关于组织开展“人工智能+”能源试点申报工作的通知,https://www.pkulaw.com/lar/9f94a9b5fd3f08cf08e6125a6a72f378bdfb.html,2025.12.10,北京市发展和改革委员会,地方工作文件,2025.12.10
地方法规,天津市交通运输委、天津市工业和信息化局、天津市公安局关于发布天津经济技术开发区智能网联汽车测试道路的通告,https://www.pkulaw.com/lar/07cd67a014f7f5b104a378d587dc8a70bdfb.html,2025.12.10,天津市公安局,地方工作文件,2025.12.10
地方法规,天津市交通运输委、天津市工业和信息化局、天津市公安局关于发布天津市滨海新区智能网联汽车测试道路(三期)的通告,https://www.pkulaw.com/lar/c55b0ea4847745663530ab1a84681ad7bdfb.html,2025.12.10,天津市公安局,地方工作文件,2025.12.10
地方法规,鄂尔多斯市智能网联汽车发展促进条例,https://www.pkulaw.com/lar/de7dce3dd83e539bb8058f5ad862ff4ebdfb.html,2025.12.09,鄂尔多斯市人大(含常委会),地方性法规；设区的市地方性法规,2026.01.01
地方法规,绵阳市财政局、绵阳市经济和信息化局关于印发《绵阳市中小企业数字化转型城市试点专项资金管理办法》的通知,https://www.pkulaw.com/lar/34af26d78a5ae7873c9f6218566ee647bdfb.html,2025.12.09,绵阳市经济和信息化局,地方规范性文件,2026.01.05
中央法规,中国证监会国际合作司关于InSilico Medicine Cayman TopCo(英矽智能)境外发行上市备案通知书,https://www.pkulaw.com/chl/1b8b1c0443b053c9bdfb.html,2025.12.09,中国证券监督管理委员会,部门规章；部门工作文件,2025.12.09
地方法规,内蒙古自治区能源局转发国家能源局综合司关于组织开展“人工智能+”能源试点工作的通知,https://www.pkulaw.com/lar/4949dd5802f0becabd69033dfceb985fbdfb.html,2025.12.09,内蒙古自治区能源局,地方工作文件,2025.12.09
地方法规,海南省生态环境厅关于批复海南博能威重智能装备有限公司新建固定式和移动探伤项目环境影响报告表的函,https://www.pkulaw.com/lar/6e11fe4bf45ac4ac1ef0b7b1aaf038e3bdfb.html,2025.12.09,海南省生态环境厅,地方工作文件,2025.12.09
地方法规,北京市朝阳区人民政府北京市经济和信息化局关于印发《北京市朝阳区智能机器人产业创新应用三年行动计划(2026―2028年)》的通知,https://www.pkulaw.com/lar/a41ef26a365ca824d32559f5060331c9bdfb.html,2025.12.09,北京市朝阳区人民政府,地方工作文件,2025.12.09
中央法规,深圳证券交易所关于景顺长城中证科创创业人工智能交易型开放式指数证券投资基金上市交易的公告,https://www.pkulaw.com/chl/2a489258d7b4fd6fbdfb.html,2025.12.08,深圳证券交易所,行业规定,2025.12.08
中央法规,工业和信息化部、国家发展改革委、财政部、国务院国资委、市场监管总局、国家数据局关于印发《智能工厂梯度培育管理办法(暂行)》的通知,https://www.pkulaw.com/chl/1b8d59fee5f8786ebdfb.html,2025.12.08,国家数据局,部门规章；部门规范性文件,2025.12.08
地方法规,嘉善县人民政府办公室关于印发嘉善县推动人工智能高质量发展实施方案的通知,https://www.pkulaw.com/lar/5057b3a7fe23a334bab720412fe64a89bdfb.html,2025.12.08,嘉善县人民政府,地方工作文件,2025.12.08
地方法规,广东省能源局转发国家能源局综合司关于组织开展“人工智能+”能源试点工作的通知,https://www.pkulaw.com/lar/b1206ee467116d05f709dffecf106c72bdfb.html,2025.12.08,广东省能源局,地方工作文件,2025.12.08
地方法规,深圳市工业和信息化局关于发布2025年模型券(兑现)项目和国产人工智能生态源头创新中心(服务费用兑现)项目申请指南的通知,https://www.pkulaw.com/lar/926110356d0372d63ce052a34a2a8b5bbdfb.html,2025.12.08,深圳市工业和信息化局,地方工作文件,2025.12.08
中央法规,交通运输部关于云南省“昆明市交通运行智能化水平提升”交通强国建设试点任务的验收意见,https://www.pkulaw.com/chl/57e468f554095678bdfb.html,2025.12.05,交通运输部,部门规章；部门工作文件,2025.12.05
地方法规,安徽省能源局关于组织申报国家“人工智能+”能源高价值应用场景的通知,https://www.pkulaw.com/lar/c77c5c82a6ca4ea959cc9eb57e5d7b7bbdfb.html,2025.12.05,安徽省能源局,地方工作文件,2025.12.05
地方法规,池州市人民政府办公室关于印发池州市以新型技术改造推动制造业高端化智能化绿色化发展行动方案的通知,https://www.pkulaw.com/lar/3d70e3c37138c8a38ef0f2d20872c9f3bdfb.html,2025.12.05,池州市人民政府,地方工作文件,2025.12.05
地方法规,深圳市科技创新局关于面向深圳市人工智能、生物医药、高端医疗器械等领域企业开展科技伦理治理现状调研问卷的通知,https://www.pkulaw.com/lar/eb1631ead2f97cac2d144940da2ce1d9bdfb.html,2025.12.05,深圳市科技创新局,地方工作文件,2025.12.05
地方法规,南平市生态环境局关于批复福建建达集团新材料有限公司南平市建阳区复合纤维智能数字化改造提升项目环境影响报告表的函,https://www.pkulaw.com/lar/16d385873fa752192d1c951f6649a6c4bdfb.html,2025.12.05,南平市生态环境局,地方工作文件,2025.12.05
地方法规,武汉市自然资源和城乡建设局、武汉市发展和改革委员会、武汉市住房和城市更新局、武汉市科技创新局、武汉市财政局、中共武汉市委金融委员会办公室、武汉市人力资源和社会保障局、武汉市商务局关于进一步加快智能建造产业发展的通知,https://www.pkulaw.com/lar/2361fd91f71116b349461e702b750316bdfb.html,2025.12.05,武汉市商务局,地方规范性文件,2025.12.05
中央法规,深圳证券交易所关于永赢中证科创创业人工智能交易型开放式指数证券投资基金上市交易的公告,https://www.pkulaw.com/chl/e7840bf057ff1f61bdfb.html,2025.12.04,深圳证券交易所,行业规定,2025.12.04
地方法规,云南省智能网联汽车道路测试与示范应用管理办法(试行),https://www.pkulaw.com/lar/85e61116d21e2ba41f1c62dd52e746abbdfb.html,2025.12.04,云南省通信管理局,地方规范性文件,2025.12.04
地方法规,南宁市工业和信息化局转发关于开展人工智能典型案例征集工作的通知,https://www.pkulaw.com/lar/31a2f0d004a04c0e438316c607d7ce6bbdfb.html,2025.12.04,南宁市工业和信息化局,地方工作文件,2025.12.04
地方法规,辽宁省住房和城乡建设厅、辽宁省自然资源厅、辽宁省数据局关于印发《辽宁省“人工智能+城市”行动计划(2025―2027年)》的通知,https://www.pkulaw.com/lar/4f5fb19844b7d800431b1cd7e2f4311ebdfb.html,2025.12.04,辽宁省数据局,地方工作文件,2025.12.04
地方法规,舟山市经济和信息化局关于印发《舟山市“未来工厂”、智能工厂(数字化车间)评定流程》的通知,https://www.pkulaw.com/lar/4b05d10b7d67ce72dea60ad409547717bdfb.html,2025.12.03,舟山市经济和信息化局,地方规范性文件,2026.01.02
中央法规,上海证券交易所关于同意中国银河证券股份有限公司为华富中证人工智能产业交易型开放式指数证券投资基金提供一般做市服务的公告,https://www.pkulaw.com/chl/5409c6a45f8f09e6bdfb.html,2025.12.03,上海证券交易所,行业规定,2025.12.03
地方法规,广州市工业和信息化局转发关于开展2025年人工智能典型案例征集工作的通知,https://www.pkulaw.com/lar/3c96a8c2c3b4463a7bd624c80c9cfd1abdfb.html,2025.12.03,广州市工业和信息化局,地方工作文件,2025.12.03
地方法规,中山市工业和信息化局关于组织开展2025年人工智能典型案例征集工作的通知,https://www.pkulaw.com/lar/6feb4179f15d42f0b2c6835832e4d50fbdfb.html,2025.12.03,中山市工业和信息化局,地方工作文件,2025.12.03
地方法规,惠州市工业和信息化局关于开展2025年人工智能典型案例(国家级)征集工作的通知,https://www.pkulaw.com/lar/94067c13213c4c8265f7a7219dd6b5bebdfb.html,2025.12.03,惠州市工业和信息化局,地方工作文件,2025.12.03
地方法规,广州市商务局关于印发2025年全球智能机械与电子产品博览会特装搭建费用补助项目申报指南的通知,https://www.pkulaw.com/lar/2073c5926cb621a54fa4a2ca5c278a75bdfb.html,2025.12.03,广州市商务局,地方工作文件,2025.12.03
地方法规,横琴粤澳深度合作区关于转发《广东省工业和信息化厅关于开展2025年人工智能典型案例征集工作的通知》的通知,https://www.pkulaw.com/lar/c7360e6f959b21c8ab71b5d3c957c990bdfb.html,2025.12.03,横琴粤澳深度合作区经济发展局,地方工作文件,2025.12.03
地方法规,吉林省工业和信息化厅关于修订《吉林省数字化车间(生产线)、智能工厂和未来工厂培育认定实施细则(暂行)》的通知(2025),https://www.pkulaw.com/lar/0e786bac1922e51e81639873b185ba29bdfb.html,2025.12.03,吉林省工业和信息化厅,地方规范性文件,2025.12.03
地方法规,浙江省市场监督管理局、浙江省农业农村厅关于发布《浙江省食品安全数字化追溯管理重点品种及主体目录(2025年第二版)》的公告,https://www.pkulaw.com/lar/356f91ca333775c15a57d560b2f9cc90bdfb.html,2025.12.01,浙江省农业农村厅,地方工作文件,2026.01.01
地方法规,天津市促进智能网联汽车发展条例,https://www.pkulaw.com/lar/4f82b6aa00e309371ffc610ae367ef3abdfb.html,2025.11.28,天津市人大(含常委会),地方性法规；省级地方性法规,2026.01.01
地方法规,广汉市人民政府关于印发《关于支持德阳高新区智能传感产业高质量发展的若干政策(试行)》的通知,https://www.pkulaw.com/lar/06db1151722ec1e18baae04cab9e9619bdfb.html,2025.11.26,广汉市人民政府,地方规范性文件,2025.12.19
地方法规,威海市大数据局、威海市财政局关于印发《威海市深化新型智慧城市建设推进城市全域数字化转型专项资金使用管理实施细则》的通知,https://www.pkulaw.com/lar/951820760ee5993c6e1e0399672f8715bdfb.html,2025.11.12,威海市财政局,地方规范性文件,2026.01.01
地方法规,上海市住房和城乡建设管理委员会关于批准《建设工程数智化检测技术标准》为上海市工程建设规范的通知,https://www.pkulaw.com/lar/ae66b966421116a27d0e30e25c606d9cbdfb.html,2025.07.23,上海市住房和城乡建设管理委员会,地方工作文件,2026.02.01
地方法规,南充市人民政府办公室关于印发《南充市支持人工智能OPC创新发展行动计划(2026—2027年)》的通知,https://www.pkulaw.com/lar/e23c1df5b43c0680159aa52cc8290c58bdfb.html,2025.06.29,南充市人民政府,地方工作文件,2026.07.31
地方法规,深圳市工业和信息化局打造人工智能先锋城市项目扶持计划操作规程(2026年修订版),https://www.pkulaw.com/lar/9926a290f41cca0ca2e7d31dd0f5183abdfb.html,,深圳市工业和信息化局,地方规范性文件,2026.05.01
